num_exp,departamento,localidad,barrio,direccion,superficie,fecha_inic,fecha_fin,estado,lat,lng,avance_obra,clasificacion,criterio,tipo_vivienda,cant_dormitorios,observacion,id_familia,representante,cuit_org,nivel_riesgo,cluster,dias_activa
SIM-2025-0001,Jiménez,Añatuya,Villa Jardín,Diagonal 7 N° 3366,49,22-01-2025,,Iniciada,-28.451059,-62.843489,34,2a,Inclusion,Urbana,3,,1,"Sosa, Ian",30-70945612-8,medio,,583
SIM-2026-0002,Robles,Fernández,Palermo,Avenida Ciudad Autónoma de Buenos Aires N° 57,42,01-07-2026,,Iniciada,-27.899585,-63.891215,34,2a,Inclusion,Urbana,2,,2,"Maldonado, Lautaro",30-99812340-1,bajo,,58
SIM-2025-0003,Robles,Fernández,Los Aromos,Av. G. Brown N° 422,41,02-11-2025,,Iniciada,-27.898574,-63.873186,17,5a,Exclusion,Rural,2,,3,"Rodriguez, Camilo",30-68902314-5,alto,,299
SIM-2026-0004,Guasayán,El Charco,Autonomía,Calle J.J. Castelli N° 3991,41,06-03-2026,,Iniciada,-28.054234,-65.031342,2,1a,Inclusion,Urbana,3,,4,"Moreno, Franco",30-99765488-6,alto,,175
SIM-2025-0005,Capital,Santiago del Estero,Centenario,Calle J.M. de Rosas N° 202,32,26-06-2025,27-11-2025,Adjudicada,-27.790645,-64.295439,100,1a,Inclusion,Urbana,3,,5,"Franco, Juan Manuel",30-59804127-3,bajo,,154
SIM-2024-0006,Capital,Santiago del Estero,25 de Mayo,Diagonal San Miguel de Tucumán N° 186,46,12-01-2025,01-11-2025,Finalizada,-27.805121,-64.279231,83,4c,Otro,Económica,1,,6,"Coronel, Franco",30-99812340-1,bajo,,293
SIM-2024-0007,Silípica,Clodomira,Los Ejidos,Av. 6 N° 651,54,16-02-2025,05-07-2025,Finalizada,-27.587344,-64.158421,100,1a,Inclusion,Urbana,3,,7,"Lopez, Joaquin",30-70945612-8,bajo,,139
SIM-2025-0008,Jiménez,Añatuya,Santa Rosa,Calle Neuquén N° 78,34,26-06-2025,04-10-2025,Adjudicada,-28.464064,-62.839784,100,2a,Inclusion,Urbana,2,,8,"Roldan, Abril",30-59804127-3,bajo,,100
SIM-2026-0009,Banda,La Banda,Los Aromos,Diagonal Río Gallegos N° 4157,36,21-12-2024,25-05-2025,Finalizada,-27.744799,-64.238003,88,1a,Inclusion,Rural,3,,9,"Rodriguez, Valentin",30-70945612-8,bajo,,155
SIM-2025-0010,Aguirre,Nueva Esperanza,FONAVI,Avenida 3 N° 198,42,26-03-2025,,Avanzada,-27.645237,-62.428811,77,4b,Otro,Urbana,2,,10,"Maidana, Lourdes",30-99765488-6,medio,,520
SIM-2026-0011,Banda,La Banda,Palermo,Calle Formosa N° 91,44,20-02-2026,,Iniciada,-27.745831,-64.206659,25,3a,Inclusion,Urbana,2,,11,"Lopez, Catalina",30-99871205-4,alto,,189
SIM-2026-0012,Pellegrini,Tintina,Los Ejidos,Av. 2 N° 51,35,08-07-2026,,Iniciada,-27.053039,-62.701194,10,2b,Inclusion,Rural,1,,12,"Ledesma, Thiago Ezequiel",30-99812340-1,bajo,,51
SIM-2025-0013,Capital,Santiago del Estero,Santa Rosa,Calle J.B. Alberdi N° 17,35,02-09-2025,,Avanzada,-27.79124,-64.296274,36,5g,Exclusion,Urbana,1,,13,"Escobar, Juan Ignacio",30-70945612-8,medio,,360
SIM-2024-0014,Atamisqui,Villa Atamisqui,,Camino La Rioja N° 812,45,02-09-2025,19-12-2025,Finalizada,-28.477456,-63.807708,94,4c,Otro,Urbana,2,,14,"Paz, Nahiara",30-71782995-2,bajo,,108
SIM-2026-0015,Salavina,Los Telares,FONAVI,Diagonal Viedma N° 18,34,17-03-2025,31-08-2025,Adjudicada,-29.223082,-63.52542,100,2b,Inclusion,Urbana,1,,15,"Ayala, Candelaria",30-59804127-3,bajo,,167
SIM-2025-0016,Banda,La Banda,Rivadavia,Avenida 189 B N° 322,51,11-07-2026,,Avanzada,-27.747957,-64.248291,79,5d,Exclusion,Rural,1,,16,"Diaz, Ciro",30-71782995-2,bajo,,48
SIM-2026-0017,Aguirre,Nueva Esperanza,,Camino Ciudad Autónoma de Buenos Aires N° 555,46,19-04-2026,28-01-2027,Adjudicada,-27.645815,-62.449735,100,OT,Otro,Urbana,2,,17,"Roldan, Delfina",30-70945612-8,bajo,,284
SIM-2025-0018,Silípica,Clodomira,25 de Mayo,Av. 7 N° 56,48,08-12-2025,,Iniciada,-27.577931,-64.145185,4,4c,Otro,Rural,2,,18,"Suarez, Julieta",30-68902314-5,alto,,263
SIM-2026-0019,Choya,Frías,Villa Luján,Av. 6 N° 326,38,19-06-2025,30-08-2025,Finalizada,-28.629442,-65.120237,86,5d,Exclusion,Rural,3,,19,"Morales, Valentino",30-99903421-7,bajo,,72
SIM-2025-0020,Pellegrini,Tintina,Belgrano,Diagonal Mitre N° 54,51,19-03-2026,08-07-2026,Finalizada,-27.039566,-62.710037,82,2b,Inclusion,Urbana,2,,20,"Perez, Clara",30-99871205-4,bajo,,111
SIM-2026-0021,Moreno,Quimilí,San Martín,Calle Mendoza N° 9719,36,05-08-2026,,Iniciada,-27.646625,-62.416342,2,2a,Inclusion,Urbana,3,,21,"Maidana, Ana Paula",30-99871205-4,bajo,,23
SIM-2025-0022,Choya,Frías,Norte,Diagonal 3 N° 808,53,04-07-2025,14-10-2025,Adjudicada,-28.669532,-65.122375,100,2b,Inclusion,Urbana,3,,22,"Sanchez, Agustina",30-59804127-3,bajo,,102
SIM-2025-0023,Copo,Monte Quemado,Centro,Diag. Buenos Aires N° 881,47,31-10-2025,,Iniciada,-25.801296,-62.812936,3,1a,Inclusion,Urbana,2,,23,"Acosta, Lola",30-70945612-8,alto,,301
SIM-2025-0024,Robles,Fernández,25 de Mayo,Calle San Juan N° 637,55,07-02-2025,,Iniciada,-27.938612,-63.880495,27,5a,Exclusion,Urbana,2,,24,"Garcia, Guadalupe",30-68902314-5,alto,,567
SIM-2025-0025,Silípica,Clodomira,San Martín,Diag. Córdoba N° 995,30,21-02-2025,17-05-2025,Adjudicada,-27.571645,-64.104836,100,1a,Inclusion,Rural,1,,25,"Vega, Juan Bautista",30-71782995-2,bajo,,85
SIM-2024-0026,Aguirre,Nueva Esperanza,Villa Luján,Camino Entre Ríos N° 693,42,04-05-2025,,Iniciada,-27.637206,-62.416433,4,1a,Inclusion,Urbana,2,,26,"Rodriguez, Victoria",30-68902314-5,alto,,481
SIM-2025-0027,Capital,Santiago del Estero,FONAVI,Av. Güemes N° 48,42,11-02-2025,,Avanzada,-27.793348,-64.296776,71,5c,Exclusion,Rural,2,,27,"Torres, Juan David",30-99765488-6,medio,,563
SIM-2026-0028,Capital,Santiago del Estero,Sur,Diagonal J.J. Castelli N° 475,40,14-06-2026,,Iniciada,-27.788572,-64.234398,3,1a,Inclusion,Rural,2,,28,"Fernandez, Delfina",30-99765488-6,bajo,,75
SIM-2026-0029,Aguirre,Nueva Esperanza,Villa Luján,Avenida San Luis N° 6297,50,21-07-2025,26-04-2026,Finalizada,-27.666553,-62.427032,100,1a,Inclusion,Urbana,1,,29,"Lucero, Mateo Ezequiel",30-59804127-3,bajo,,279
SIM-2025-0030,Capital,Santiago del Estero,Los Aromos,Calle 4 N° 68,48,28-06-2025,12-12-2025,Adjudicada,-27.789082,-64.270536,100,2a,Inclusion,Rural,3,,30,"Gomez, Sofia",30-99903421-7,bajo,,167
SIM-2026-0031,Jiménez,Añatuya,4 de Junio,Camino Tucumán N° 257,39,03-04-2026,,Iniciada,-28.458253,-62.823564,4,2a,Inclusion,Urbana,3,,31,"Gonzalez, Valentino",30-71782995-2,alto,,147
SIM-2026-0032,Jiménez,Añatuya,Palermo,Diagonal 1 N° 13,34,21-08-2026,,Avanzada,-28.465898,-62.848058,58,1a,Inclusion,Urbana,2,,32,"Navarro, Oriana",30-70945612-8,bajo,,7
SIM-2026-0033,Banda,La Banda,Santa Rosa,Diag. Catamarca N° 8483,44,04-06-2026,,Avanzada,-27.72967,-64.235301,74,OT,Otro,Rural,3,,33,"Acosta, Martina",30-71782995-2,bajo,,85
SIM-2026-0034,Copo,Monte Quemado,25 de Mayo,Blv. Río Gallegos N° 924,41,25-06-2026,,Iniciada,-25.804223,-62.856477,6,4b,Otro,Económica,2,,34,"Escobar, Bautista",30-68902314-5,bajo,,64
SIM-2025-0035,Banda,La Banda,San Martín,Diagonal Bahía Blanca N° 2343,43,07-06-2026,,Avanzada,-27.741169,-64.254441,75,2a,Inclusion,Rural,1,,35,"Gonzalez, Abril",30-71782995-2,bajo,,82
SIM-2026-0036,Jiménez,Añatuya,Autonomía,Calle Jujuy N° 888,45,08-09-2025,27-05-2026,Finalizada,-28.452727,-62.807049,85,1a,Inclusion,Urbana,2,,36,"Garcia, Felipe",30-99765488-6,bajo,,261
SIM-2026-0037,Figueroa,Suncho Corral,Villa Jardín,Avenida 9 N° 9728,31,21-08-2026,,Avanzada,-28.553364,-63.44434,38,1a,Inclusion,Económica,3,,37,"Lopez, Santino",30-99871205-4,bajo,,7
SIM-2025-0038,Choya,Frías,Los Aromos,Diagonal 5 N° 7759,61,03-03-2025,,Avanzada,-28.648477,-65.135916,38,1a,Inclusion,Urbana,1,,38,"Juarez, Isabella",30-99871205-4,medio,,543
SIM-2025-0039,Figueroa,Suncho Corral,Villa del Parque,Avenida Merlo N° 559,44,22-02-2025,19-05-2025,Finalizada,-28.561462,-63.437572,100,2a,Inclusion,Rural,1,,39,"Rodriguez, Santino",30-59804127-3,bajo,,86
SIM-2024-0040,Rivadavia,Pinto,25 de Mayo,Calle 7 N° 795,49,21-09-2025,13-04-2026,Finalizada,-29.174036,-61.876429,100,5b,Exclusion,Urbana,3,,40,"Lucero, Santino",30-59804127-3,bajo,,204
SIM-2024-0041,Capital,Santiago del Estero,Villa Hogar,Av. 4 N° 9672,54,25-06-2025,17-12-2025,Finalizada,-27.780761,-64.277369,94,2a,Inclusion,Urbana,2,,41,"Leiva, Isabella",30-99871205-4,bajo,,175
SIM-2023-0042,Ojo de Agua,Ojo de Agua,Catamarca,Diagonal Córdoba N° 78,59,13-10-2023,21-02-2024,Adjudicada,-29.534233,-63.686437,100,2a,Inclusion,Rural,2,,42,"Peralta, Sol",30-99903421-7,bajo,,131
SIM-2026-0043,Jiménez,Añatuya,Villa Jardín,Av. Catamarca N° 920,45,30-07-2026,,Avanzada,-28.47783,-62.851193,52,5e,Exclusion,Urbana,1,,43,"Coronel, Martina",30-68902314-5,bajo,,29
SIM-2026-0044,Rivadavia,Pinto,Villa Luján,Av. 8 N° 1747,44,29-07-2026,,Iniciada,-29.162063,-61.924912,32,1a,Inclusion,Urbana,3,,44,"Ayala, Juan Gabriel",30-70945612-8,bajo,,30
SIM-2025-0045,Atamisqui,Villa Atamisqui,San Jorge,Av. San Ferando del Valle de Catamarca N° 857,38,08-02-2025,,Iniciada,-28.500121,-63.812475,12,1a,Inclusion,Urbana,2,,45,"Fernandez, Bautista",30-99871205-4,alto,,566
SIM-2025-0046,Capital,Santiago del Estero,Santa Rosa,Calle Constitución N° 795,42,14-02-2025,04-09-2025,Finalizada,-27.767101,-64.275099,89,2a,Inclusion,Urbana,3,,46,"Perez, Guadalupe",30-99903421-7,bajo,,202
SIM-2025-0047,Robles,Fernández,Los Ejidos,Avenida 2 N° 266,46,24-12-2025,,Avanzada,-27.912357,-63.909156,79,2a,Inclusion,Urbana,2,,47,"Roldan, Valentino",30-68902314-5,medio,,247
SIM-2025-0048,Choya,Frías,4 de Junio,Av. J.B. Alberdi N° 948,45,03-10-2025,,Avanzada,-28.624471,-65.165935,74,OT,Otro,Urbana,2,,48,"Sosa, Jazmín",30-99871205-4,medio,,329
SIM-2024-0049,Robles,Fernández,Villa Hogar,Avenida 3 N° 85,35,21-11-2025,27-06-2026,Finalizada,-27.922322,-63.872927,85,2b,Inclusion,Rural,1,,49,"Acosta, Julian",30-70945612-8,bajo,,218
SIM-2024-0050,Choya,Frías,Los Aromos,Avenida Río Negro N° 9948,46,21-03-2026,01-08-2026,Finalizada,-28.671768,-65.127605,100,2a,Inclusion,Rural,3,,50,"Vega, Helena",30-59804127-3,bajo,,133
SIM-2025-0051,Capital,Santiago del Estero,Norte,Calle 4 N° 823,39,17-03-2025,,Iniciada,-27.790491,-64.254764,12,5e,Exclusion,Rural,3,,51,"Torres, Juliana",30-99812340-1,alto,,529
SIM-2026-0052,Robles,Fernández,Villa del Parque,Avenida 1 N° 537,39,22-04-2025,11-08-2025,Adjudicada,-27.922819,-63.881725,100,4b,Otro,Rural,1,,52,"Martinez, Catalina",30-59804127-3,bajo,,111
SIM-2023-0053,Copo,Monte Quemado,4 de Junio,Blv. 4 N° 92,36,18-01-2026,,Iniciada,-25.766416,-62.822471,3,2b,Inclusion,Rural,1,,53,"Duarte, Lucía",30-68902314-5,alto,,222
SIM-2025-0054,Jiménez,Añatuya,Villa del Parque,Calle Córdoba N° 896,50,16-04-2025,18-11-2025,Adjudicada,-28.448182,-62.858544,100,3a,Inclusion,Económica,1,,54,"Ledesma, Abigail",30-99765488-6,bajo,,216
SIM-2025-0055,Mitre,Bandera,Malvinas,Diag. 3 N° 719,51,05-10-2025,,Avanzada,-29.253145,-62.282772,69,2a,Inclusion,Urbana,3,,55,"Godoy, Francisco",30-99765488-6,medio,,327
SIM-2025-0056,Banda,La Banda,FONAVI,Calle Tierra del Fuego N° 711,57,15-06-2025,,Iniciada,-27.72757,-64.225203,5,4b,Otro,Urbana,2,,56,"Aguero, Santino Nicolas",30-68902314-5,alto,,439
SIM-2025-0057,Banda,La Banda,Centro,Avenida J.B. Alberdi N° 9591,38,19-07-2025,05-05-2026,Finalizada,-27.739417,-64.253567,94,4b,Otro,Urbana,2,,57,"Mendoza, Juan Ignacio",30-99812340-1,bajo,,290
SIM-2025-0058,Capital,Santiago del Estero,Norte,Avenida Misiones N° 687,46,14-04-2025,,Avanzada,-27.809685,-64.262388,72,5b,Exclusion,Rural,3,,58,"Diaz, Martina",30-99812340-1,medio,,501
SIM-2025-0059,Capital,Santiago del Estero,Norte,Av. Corrientes N° 76,44,27-01-2026,17-07-2026,Finalizada,-27.79002,-64.246111,100,4c,Otro,Rural,1,,59,"Martinez, Lucas Ezequiel",30-59804127-3,bajo,,171
SIM-2025-0060,Capital,Santiago del Estero,FONAVI,Diagonal 4 N° 688,63,12-03-2025,,Avanzada,-27.768836,-64.265764,46,1a,Inclusion,Urbana,3,,60,"Campos, Bautista",30-99765488-6,medio,,534
SIM-2026-0061,Pellegrini,Tintina,4 de Junio,Diagonal Saavedra N° 897,37,07-12-2025,,Iniciada,-27.022738,-62.731429,15,5b,Exclusion,Rural,3,,61,"Acosta, Martina",30-68902314-5,alto,,264
SIM-2026-0062,Capital,Santiago del Estero,25 de Mayo,Diagonal Constitución N° 993,49,16-01-2026,,Iniciada,-27.786315,-64.265022,17,2a,Inclusion,Urbana,2,,62,"Paz, Alma Mia",30-99812340-1,alto,,224
SIM-2026-0063,Ojo de Agua,Ojo de Agua,Belgrano,Av. Río Negro N° 101,38,28-07-2026,,Avanzada,-29.500482,-63.698311,69,4c,Otro,Urbana,1,,63,"Gimenez, Benjamin",30-71782995-2,bajo,,31
SIM-2025-0064,Guasayán,El Charco,Centenario,Blv. J.B. Alberdi N° 2424,50,17-01-2025,,Iniciada,-28.091267,-65.031037,13,1a,Inclusion,Urbana,2,,64,"Sosa, Pilar",30-99765488-6,alto,,588
SIM-2026-0065,Banda,La Banda,Rivadavia,Av. Misiones N° 6838,45,14-05-2026,,Avanzada,-27.731146,-64.262423,46,4a,Otro,Económica,3,,65,"Arias, Juan Manuel",30-99903421-7,medio,,106
SIM-2024-0066,Moreno,Quimilí,Villa Jardín,Camino 9 N° 408,45,01-01-2024,31-08-2024,Adjudicada,-27.631064,-62.428909,100,3a,Inclusion,Rural,2,,66,"Martinez, Lorenzo",30-70945612-8,bajo,,243
SIM-2024-0067,Figueroa,Suncho Corral,Catamarca,Boulevard 8 N° 538,47,01-08-2026,,Avanzada,-28.556952,-63.463573,73,1a,Inclusion,Rural,1,,67,"Roldan, Valentino",30-71782995-2,bajo,,27
SIM-2024-0068,Choya,Frías,San Jorge,Av. San Juan N° 688,51,22-02-2025,20-09-2025,Finalizada,-28.637906,-65.117505,95,1a,Inclusion,Rural,2,,68,"Diaz, Agustín",30-70945612-8,bajo,,210
SIM-2023-0069,Rivadavia,Pinto,Los Ejidos,Camino 1 N° 626,48,19-06-2025,17-01-2026,Finalizada,-29.177798,-61.913881,96,5f,Otro,Rural,2,,69,"Martinez, Alma Jazmin",30-99903421-7,bajo,,212
SIM-2026-0070,Copo,Monte Quemado,25 de Mayo,Diagonal Rivadavia N° 402,71,06-07-2026,,Avanzada,-25.790752,-62.821729,51,2b,Inclusion,Urbana,3,,70,"Gomez, Uma ",30-70945612-8,bajo,,53
SIM-2026-0071,Atamisqui,Villa Atamisqui,Norte,Diagonal Belgrano N° 715,51,18-05-2025,,Iniciada,-28.470724,-63.80056,5,2b,Inclusion,Rural,2,,71,"Gonzalez, Alfonsina",30-68902314-5,alto,,467
SIM-2025-0072,Capital,Santiago del Estero,Sur,Camino 6 N° 6038,49,05-08-2026,,Avanzada,-27.783275,-64.266675,58,2a,Inclusion,Rural,3,,72,"Martinez, Juana",30-71782995-2,bajo,,23
SIM-2025-0073,Guasayán,El Charco,Belgrano,Avenida Chilecito N° 15,41,12-11-2025,,Iniciada,-28.077911,-65.027263,31,4b,Otro,Urbana,3,,73,"Silva, Constanza",30-99765488-6,medio,,289
SIM-2025-0074,Capital,Santiago del Estero,San Jorge,Diagonal La Rioja N° 239,31,14-11-2025,,Iniciada,-27.793526,-64.219336,33,4b,Otro,Urbana,2,,74,"Sanchez, Morena Jazmin",30-99871205-4,medio,,287
SIM-2026-0075,Pellegrini,Tintina,Rivadavia,Diagonal 3 N° 268,41,09-07-2026,,Avanzada,-27.021647,-62.745029,48,2a,Inclusion,Urbana,2,,75,"Maidana, Milo",30-99871205-4,bajo,,50
SIM-2025-0076,Mitre,Bandera,Los Aromos,Blv. G. Brown N° 647,36,15-08-2025,23-12-2025,Adjudicada,-29.254399,-62.266843,100,4b,Otro,Urbana,3,,76,"Martinez, Catalina",30-70945612-8,bajo,,130
SIM-2026-0077,Banda,La Banda,Centenario,Diagonal Santiago del Estero N° 205,39,14-07-2026,,Avanzada,-27.747875,-64.227767,39,2a,Inclusion,Rural,2,,77,"Gutierrez, Octavio",30-99903421-7,bajo,,45
SIM-2025-0078,Guasayán,El Charco,4 de Junio,Diagonal Ushuaia N° 164,39,24-01-2026,08-05-2026,Finalizada,-28.060104,-65.02218,95,4c,Otro,Urbana,2,,78,"Acosta, Renzo",30-99765488-6,bajo,,104
SIM-2025-0079,Banda,La Banda,San Martín,Avenida Rosario N° 82,30,18-11-2025,02-02-2026,Adjudicada,-27.696409,-64.228589,100,2a,Inclusion,Rural,2,,79,"Acosta, Juan Ignacio",30-99765488-6,bajo,,76
SIM-2025-0080,Moreno,Quimilí,Autonomía,Av. Pte. Perón N° 18,50,03-03-2026,16-05-2026,Finalizada,-27.634644,-62.424912,87,1a,Inclusion,Rural,1,,80,"Acuña, Benjamin",30-70945612-8,bajo,,74
SIM-2023-0081,General Taboada,Añatuya,Villa Jardín,Av. San Salvador de Jujuy N° 77,48,13-03-2026,18-08-2026,Finalizada,-28.485265,-62.831065,94,5f,Otro,Urbana,2,,81,"Aguero, Francisco",30-99903421-7,bajo,,158
SIM-2026-0082,Pellegrini,Tintina,25 de Mayo,Avenida 3 N° 68,42,12-09-2025,13-05-2026,Finalizada,-27.018416,-62.737605,100,4a,Otro,Rural,3,,82,"Garcia, Luz Maria",30-59804127-3,bajo,,243
SIM-2025-0083,Jiménez,Añatuya,Centro,Avenida 9 N° 587,56,16-05-2025,,Iniciada,-28.468549,-62.85276,30,1a,Inclusion,Urbana,2,,83,"Ledesma, Maximiliano",30-99903421-7,medio,,469
SIM-2025-0084,Banda,La Banda,San Jorge,Av. Santa Cruz N° 1359,50,03-08-2025,15-04-2026,Finalizada,-27.72771,-64.262696,100,4b,Otro,Urbana,3,,84,"Gonzalez, Franco",30-59804127-3,bajo,,255
SIM-2026-0085,Capital,Santiago del Estero,4 de Junio,Diagonal Bahía Blanca N° 889,33,22-07-2026,,Iniciada,-27.756801,-64.242416,19,1a,Inclusion,Urbana,2,,85,"Rodriguez, Lisandro",30-99903421-7,bajo,,37
SIM-2025-0086,Capital,Santiago del Estero,Los Ejidos,Av. Saavedra N° 283,39,31-08-2025,23-04-2026,Finalizada,-27.803716,-64.238196,94,4b,Otro,Económica,2,,86,"Ferreyra, Juan Sebastian",30-70945612-8,bajo,,235
SIM-2025-0087,Capital,Santiago del Estero,Santa Rosa,Avenida La Plata N° 39,38,17-07-2026,,Avanzada,-27.787011,-64.247057,69,2a,Inclusion,Urbana,2,,87,"Ojeda, Valentino",30-71782995-2,bajo,,42
SIM-2026-0088,Ojo de Agua,Ojo de Agua,Villa Jardín,Av. Jujuy N° 66,37,06-03-2026,,Avanzada,-29.510071,-63.755343,53,4c,Otro,Urbana,2,,88,"Fernandez, Valentino",30-68902314-5,medio,,175
SIM-2023-0089,Robles,Fernández,La Reducción,Boulevard Córdoba N° 19,55,15-01-2026,12-04-2026,Finalizada,-27.931546,-63.90946,83,5d,Exclusion,Urbana,2,,89,"Mansilla, Lucas",30-68902314-5,bajo,,87
SIM-2026-0090,Robles,Fernández,25 de Mayo,Camino Entre Ríos N° 27,45,01-07-2026,,Avanzada,-27.952743,-63.894921,41,4b,Otro,Urbana,3,,90,"Gonzalez, Thiago",30-99871205-4,bajo,,58
SIM-2024-0091,Banda,La Banda,Centro,Calle 5 N° 69,52,07-01-2024,22-08-2024,Adjudicada,-27.709057,-64.265846,100,2a,Inclusion,Urbana,1,,91,"Fernandez, Guillermina",30-99812340-1,bajo,,228
SIM-2026-0092,Capital,Santiago del Estero,Villa Hogar,Av. 5 N° 6192,47,29-05-2025,,Iniciada,-27.794816,-64.278667,18,4c,Otro,Rural,3,,92,"Campos, Mateo",30-68902314-5,alto,,456
SIM-2025-0093,Robles,Fernández,Autonomía,Calle Rivadavia N° 398,44,02-09-2024,08-06-2025,Finalizada,-27.923417,-63.897804,85,1a,Inclusion,Económica,3,,93,"Herrera, Helena",30-99903421-7,bajo,,279
SIM-2025-0094,Capital,Santiago del Estero,Norte,Calle Belgrano N° 985,49,02-01-2026,,Iniciada,-27.801936,-64.258957,19,2a,Inclusion,Rural,2,,94,"Gomez, Milena",30-68902314-5,alto,,238
SIM-2025-0095,Aguirre,Nueva Esperanza,Villa Luján,Diagonal Santiago del Estero N° 333,59,15-01-2026,,Avanzada,-27.623452,-62.440281,50,4b,Otro,Urbana,2,,95,"Chavez, Bianca",30-68902314-5,medio,,225
SIM-2025-0096,Capital,Santiago del Estero,Sur,Boulevard 5 N° 63,48,01-10-2025,,Avanzada,-27.830138,-64.263732,62,4c,Otro,Urbana,2,,96,"Chavez, Ignacio",30-99871205-4,medio,,331
SIM-2025-0097,Banda,La Banda,Autonomía,Av. San Martin N° 4767,43,24-03-2025,,Iniciada,-27.729942,-64.251209,9,4b,Otro,Rural,2,,97,"Castro, Simon",30-99765488-6,alto,,522
SIM-2025-0098,Silípica,Clodomira,Palermo,Av. San Juan N° 95,50,26-10-2025,,Iniciada,-27.579874,-64.143609,15,4c,Otro,Urbana,1,,98,"Guzman, Pedro",30-99812340-1,alto,,306
SIM-2025-0099,Salavina,Los Telares,Norte,Diag. J.B. Alberdi N° 35,50,03-08-2025,,Avanzada,-29.214574,-63.532472,78,2a,Inclusion,Urbana,1,,99,"Gonzalez, Francisco",30-68902314-5,medio,,390
SIM-2026-0100,Rivadavia,Pinto,Belgrano,Calle Mar del Plata N° 1490,48,20-04-2026,,Iniciada,-29.147469,-61.882368,6,5d,Exclusion,Urbana,2,,100,"Castillo, Juan Pablo",30-99765488-6,alto,,130
SIM-2025-0101,Mitre,Bandera,Malvinas,Diagonal Posadas N° 927,49,07-11-2025,,Avanzada,-29.288922,-62.278083,57,4b,Otro,Urbana,2,,101,"Fernandez, Victoria",30-99812340-1,medio,,294
SIM-2026-0102,Capital,Santiago del Estero,Los Ejidos,Av. 1 N° 246,45,14-05-2026,,Iniciada,-27.784013,-64.261376,31,4b,Otro,Urbana,1,,102,"Gutierrez, Tomàs",30-71782995-2,medio,,106
SIM-2026-0103,Capital,Santiago del Estero,4 de Junio,Av. 2 N° 4953,48,11-09-2024,21-05-2025,Finalizada,-27.772002,-64.271648,83,5c,Exclusion,Económica,3,,103,"Rodriguez, Mia Valentina",30-70945612-8,bajo,,252
SIM-2025-0104,Capital,Santiago del Estero,Palermo,Calle 4 N° 196,52,03-03-2026,,Avanzada,-27.798639,-64.264918,44,1a,Inclusion,Urbana,2,,104,"Sosa, Juana",30-68902314-5,medio,,178
SIM-2025-0105,Choya,Frías,Norte,Diagonal Rivadavia N° 63,53,30-06-2024,27-03-2025,Finalizada,-28.633143,-65.122357,100,5f,Otro,Urbana,2,,105,"Rodriguez, Emma",30-59804127-3,bajo,,270
SIM-2026-0106,Aguirre,Nueva Esperanza,Santa Rosa,Camino Mar del Plata N° 9674,42,17-06-2026,,Iniciada,-27.651622,-62.405725,29,2b,Inclusion,Urbana,2,,106,"Rivero, Joaquín",30-99903421-7,bajo,,72
SIM-2025-0107,Choya,Frías,Villa Hogar,Camino 6 N° 333,45,08-01-2025,,Iniciada,-28.642165,-65.139343,16,5c,Exclusion,Económica,2,,107,"Ruiz, Ian Ezequiel",30-99765488-6,alto,,597
SIM-2025-0108,Capital,Santiago del Estero,Santa Rosa,Calle Viedma N° 78,59,11-10-2025,,Avanzada,-27.784287,-64.275728,54,2b,Inclusion,Urbana,2,,108,"Fernandez, Santino",30-71782995-2,medio,,321
SIM-2025-0109,Robles,Fernández,Palermo,Av. 1 N° 760,52,04-07-2025,,Iniciada,-27.945108,-63.908855,31,5a,Exclusion,Rural,1,,109,"Torres, Joaquin",30-99903421-7,medio,,420
SIM-2026-0110,Moreno,Quimilí,Malvinas,Av. 8 N° 325,48,16-12-2025,,Iniciada,-27.62375,-62.401766,8,4a,Otro,Rural,3,,110,"Gonzalez, Facundo",30-68902314-5,alto,,255
SIM-2024-0111,Capital,Santiago del Estero,Villa Hogar,Avenida J.J. Castelli N° 944,45,23-10-2025,26-04-2026,Finalizada,-27.79522,-64.277151,84,1a,Inclusion,Rural,2,,111,"Alvarez, Francisco",30-70945612-8,bajo,,185
SIM-2025-0112,Banda,La Banda,Villa del Parque,Boulevard Saavedra N° 419,43,09-02-2025,,Avanzada,-27.747189,-64.222448,68,2a,Inclusion,Rural,1,,112,"Campos, Gael",30-99903421-7,medio,,565
SIM-2026-0113,Banda,La Banda,San Martín,Diagonal Neuquén N° 35,47,02-10-2025,08-07-2026,Finalizada,-27.749859,-64.245785,83,2b,Inclusion,Rural,3,,113,"Maidana, Mateo Benjamin",30-99765488-6,bajo,,279
SIM-2025-0114,Capital,Santiago del Estero,Villa Luján,Blv. G. Brown N° 8623,46,16-04-2025,17-01-2026,Adjudicada,-27.805147,-64.2758,100,5a,Exclusion,Rural,1,,114,"Campos, Agustín",30-70945612-8,bajo,,276
SIM-2026-0115,Capital,Santiago del Estero,Rivadavia,Calle Santa Rosa N° 4839,41,06-01-2026,,Avanzada,-27.790591,-64.270125,76,2b,Inclusion,Rural,3,,115,"Soria, Victoria",30-99871205-4,medio,,234
SIM-2025-0116,Figueroa,Suncho Corral,Malvinas,Avenida Ciudad Autónoma de Buenos Aires N° 847,34,30-05-2025,,Avanzada,-28.553823,-63.469066,77,4a,Otro,Económica,2,,116,"Diaz, Luz Maria",30-70945612-8,medio,,455
SIM-2025-0117,Ojo de Agua,Ojo de Agua,Rivadavia,Calle 3 N° 2659,46,27-07-2025,04-10-2025,Adjudicada,-29.521932,-63.700842,100,2a,Inclusion,Urbana,2,,117,"Soto, Delfina",30-99765488-6,bajo,,69
SIM-2024-0118,Capital,Santiago del Estero,San Jorge,Calle La Rioja N° 952,43,05-02-2026,,Avanzada,-27.768444,-64.245562,43,1a,Inclusion,Urbana,3,,118,"Perez, Agustin",30-68902314-5,medio,,204
SIM-2024-0119,Jiménez,Añatuya,4 de Junio,Diagonal Entre Ríos N° 415,44,08-01-2026,05-07-2026,Adjudicada,-28.460342,-62.859046,100,4a,Otro,Económica,2,,119,"Diaz, Emilia",30-59804127-3,bajo,,178
SIM-2025-0120,Robles,Fernández,Villa Luján,Avenida Belgrano N° 9736,38,26-06-2026,,Avanzada,-27.932196,-63.881191,83,2a,Inclusion,Económica,2,,120,"Castillo, Benjamin",30-71782995-2,bajo,,63
SIM-2025-0121,Banda,La Banda,La Reducción,Av. J.M. de Rosas N° 8287,43,23-06-2026,,Avanzada,-27.725652,-64.212411,67,5c,Exclusion,Rural,2,,121,"Farias, Agustin",30-71782995-2,bajo,,66
SIM-2026-0122,Banda,La Banda,La Reducción,Calle Ciudad Autónoma de Buenos Aires N° 82,41,16-05-2026,26-07-2026,Finalizada,-27.727769,-64.227577,100,3a,Inclusion,Urbana,3,,122,"Olivera, Alma",30-59804127-3,bajo,,71
SIM-2024-0123,General Taboada,Añatuya,Villa del Parque,Diagonal J.J. Castelli N° 9881,45,07-07-2025,12-09-2025,Finalizada,-28.466966,-62.828773,97,3a,Inclusion,Urbana,1,,123,"Castillo, Tomas",30-99903421-7,bajo,,67
SIM-2025-0124,Capital,Santiago del Estero,Villa del Parque,Boulevard Chubut N° 4986,47,31-12-2025,29-07-2026,Adjudicada,-27.808914,-64.260559,100,1a,Inclusion,Urbana,3,,124,"Rodriguez, Santiago",30-71782995-2,bajo,,210
SIM-2025-0125,Banda,La Banda,4 de Junio,Diagonal Alvear N° 976,59,16-03-2025,,Iniciada,-27.708879,-64.222733,23,2b,Inclusion,Urbana,2,,125,"Fernandez, Lautaro Nicolas",30-70945612-8,alto,,530
SIM-2024-0126,Silípica,Clodomira,Malvinas,Calle Jujuy N° 845,45,20-08-2024,01-03-2025,Adjudicada,-27.584812,-64.117298,100,1a,Inclusion,Rural,1,,126,"Castillo, Paulina",30-99765488-6,bajo,,193
SIM-2025-0127,Rivadavia,Pinto,San Martín,Calle J.J. Castelli N° 1955,38,10-02-2025,,Iniciada,-29.113584,-61.911549,28,2b,Inclusion,Urbana,3,,127,"Martinez, Tomàs",30-70945612-8,alto,,564
SIM-2025-0128,Banda,La Banda,4 de Junio,Av. Bahía Blanca N° 56,40,19-07-2025,,Iniciada,-27.745789,-64.27823,24,1a,Inclusion,Rural,2,,128,"Cabrera, Guadalupe",30-99903421-7,alto,,405
SIM-2026-0129,Silípica,Clodomira,San Jorge,Calle 2 N° 359,46,13-09-2025,16-11-2025,Finalizada,-27.584664,-64.130293,100,5f,Otro,Urbana,3,,129,"Cardozo, Francisco",30-59804127-3,bajo,,64
SIM-2026-0130,Silípica,Clodomira,Santa Rosa,Avenida Viedma N° 56,40,22-06-2026,,Iniciada,-27.537229,-64.115892,27,2a,Inclusion,Urbana,2,,130,"Diaz, Delfina",30-99871205-4,bajo,,67
SIM-2023-0131,Banda,La Banda,Rivadavia,Calle 9 N° 4931,35,06-10-2023,26-12-2023,Adjudicada,-27.751171,-64.231145,100,4b,Otro,Urbana,2,,131,"Ortiz, Agostina",30-99812340-1,bajo,,81
SIM-2025-0132,Mitre,Bandera,San Jorge,Diagonal Salta N° 230,41,27-04-2025,,Avanzada,-29.241034,-62.24677,78,1a,Inclusion,Urbana,1,,132,"Peralta, Máximo",30-70945612-8,medio,,488
SIM-2025-0133,Banda,La Banda,Catamarca,Diagonal Ciudad Autónoma de Buenos Aires N° 9782,43,12-01-2026,12-05-2026,Finalizada,-27.765836,-64.21563,99,4c,Otro,Rural,3,,133,"Maidana, Helena",30-99903421-7,bajo,,120
SIM-2026-0134,Capital,Santiago del Estero,Rivadavia,Avenida Río Negro N° 22,40,13-04-2026,,Avanzada,-27.772719,-64.2897,71,1a,Inclusion,Urbana,3,,134,"Torres, Valentino",30-99871205-4,medio,,137
SIM-2025-0135,General Taboada,Añatuya,Los Ejidos,Calle San Miguel de Tucumán N° 974,41,17-06-2026,,Avanzada,-28.470906,-62.828154,63,5f,Otro,Rural,1,,135,"Arias, Benicio",30-71782995-2,bajo,,72
SIM-2024-0136,Aguirre,Nueva Esperanza,Belgrano,Avenida Alvear N° 449,43,06-11-2024,05-03-2025,Finalizada,-27.640789,-62.437217,90,2a,Inclusion,Urbana,3,,136,"Nuñez, Emilia",30-99871205-4,bajo,,119
SIM-2025-0137,Capital,Santiago del Estero,Villa Luján,Camino Belgrano N° 754,49,20-12-2025,04-04-2026,Finalizada,-27.792835,-64.25174,100,4b,Otro,Urbana,3,,137,"Rodriguez, Bautista",30-59804127-3,bajo,,105
SIM-2025-0138,Robles,Fernández,FONAVI,Avenida Córdoba N° 4862,53,06-07-2026,,Avanzada,-27.947244,-63.914614,91,2a,Inclusion,Rural,3,,138,"Gonzalez, Emilia",30-71782995-2,bajo,,53
SIM-2025-0139,Capital,Santiago del Estero,San Jorge,Av. 6 N° 454,55,31-12-2025,15-07-2026,Finalizada,-27.789018,-64.274473,99,4b,Otro,Urbana,3,,139,"Castillo, Maria Victoria",30-99765488-6,bajo,,196
SIM-2023-0140,Banda,La Banda,Sur,Diagonal Tierra del Fuego N° 566,44,21-08-2025,29-10-2025,Finalizada,-27.732918,-64.218773,98,1a,Inclusion,Urbana,2,,140,"Diaz, Luna",30-99765488-6,bajo,,69
SIM-2026-0141,Jiménez,Añatuya,25 de Mayo,Calle Tucumán N° 96,42,20-09-2025,,Iniciada,-28.422907,-62.809404,15,2a,Inclusion,Rural,2,,141,"Correa, Thiago Ezequiel",30-68902314-5,alto,,342
SIM-2025-0142,Banda,La Banda,San Martín,Calle Omar Nuñez N° 88,54,02-07-2025,,Iniciada,-27.717512,-64.228383,14,2b,Inclusion,Urbana,2,,142,"Correa, Juan Manuel",30-99871205-4,alto,,422
SIM-2026-0143,Robles,Fernández,Villa Jardín,Diagonal San Ferando del Valle de Catamarca N° 831,51,14-01-2026,03-08-2026,Finalizada,-27.944369,-63.874651,98,2b,Inclusion,Urbana,2,,143,"Diaz, Joaquin",30-99812340-1,bajo,,201
SIM-2023-0144,Robles,Fernández,Centenario,Camino 151 B N° 699,30,25-04-2026,02-08-2026,Finalizada,-27.958657,-63.908299,99,2a,Inclusion,Urbana,1,,144,"Lopez, Santino Agustin",30-99765488-6,bajo,,99
SIM-2025-0145,Aguirre,Nueva Esperanza,,Avenida Saavedra N° 57,55,10-09-2025,,Iniciada,-27.656849,-62.405084,25,OT,Otro,Urbana,2,,145,"Lopez, Santino Nicolas",30-99903421-7,alto,,352
SIM-2025-0146,Banda,La Banda,,Boulevard Jujuy N° 46,34,16-06-2025,,Iniciada,-27.733666,-64.210685,22,1a,Inclusion,Urbana,2,,146,"Garcia, Luz Milagros",30-99871205-4,alto,,438
SIM-2026-0147,Guasayán,El Charco,Malvinas,Av. 1 N° 97,47,27-06-2025,,Iniciada,-28.094661,-65.024,17,1a,Inclusion,Urbana,2,,147,"Diaz, Lautaro Benjamin",30-68902314-5,alto,,427
SIM-2024-0148,Capital,Santiago del Estero,Malvinas,Blv. 8 N° 680,43,12-06-2024,06-01-2025,Adjudicada,-27.795589,-64.298214,100,4a,Otro,Urbana,2,,148,"Fernandez, Lorenzo",30-99871205-4,bajo,,208
SIM-2026-0149,Banda,La Banda,Villa Hogar,Diagonal Pte. Perón N° 546,47,08-02-2026,,Avanzada,-27.75848,-64.227946,58,2b,Inclusion,Rural,3,,149,"Navarro, Mia Morena",30-70945612-8,medio,,201
SIM-2025-0150,Silípica,Clodomira,4 de Junio,Blv. Neuquén N° 56,37,01-06-2025,,Iniciada,-27.587918,-64.14225,5,2a,Inclusion,Urbana,3,,150,"Suarez, Miguel Angel",30-99812340-1,alto,,453
SIM-2023-0151,Moreno,Quimilí,Los Ejidos,Av. 2 N° 379,37,08-10-2023,01-05-2024,Adjudicada,-27.639128,-62.395807,100,4c,Otro,Urbana,1,,151,"Godoy, Valentina",30-99871205-4,bajo,,206
SIM-2026-0152,Silípica,Clodomira,Centro,Blv. Ushuaia N° 644,38,26-06-2026,,Iniciada,-27.561927,-64.142545,5,1a,Inclusion,Urbana,1,,152,"Fernandez, Benjamin Ezequiel",30-68902314-5,bajo,,63
SIM-2025-0153,Banda,La Banda,San Jorge,Calle Rivadavia N° 634,40,23-09-2025,,Avanzada,-27.736927,-64.258634,54,2b,Inclusion,Urbana,2,,153,"Lopez, Benjamin",30-99812340-1,medio,,339
SIM-2026-0154,General Taboada,Añatuya,Villa Hogar,Diagonal 4 N° 36,44,27-12-2025,06-08-2026,Finalizada,-28.492562,-62.793635,83,1a,Inclusion,Rural,2,,154,"Gonzalez, Valentina",30-99812340-1,bajo,,222
SIM-2024-0155,Banda,La Banda,Villa Hogar,Avenida 4 N° 666,43,16-06-2024,04-09-2024,Adjudicada,-27.747595,-64.236148,100,5d,Exclusion,Rural,2,,155,"Acosta, Tiziano",30-99871205-4,bajo,,80
SIM-2026-0156,Rivadavia,Pinto,Malvinas,Calle Salta N° 287,49,01-07-2025,04-09-2025,Finalizada,-29.156977,-61.885945,97,2a,Inclusion,Rural,1,,156,"Aguero, Maia",30-99812340-1,bajo,,65
SIM-2024-0157,Copo,Monte Quemado,Malvinas,Avenida 3 N° 158,42,17-01-2026,31-05-2026,Finalizada,-25.809549,-62.841365,96,4b,Otro,Rural,3,,157,"Peralta, Gonzalo",30-70945612-8,bajo,,134
SIM-2026-0158,Figueroa,Suncho Corral,Palermo,Avenida Ushuaia N° 878,54,09-07-2025,20-04-2026,Finalizada,-28.599435,-63.470273,100,1a,Inclusion,Urbana,1,,158,"Rodriguez, Santino Nicolas",30-59804127-3,bajo,,285
SIM-2025-0159,Pellegrini,Tintina,Santa Rosa,Avenida J.B. Alberdi N° 25,48,04-06-2025,,Iniciada,-27.004391,-62.720483,33,2a,Inclusion,Rural,2,,159,"Molina, Pedro",30-71782995-2,medio,,450
SIM-2025-0160,Banda,La Banda,,Calle Neuquén N° 5943,52,16-07-2025,,Iniciada,-27.729397,-64.18458,11,1a,Inclusion,Urbana,2,,160,"Suarez, Martina",30-68902314-5,alto,,408
SIM-2026-0161,Robles,Fernández,Autonomía,Av. 1 N° 834,33,17-10-2025,27-01-2026,Adjudicada,-27.929303,-63.9042,100,4b,Otro,Urbana,2,,161,"Fernandez, Juan Bautista",30-59804127-3,bajo,,102
SIM-2024-0162,Banda,La Banda,Villa Hogar,Diagonal 5 N° 749,34,01-02-2024,21-09-2024,Adjudicada,-27.731338,-64.253614,100,5f,Otro,Rural,2,,162,"Carrizo, Lola",30-99765488-6,bajo,,233
SIM-2025-0163,General Taboada,Añatuya,Malvinas,Calle 3 N° 8651,56,19-06-2026,,Avanzada,-28.482638,-62.848468,59,2a,Inclusion,Urbana,2,,163,"Ayala, Milena",30-71782995-2,bajo,,70
SIM-2026-0164,Silípica,Clodomira,25 de Mayo,Calle 5 N° 266,54,21-07-2025,,Iniciada,-27.55513,-64.133144,4,5c,Exclusion,Rural,2,,164,"Sanchez, Ignacio",30-68902314-5,alto,,403
SIM-2025-0165,Robles,Fernández,San Jorge,Av. Saavedra N° 123,55,26-05-2025,,Avanzada,-27.925607,-63.902503,58,OT,Otro,Urbana,1,,165,"Martinez, Francisco",30-71782995-2,medio,,459
SIM-2026-0166,Capital,Santiago del Estero,FONAVI,Av. Comodoro Rivadavia N° 511,43,22-08-2026,,Avanzada,-27.7853,-64.27967,42,2a,Inclusion,Económica,2,,166,"Fernandez, Juan Cruz",30-99871205-4,bajo,,6
SIM-2025-0167,Capital,Santiago del Estero,San Martín,Av. Chubut N° 533,50,27-07-2026,,Avanzada,-27.810761,-64.28589,73,5f,Otro,Rural,2,,167,"Godoy, Valentina",30-71782995-2,bajo,,32
SIM-2025-0168,Capital,Santiago del Estero,Villa Hogar,Avenida 1 N° 8142,48,20-12-2024,27-06-2025,Finalizada,-27.760631,-64.286174,100,1a,Inclusion,Económica,3,,168,"Franco, Alma Mia",30-59804127-3,bajo,,189
SIM-2026-0169,Capital,Santiago del Estero,Malvinas,Diagonal Mitre N° 745,40,03-08-2026,,Avanzada,-27.806712,-64.269768,67,4a,Otro,Rural,2,,169,"Aguirre, Máximo",30-71782995-2,bajo,,25
SIM-2026-0170,Choya,Frías,Santa Rosa,Diagonal La Plata N° 7088,38,27-01-2026,,Iniciada,-28.663552,-65.136127,5,1a,Inclusion,Urbana,3,,170,"Romero, Bautista",30-68902314-5,alto,,213
SIM-2025-0171,Jiménez,Añatuya,Villa Luján,Blv. Formosa N° 458,42,09-05-2025,,Avanzada,-28.455132,-62.841904,68,2a,Inclusion,Económica,2,,171,"Mansilla, Benjamin",30-71782995-2,medio,,476
SIM-2026-0172,Salavina,Los Telares,Palermo,Av. 5 N° 44,49,26-04-2026,,Iniciada,-29.237336,-63.530382,4,2a,Inclusion,Urbana,3,,172,"Martinez, Ian",30-99871205-4,alto,,124
SIM-2025-0173,Mitre,Bandera,Malvinas,Blv. 7 N° 68,45,31-12-2024,11-09-2025,Finalizada,-29.264983,-62.285596,91,4c,Otro,Rural,2,,173,"Valdez, Valentina",30-99871205-4,bajo,,254
SIM-2023-0174,Capital,Santiago del Estero,Centenario,Diagonal Comodoro Rivadavia N° 36,48,14-12-2025,19-07-2026,Finalizada,-27.781475,-64.291049,84,2b,Inclusion,Rural,3,,174,"Avila, Zoe Valentina",30-70945612-8,bajo,,217
SIM-2026-0175,General Taboada,Añatuya,Autonomía,Avenida 7 N° 991,39,01-06-2026,,Avanzada,-28.482927,-62.818729,55,2a,Inclusion,Urbana,2,,175,"Benitez, Olivia",30-99812340-1,bajo,,88
SIM-2026-0176,Silípica,Clodomira,Rivadavia,Boulevard Río Negro N° 254,44,09-08-2026,,Iniciada,-27.603488,-64.162296,21,4a,Otro,Urbana,1,,176,"Rodriguez, Juan Martin",30-99903421-7,bajo,,19
SIM-2026-0177,Copo,Monte Quemado,Centenario,Av. Malvinas Argentinas N° 89,48,20-08-2026,,Avanzada,-25.795325,-62.847278,47,2a,Inclusion,Urbana,1,,177,"Fernandez, Malena",30-99765488-6,bajo,,8
SIM-2024-0178,Silípica,Clodomira,Autonomía,Diagonal Omar Nuñez N° 811,36,25-11-2024,13-02-2025,Adjudicada,-27.600907,-64.134189,100,2b,Inclusion,Rural,3,,178,"Silva, Tomàs",30-68902314-5,bajo,,80
SIM-2026-0179,Banda,La Banda,Catamarca,Calle Mitre N° 17,38,01-02-2026,,Iniciada,-27.746733,-64.239147,10,2a,Inclusion,Urbana,2,,179,"Lopez, Isabella",30-99765488-6,alto,,208
SIM-2025-0180,Robles,Fernández,Santa Rosa,Av. J.B. Alberdi N° 678,40,22-12-2025,16-07-2026,Finalizada,-27.933922,-63.868887,81,5b,Exclusion,Rural,2,,180,"Ledesma, Simon",30-70945612-8,bajo,,206
SIM-2026-0181,Jiménez,Añatuya,Centro,Calle Santa Fe N° 761,48,29-06-2026,,Avanzada,-28.444958,-62.861335,74,5f,Otro,Rural,1,,181,"Duarte, Antonio",30-99765488-6,bajo,,60
SIM-2026-0182,Capital,Santiago del Estero,Catamarca,Diag. G. Brown N° 66,38,03-06-2026,,Iniciada,-27.769052,-64.30549,9,4a,Otro,Urbana,1,,182,"Mansilla, Mateo",30-99765488-6,bajo,,86
SIM-2025-0183,Banda,La Banda,Rivadavia,Diag. 1 N° 7534,47,29-01-2025,14-05-2025,Finalizada,-27.724613,-64.243655,100,3a,Inclusion,Urbana,2,,183,"Rodriguez, Julieta",30-59804127-3,bajo,,105
SIM-2025-0184,Capital,Santiago del Estero,Los Ejidos,Blv. 5 N° 864,43,20-03-2025,03-10-2025,Finalizada,-27.805872,-64.259441,100,2b,Inclusion,Rural,2,,184,"Rodriguez, Julieta",30-59804127-3,bajo,,197
SIM-2024-0185,Banda,La Banda,San Martín,Diagonal 5 N° 751,46,01-11-2024,25-04-2025,Adjudicada,-27.71398,-64.23542,100,2b,Inclusion,Urbana,1,,185,"Perez, Valentino",30-99765488-6,bajo,,175
SIM-2024-0186,Copo,Monte Quemado,Villa del Parque,Av. Omar Nuñez N° 79,41,02-10-2024,20-04-2025,Adjudicada,-25.807414,-62.839777,100,5e,Exclusion,Rural,3,,186,"Cordoba, Nahuel",30-99903421-7,bajo,,200
SIM-2024-0187,Mitre,Bandera,Palermo,Diagonal Salta N° 6860,46,10-07-2025,,Iniciada,-29.2669,-62.275578,12,4a,Otro,Rural,2,,187,"Maidana, Isabella",30-68902314-5,alto,,414
SIM-2025-0188,Copo,Monte Quemado,Villa Hogar,Avenida San Martin N° 149,42,21-09-2025,,Iniciada,-25.762643,-62.81532,5,3a,Inclusion,Urbana,3,,188,"Gonzalez, Thiago Benjamin",30-70945612-8,alto,,341
SIM-2025-0189,Robles,Fernández,La Reducción,Diagonal Ushuaia N° 58,30,21-12-2025,,Iniciada,-27.905378,-63.894345,6,2b,Inclusion,Urbana,2,,189,"Rivero, Thiago",30-68902314-5,alto,,250
SIM-2026-0190,Jiménez,Añatuya,FONAVI,Calle Bahía Blanca N° 215,42,22-12-2025,,Avanzada,-28.478146,-62.874674,33,4b,Otro,Urbana,1,,190,"Martin, Lucio",30-68902314-5,medio,,249
SIM-2026-0191,Robles,Fernández,Centenario,Avenida San Juan N° 903,46,03-04-2026,14-07-2026,Adjudicada,-27.926668,-63.856824,100,1a,Inclusion,Urbana,2,,191,"Martinez, Thiago Agustin",30-99871205-4,bajo,,102
SIM-2025-0192,Banda,La Banda,Malvinas,Calle J.M. de Rosas N° 19,30,18-08-2025,,Iniciada,-27.738944,-64.225071,13,2b,Inclusion,Urbana,2,,192,"Herrera, Isabella",30-68902314-5,alto,,375
SIM-2026-0193,Banda,La Banda,Villa Jardín,Diagonal Neuquén N° 17,34,27-07-2026,,Avanzada,-27.730759,-64.226124,78,2b,Inclusion,Urbana,1,,193,"Martin, Dylan Benjamin",30-99871205-4,bajo,,32
SIM-2024-0194,Capital,Santiago del Estero,Los Ejidos,Diagonal 1 N° 951,41,22-09-2024,27-01-2025,Adjudicada,-27.774412,-64.254907,100,1a,Inclusion,Económica,3,,194,"Pereyra, Joaquin",30-99812340-1,bajo,,127
SIM-2025-0195,Jiménez,Añatuya,Villa Hogar,Avenida 163 B N° 63,45,22-03-2025,,Avanzada,-28.44861,-62.800128,79,4a,Otro,Urbana,1,,195,"Cabrera, Lucas Ezequiel",30-99812340-1,medio,,524
SIM-2025-0196,Silípica,Clodomira,La Reducción,Diagonal Santa Fe N° 25,38,12-10-2025,,Iniciada,-27.566532,-64.141268,3,1a,Inclusion,Urbana,2,,196,"Luna, Agustín",30-68902314-5,alto,,320
SIM-2026-0197,Salavina,Los Telares,La Reducción,Av. 6 N° 678,45,08-04-2026,,Iniciada,-29.206054,-63.53541,32,5e,Exclusion,Urbana,2,,197,"Acosta, Thiago Leonel",30-70945612-8,medio,,142
SIM-2025-0198,Banda,La Banda,Villa del Parque,Avenida Salta N° 3234,46,08-10-2025,18-03-2026,Adjudicada,-27.743598,-64.231378,100,2b,Inclusion,Urbana,2,,198,"Paez, Alma",30-59804127-3,bajo,,161
SIM-2025-0199,Copo,Monte Quemado,Villa Hogar,Diag. 7 N° 2467,42,04-10-2025,13-04-2026,Adjudicada,-25.781324,-62.84018,100,4b,Otro,Urbana,2,,199,"Pereyra, Luisina",30-99765488-6,bajo,,191
SIM-2026-0200,Silípica,Clodomira,Villa Hogar,Diagonal 8 N° 8581,47,31-07-2026,,Avanzada,-27.588618,-64.140997,87,2a,Inclusion,Urbana,2,,200,"Maldonado, Francesca",30-71782995-2,bajo,,28
SIM-2025-0201,Silípica,Clodomira,FONAVI,Calle San Ferando del Valle de Catamarca N° 127,50,20-05-2025,20-02-2026,Adjudicada,-27.557374,-64.149599,100,4b,Otro,Urbana,2,,201,"Miranda, Sofía",30-99812340-1,bajo,,276
SIM-2025-0202,Atamisqui,Villa Atamisqui,Catamarca,Calle 8 N° 9532,57,18-01-2026,21-07-2026,Adjudicada,-28.456599,-63.813558,100,4c,Otro,Urbana,2,,202,"Sosa, Ambar",30-59804127-3,bajo,,184
SIM-2025-0203,Choya,Frías,Rivadavia,Diagonal Misiones N° 290,32,09-01-2026,,Iniciada,-28.661928,-65.159404,7,2b,Inclusion,Rural,2,,203,"Cabrera, Sol",30-68902314-5,alto,,231
SIM-2024-0204,Robles,Fernández,Sur,Diagonal 9 N° 683,44,16-09-2025,24-11-2025,Finalizada,-27.900071,-63.875221,99,2a,Inclusion,Económica,3,,204,"Franco, Juan Ignacio",30-99812340-1,bajo,,69
SIM-2026-0205,Capital,Santiago del Estero,La Reducción,Diagonal Belgrano N° 199,61,14-05-2025,,Iniciada,-27.789961,-64.281259,7,4b,Otro,Rural,2,,205,"Martinez, Camila",30-68902314-5,alto,,471
SIM-2025-0206,Aguirre,Nueva Esperanza,Centenario,Avenida 102 B N° 38,49,04-08-2025,,Iniciada,-27.649674,-62.416031,32,2a,Inclusion,Rural,3,,206,"Hernandez, Delfina",30-99765488-6,medio,,389
SIM-2025-0207,Choya,Frías,Los Ejidos,Diagonal 6 N° 45,38,06-06-2026,,Avanzada,-28.639342,-65.13297,69,1a,Inclusion,Urbana,2,,207,"Vazquez, Mia Valentina",30-71782995-2,bajo,,83
SIM-2026-0208,Silípica,Clodomira,Villa del Parque,Calle Resistencia N° 822,53,03-02-2026,05-10-2026,Adjudicada,-27.562514,-64.099124,100,5f,Otro,Rural,2,,208,"Paez, Isabella",30-99765488-6,bajo,,244
SIM-2025-0209,Choya,Frías,Los Aromos,Diagonal Santa Fe N° 3927,37,21-12-2024,30-08-2025,Finalizada,-28.619323,-65.146202,81,4c,Otro,Urbana,3,,209,"Garcia, Santino Benjamin",30-70945612-8,bajo,,252
SIM-2025-0210,Capital,Santiago del Estero,Centenario,Calle J.M. de Rosas N° 8859,52,27-02-2025,,Iniciada,-27.797264,-64.259997,30,1a,Inclusion,Rural,2,,210,"Diaz, Bautista Benjamin",30-71782995-2,medio,,547
SIM-2026-0211,Capital,Santiago del Estero,Autonomía,Diagonal G. Brown N° 14,43,19-08-2026,,Iniciada,-27.825464,-64.233468,11,2a,Inclusion,Rural,2,,211,"Garcia, Malena",30-99765488-6,bajo,,9
SIM-2025-0212,Banda,La Banda,Los Aromos,Diagonal San Juan N° 519,32,25-08-2025,,Avanzada,-27.742684,-64.258218,75,4c,Otro,Rural,3,,212,"Quiroga, Francesca",30-99765488-6,medio,,368
SIM-2025-0213,Guasayán,El Charco,La Reducción,Diag. Formosa N° 696,35,10-09-2025,,Iniciada,-28.049183,-65.02168,13,2a,Inclusion,Económica,1,,213,"Martin, Juan Cruz",30-99765488-6,alto,,352
SIM-2025-0214,Silípica,Clodomira,Villa Luján,Blv. Santa Cruz N° 579,56,06-07-2025,,Avanzada,-27.594311,-64.139044,70,5c,Exclusion,Rural,2,,214,"Lopez, Santino",30-99812340-1,medio,,418
SIM-2024-0215,Copo,Monte Quemado,4 de Junio,Diagonal 108 A N° 38,42,06-08-2024,05-04-2025,Adjudicada,-25.804673,-62.858057,100,5f,Otro,Urbana,2,,215,"Gonzalez, Ana Paula",30-99871205-4,bajo,,242
SIM-2023-0216,Jiménez,Añatuya,Rivadavia,Avenida San Miguel de Tucumán N° 24,44,06-01-2026,,Iniciada,-28.464909,-62.889544,12,2a,Inclusion,Rural,2,,216,"Flores, Lautaro Ezequiel",30-68902314-5,alto,,234
SIM-2026-0217,Moreno,Quimilí,San Jorge,Av. 3 N° 573,57,05-01-2026,,Avanzada,-27.642157,-62.400468,39,2a,Inclusion,Rural,2,,217,"Coronel, Santino Gabriel",30-70945612-8,medio,,235
SIM-2025-0218,Banda,La Banda,Malvinas,Avenida Chilecito N° 308,36,13-12-2025,,Avanzada,-27.714722,-64.24484,46,4b,Otro,Urbana,1,,218,"Suarez, Catalina",30-99812340-1,medio,,258
SIM-2024-0219,Aguirre,Nueva Esperanza,San Martín,Avenida Córdoba N° 7943,44,21-06-2024,10-11-2024,Adjudicada,-27.60568,-62.416934,100,2b,Inclusion,Urbana,1,,219,"Martinez, Jazmin",30-71782995-2,bajo,,142
SIM-2026-0220,Jiménez,Añatuya,Centro,Calle Santiago del Estero N° 512,43,03-05-2025,,Iniciada,-28.460434,-62.837434,10,4c,Otro,Rural,2,,220,"Moreno, Juan Cruz",30-68902314-5,alto,,482
SIM-2026-0221,Pellegrini,Tintina,Villa Hogar,Av. 9 N° 87,44,31-07-2026,,Avanzada,-27.044326,-62.725843,71,2b,Inclusion,Económica,1,,221,"Gonzalez, Mateo Benjamin",30-71782995-2,bajo,,28
SIM-2025-0222,Choya,Frías,Sur,Calle J.J. Castelli N° 14,45,20-04-2026,,Avanzada,-28.657782,-65.149831,43,5e,Exclusion,Urbana,1,,222,"Peralta, Tiziano Valentin",30-68902314-5,medio,,130
SIM-2026-0223,Silípica,Clodomira,,Diagonal Alvear N° 6358,30,02-07-2026,,Iniciada,-27.57559,-64.105928,11,1a,Inclusion,Urbana,2,,223,"Diaz, Lorenzo",30-71782995-2,bajo,,57
SIM-2025-0224,Banda,La Banda,Sur,Calle 5 N° 193,30,11-09-2025,,Iniciada,-27.715353,-64.21757,25,4b,Otro,Urbana,3,,224,"Campos, Emilia",30-99812340-1,alto,,351
SIM-2025-0225,Banda,La Banda,Villa Luján,Diagonal Salta N° 991,34,28-01-2025,,Avanzada,-27.741168,-64.246686,36,1a,Inclusion,Económica,2,,225,"Cordoba, Santino",30-99903421-7,medio,,577
SIM-2025-0226,Banda,La Banda,Centenario,Boulevard 2 N° 8324,56,06-06-2024,23-03-2025,Finalizada,-27.749001,-64.25999,88,5d,Exclusion,Urbana,3,,226,"Cabrera, Valentina",30-99871205-4,bajo,,290
SIM-2023-0227,Banda,La Banda,Malvinas,Av. Formosa N° 555,49,25-11-2025,16-08-2026,Finalizada,-27.718158,-64.217112,89,2b,Inclusion,Urbana,3,,227,"Moyano, Nahuel",30-70945612-8,bajo,,264
SIM-2026-0228,Aguirre,Nueva Esperanza,Centenario,Av. J.B. Alberdi N° 693,47,03-07-2026,,Iniciada,-27.672323,-62.427441,23,4a,Otro,Urbana,2,,228,"Nuñez, Mateo",30-99812340-1,bajo,,56
SIM-2026-0229,Choya,Frías,Sur,Avenida Güemes N° 67,42,15-06-2026,,Avanzada,-28.669998,-65.124166,74,2b,Inclusion,Rural,2,,229,"Acuña, Emilia",30-70945612-8,bajo,,74
SIM-2025-0230,Robles,Fernández,Villa Jardín,Diagonal 176 A N° 274,47,29-04-2025,18-11-2025,Adjudicada,-27.933747,-63.874203,100,1a,Inclusion,Rural,2,,230,"Godoy, Mateo",30-59804127-3,bajo,,203
SIM-2026-0231,Choya,Frías,Sur,Av. Alem N° 8240,36,08-02-2026,,Iniciada,-28.654497,-65.116132,31,OT,Otro,Urbana,3,,231,"Cardozo, Dante",30-70945612-8,medio,,201
SIM-2025-0232,Robles,Fernández,Villa Luján,Calle Mitre N° 193,42,10-07-2026,,Avanzada,-27.915913,-63.876324,76,1a,Inclusion,Urbana,2,,232,"Bustos, Bautista",30-71782995-2,bajo,,49
SIM-2025-0233,Banda,La Banda,San Martín,Av. G. Brown N° 76,50,11-01-2026,,Iniciada,-27.72913,-64.26252,16,2a,Inclusion,Urbana,2,,233,"Valdez, Valentino",30-71782995-2,alto,,229
SIM-2026-0234,Pellegrini,Tintina,Catamarca,Diagonal San Salvador de Jujuy N° 52,51,25-02-2026,,Avanzada,-27.037328,-62.725409,77,2a,Inclusion,Urbana,2,,234,"Arias, Ciro Benjamin",30-99812340-1,medio,,184
SIM-2026-0235,Pellegrini,Tintina,Malvinas,Blv. J.M. de Rosas N° 524,33,19-03-2026,,Avanzada,-27.046678,-62.741352,78,5a,Exclusion,Rural,2,,235,"Farias, Thiago",30-68902314-5,medio,,162
SIM-2026-0236,Salavina,Los Telares,Villa Hogar,Diagonal Mitre N° 615,56,31-07-2026,,Avanzada,-29.210092,-63.543048,65,5g,Exclusion,Urbana,2,,236,"Martinez, Francesca",30-71782995-2,bajo,,28
SIM-2026-0237,Silípica,Clodomira,25 de Mayo,Diagonal Ushuaia N° 193,45,12-01-2026,,Avanzada,-27.608475,-64.102464,43,2b,Inclusion,Urbana,2,,237,"Molina, Ian Benjamin",30-68902314-5,medio,,228
SIM-2024-0238,Capital,Santiago del Estero,Los Aromos,Avenida La Rioja N° 687,47,15-01-2026,26-05-2026,Adjudicada,-27.796741,-64.270809,100,4c,Otro,Urbana,3,,238,"Diaz, Ivan",30-59804127-3,bajo,,131
SIM-2026-0239,Capital,Santiago del Estero,4 de Junio,Diagonal San Martin N° 676,45,19-07-2026,,Avanzada,-27.795677,-64.241141,38,2b,Inclusion,Rural,1,,239,"Castro, Lara",30-99812340-1,bajo,,40
SIM-2026-0240,Banda,La Banda,Palermo,Avenida Entre Ríos N° 293,44,07-06-2026,,Iniciada,-27.732295,-64.246545,20,5a,Exclusion,Urbana,2,,240,"Arias, Ciro",30-99871205-4,bajo,,82
SIM-2026-0241,Banda,La Banda,Autonomía,Boulevard Chaco N° 47,35,01-07-2026,,Iniciada,-27.72946,-64.270783,11,4b,Otro,Urbana,2,,241,"Gonzalez, Matilda",30-99812340-1,bajo,,58
SIM-2025-0242,Silípica,Clodomira,FONAVI,Av. 6 N° 917,43,12-02-2025,03-07-2025,Adjudicada,-27.557621,-64.129924,100,5c,Exclusion,Rural,3,,242,"Juarez, Benjamin Alejandro",30-99812340-1,bajo,,141
SIM-2026-0243,Banda,La Banda,Centro,Avenida Misiones N° 336,40,30-03-2026,,Iniciada,-27.734668,-64.233744,9,2b,Inclusion,Urbana,2,,243,"Gutierrez, Alma Mia",30-99765488-6,alto,,151
SIM-2025-0244,Choya,Frías,4 de Junio,Diagonal Rosario N° 566,37,04-01-2025,26-04-2025,Adjudicada,-28.662009,-65.133475,100,3a,Inclusion,Urbana,2,,244,"Vera, Bruno",30-70945612-8,bajo,,112
SIM-2025-0245,Ojo de Agua,Ojo de Agua,Los Aromos,Av. Pte. Perón N° 969,51,23-03-2025,,Iniciada,-29.501651,-63.727647,2,4b,Otro,Urbana,2,,245,"Vega, Benjamin Ezequiel",30-70945612-8,alto,,523
SIM-2025-0246,Copo,Monte Quemado,Los Aromos,Avenida Güemes N° 215,51,10-06-2026,,Avanzada,-25.791493,-62.826391,57,4b,Otro,Urbana,2,,246,"Ponce, Enzo",30-71782995-2,bajo,,79
SIM-2025-0247,Aguirre,Nueva Esperanza,Palermo,Avenida 8 N° 1928,31,17-10-2025,16-02-2026,Adjudicada,-27.622021,-62.399741,100,1a,Inclusion,Económica,2,,247,"Rodriguez, Ramiro",30-99812340-1,bajo,,122
SIM-2024-0248,Choya,Frías,4 de Junio,Calle Santa Fe N° 52,44,18-03-2026,29-05-2026,Finalizada,-28.671032,-65.148247,91,2a,Inclusion,Urbana,2,,248,"Miranda, Salvador",30-99765488-6,bajo,,72
SIM-2024-0249,Capital,Santiago del Estero,Centro,Diagonal 4 N° 336,45,13-10-2024,16-03-2025,Adjudicada,-27.785682,-64.274063,100,2b,Inclusion,Rural,1,,249,"Blanco, Bautista",30-99812340-1,bajo,,154
SIM-2025-0250,Choya,Frías,FONAVI,Boulevard Constitución N° 347,34,19-08-2025,,Iniciada,-28.661597,-65.148007,26,1a,Inclusion,Urbana,1,,250,"Romero, Olivia",30-99903421-7,alto,,374
SIM-2025-0251,Capital,Santiago del Estero,Norte,Avenida Rivadavia N° 148,37,09-07-2025,,Iniciada,-27.811618,-64.28533,21,3a,Inclusion,Urbana,2,,251,"Medina, Juan Ignacio",30-99903421-7,alto,,415
SIM-2024-0252,Rivadavia,Pinto,Villa del Parque,Av. 1 N° 336,62,24-11-2024,14-04-2025,Finalizada,-29.134034,-61.914089,84,2b,Inclusion,Urbana,3,,252,"Vera, Simon",30-99765488-6,bajo,,141
SIM-2025-0253,Aguirre,Nueva Esperanza,Belgrano,Av. 5 N° 304,38,19-06-2026,,Avanzada,-27.64312,-62.414673,90,4a,Otro,Urbana,2,,253,"Ruiz, Mateo",30-71782995-2,bajo,,70
SIM-2025-0254,Robles,Fernández,Centro,Diagonal Comodoro Rivadavia N° 32,45,14-03-2026,28-07-2026,Finalizada,-27.914394,-63.897361,94,2a,Inclusion,Rural,2,,254,"Fernandez, Victoria",30-99871205-4,bajo,,136
SIM-2024-0255,Moreno,Quimilí,Belgrano,Calle Saavedra N° 9636,52,05-08-2025,31-10-2025,Finalizada,-27.591918,-62.414729,97,4a,Otro,Urbana,2,,255,"Vega, Ciro",30-99812340-1,bajo,,87
SIM-2025-0256,Capital,Santiago del Estero,Rivadavia,Blv. Córdoba N° 1963,56,09-04-2026,,Avanzada,-27.807657,-64.26163,53,2b,Inclusion,Urbana,2,,256,"Campos, Tomas Benjamin",30-68902314-5,medio,,141
SIM-2026-0257,Aguirre,Nueva Esperanza,Catamarca,Calle 5 N° 75,49,09-03-2026,,Avanzada,-27.663285,-62.385376,61,2a,Inclusion,Rural,2,,257,"Torres, Tiziano Benjamin",30-70945612-8,medio,,172
SIM-2025-0258,Guasayán,El Charco,San Martín,Avenida 2 N° 145,51,28-07-2026,,Avanzada,-28.074124,-65.011617,62,2a,Inclusion,Rural,2,,258,"Martinez, Benicio",30-71782995-2,bajo,,31
SIM-2026-0259,Robles,Fernández,Villa Jardín,Diag. 8 N° 488,39,02-06-2026,,Avanzada,-27.915807,-63.915264,63,2b,Inclusion,Rural,3,,259,"Cabrera, Mateo",30-99871205-4,bajo,,87
SIM-2024-0260,Rivadavia,Pinto,Centro,Diagonal Rivadavia N° 8614,48,01-10-2024,18-07-2025,Adjudicada,-29.157455,-61.89834,100,5b,Exclusion,Rural,2,,260,"Godoy, Felicitas",30-99903421-7,bajo,,290
SIM-2024-0261,Aguirre,Nueva Esperanza,Los Aromos,Blv. Mar del Plata N° 8630,47,18-07-2026,,Avanzada,-27.648801,-62.442036,79,2a,Inclusion,Urbana,3,,261,"Perez, Valentina Jazmin",30-71782995-2,bajo,,41
SIM-2024-0262,Moreno,Quimilí,Villa Jardín,Camino San Miguel de Tucumán N° 5836,52,15-09-2025,19-04-2026,Adjudicada,-27.627009,-62.402924,100,4b,Otro,Urbana,2,,262,"Sanchez, Valentino",30-59804127-3,bajo,,216
SIM-2026-0263,Ojo de Agua,Ojo de Agua,Centro,Camino 8 N° 6897,44,08-08-2026,,Avanzada,-29.493989,-63.688735,41,5b,Exclusion,Urbana,3,,263,"Castro, Benjamin",30-99871205-4,bajo,,20
SIM-2025-0264,Capital,Santiago del Estero,Malvinas,Avenida 7 N° 525,45,01-07-2026,,Avanzada,-27.824897,-64.253267,89,1a,Inclusion,Rural,3,,264,"Ferreyra, Valentin",30-71782995-2,bajo,,58
SIM-2023-0265,Banda,La Banda,San Martín,Avenida Alem N° 3289,36,17-10-2023,04-04-2024,Adjudicada,-27.730112,-64.262981,100,2b,Inclusion,Urbana,1,,265,"Mendez, Juliana",30-99812340-1,bajo,,170
SIM-2026-0266,General Taboada,Añatuya,La Reducción,Diag. Comodoro Rivadavia N° 4690,49,25-02-2026,,Iniciada,-28.452043,-62.829712,9,2a,Inclusion,Urbana,2,,266,"Gomez, Priscila",30-99812340-1,alto,,184
SIM-2026-0267,Banda,La Banda,San Jorge,Av. 1 N° 363,51,15-08-2026,,Iniciada,-27.73449,-64.239464,5,5c,Exclusion,Urbana,3,,267,"Soria, Benjamin",30-68902314-5,bajo,,13
SIM-2026-0268,Robles,Fernández,Villa Luján,Avenida La Pampa N° 1588,41,05-08-2026,,Avanzada,-27.936289,-63.88527,74,2a,Inclusion,Urbana,2,,268,"Gomez, Isabella",30-99871205-4,bajo,,23
SIM-2025-0269,Capital,Santiago del Estero,Santa Rosa,Blv. Salta N° 4824,46,31-03-2025,,Avanzada,-27.802821,-64.266565,51,4c,Otro,Rural,2,,269,"Olivera, Franco",30-68902314-5,medio,,515
SIM-2025-0270,Robles,Fernández,Norte,Camino 2 N° 12,38,15-03-2025,,Iniciada,-27.935617,-63.864396,26,2a,Inclusion,Urbana,2,,270,"Fernandez, Clara",30-99903421-7,alto,,531
SIM-2025-0271,General Taboada,Añatuya,FONAVI,Diag. Saavedra N° 342,54,20-05-2025,,Avanzada,-28.474364,-62.836915,65,5c,Exclusion,Rural,2,,271,"Molina, Julian",30-70945612-8,medio,,465
SIM-2025-0272,Banda,La Banda,San Jorge,Av. Comodoro Rivadavia N° 8121,34,14-03-2025,05-08-2025,Adjudicada,-27.731462,-64.221427,100,2a,Inclusion,Rural,3,,272,"Castillo, Antonella",30-99871205-4,bajo,,144
SIM-2023-0273,Copo,Monte Quemado,La Reducción,Diagonal Rosario N° 72,45,25-09-2023,19-05-2024,Adjudicada,-25.795193,-62.814987,100,5e,Exclusion,Urbana,2,,273,"Castro, Benicio",30-99765488-6,bajo,,237
SIM-2025-0274,Capital,Santiago del Estero,Villa Luján,Avenida Omar Nuñez N° 138,54,12-07-2025,,Avanzada,-27.775821,-64.270311,51,2a,Inclusion,Rural,3,,274,"Gomez, Milo",30-99871205-4,medio,,412
SIM-2023-0275,Banda,La Banda,,Avenida 4 N° 413,41,20-06-2026,,Avanzada,-27.69362,-64.246531,78,2a,Inclusion,Económica,2,,275,"Diaz, Maria Paz",30-71782995-2,bajo,,69
SIM-2026-0276,Silípica,Clodomira,FONAVI,Avenida 5 N° 229,40,03-01-2026,01-08-2026,Finalizada,-27.544839,-64.104568,93,2b,Inclusion,Urbana,3,,276,"Romero, Isabella",30-99765488-6,bajo,,210
SIM-2026-0277,Jiménez,Añatuya,Autonomía,Av. Misiones N° 84,35,24-06-2026,,Iniciada,-28.467563,-62.846072,30,4b,Otro,Rural,3,,277,"Velazquez, Elena",30-99812340-1,bajo,,65
SIM-2025-0278,Silípica,Clodomira,Palermo,Calle San Ferando del Valle de Catamarca N° 316,39,01-01-2025,02-06-2025,Adjudicada,-27.587536,-64.151075,100,4b,Otro,Urbana,3,,278,"Gimenez, Luana",30-70945612-8,bajo,,152
SIM-2026-0279,Jiménez,Añatuya,San Jorge,Diagonal Alem N° 127,55,12-05-2026,,Avanzada,-28.460624,-62.836784,61,4a,Otro,Urbana,1,,279,"Flores, Santino",30-99871205-4,medio,,108
SIM-2025-0280,Capital,Santiago del Estero,Catamarca,Av. 164 A N° 8119,43,25-05-2025,,Iniciada,-27.81297,-64.243282,14,2a,Inclusion,Rural,2,,280,"Luna, Luciano Benjamin",30-99765488-6,alto,,460
SIM-2024-0281,Robles,Fernández,Villa Hogar,Calle Omar Nuñez N° 952,36,22-02-2025,31-10-2025,Finalizada,-27.92789,-63.874853,95,3a,Inclusion,Urbana,2,,281,"Torres, Felipe",30-70945612-8,bajo,,251
SIM-2026-0282,Robles,Fernández,Los Aromos,Av. 7 N° 92,47,06-02-2026,25-06-2026,Adjudicada,-27.920117,-63.884004,100,1a,Inclusion,Económica,2,,282,"Rojas, Ian Ezequiel",30-99765488-6,bajo,,139
SIM-2026-0283,Choya,Frías,Belgrano,Av. Tucumán N° 9397,40,06-06-2026,,Iniciada,-28.642795,-65.092805,2,1a,Inclusion,Rural,2,,283,"Valdez, Sofía",30-70945612-8,bajo,,83
SIM-2024-0284,Ojo de Agua,Ojo de Agua,Autonomía,Calle Formosa N° 181,40,20-11-2025,,Iniciada,-29.518558,-63.708217,12,4b,Otro,Urbana,1,,284,"Blanco, Micaela",30-68902314-5,alto,,281
SIM-2026-0285,Capital,Santiago del Estero,Villa Luján,Avenida Saavedra N° 3568,54,11-06-2026,,Avanzada,-27.806473,-64.239598,76,5d,Exclusion,Urbana,2,,285,"Garcia, Sebastian",30-99812340-1,bajo,,78
SIM-2024-0286,Capital,Santiago del Estero,25 de Mayo,Diagonal San Miguel de Tucumán N° 851,47,04-02-2025,19-06-2025,Finalizada,-27.805273,-64.275982,100,2a,Inclusion,Rural,2,,286,"Moreno, Victoria",30-59804127-3,bajo,,135
SIM-2025-0287,General Taboada,Añatuya,Los Aromos,Calle 6 N° 166,45,25-09-2025,19-06-2026,Finalizada,-28.48094,-62.817607,91,1a,Inclusion,Urbana,1,,287,"Mansilla, Santino Gabriel",30-99871205-4,bajo,,267
SIM-2026-0288,Silípica,Clodomira,Catamarca,Diag. Posadas N° 662,57,26-02-2026,,Iniciada,-27.598283,-64.105145,25,5a,Exclusion,Urbana,3,,288,"Flores, Valentino",30-70945612-8,alto,,183
SIM-2025-0289,Banda,La Banda,Santa Rosa,Calle Formosa N° 394,46,19-10-2025,,Avanzada,-27.74603,-64.246979,73,1a,Inclusion,Rural,3,,289,"Castillo, Santiago",30-70945612-8,medio,,313
SIM-2025-0290,Capital,Santiago del Estero,Villa Jardín,Calle J.B. Alberdi N° 6323,58,06-04-2025,,Iniciada,-27.78898,-64.249146,8,2a,Inclusion,Urbana,3,,290,"Ledesma, Emma",30-68902314-5,alto,,509
SIM-2025-0291,Robles,Fernández,Norte,Diagonal 4 N° 403,34,23-11-2025,,Iniciada,-27.930185,-63.901369,16,4a,Otro,Rural,3,,291,"Torres, Tomas",30-68902314-5,alto,,278
SIM-2025-0292,Banda,La Banda,Los Aromos,Avenida 6 N° 360,57,21-08-2025,,Iniciada,-27.748157,-64.240596,9,OT,Otro,Rural,1,,292,"Romero, Santino",30-68902314-5,alto,,372
SIM-2025-0293,Copo,Monte Quemado,Villa del Parque,Blv. Buenos Aires N° 338,44,27-01-2025,12-07-2025,Adjudicada,-25.809317,-62.826972,100,2b,Inclusion,Urbana,3,,293,"Molina, Lucía ",30-99765488-6,bajo,,166
SIM-2025-0294,Capital,Santiago del Estero,Villa Jardín,Camino San Luis N° 273,40,13-12-2025,,Iniciada,-27.773609,-64.215515,10,4c,Otro,Urbana,2,,294,"Gimenez, Mateo Benjamin",30-99765488-6,alto,,258
SIM-2025-0295,Mitre,Bandera,Autonomía,Avenida Rawson N° 8390,49,29-10-2025,07-07-2026,Finalizada,-29.28281,-62.249205,97,3a,Inclusion,Urbana,2,,295,"Torres, Ana Paula",30-99871205-4,bajo,,251
SIM-2026-0296,Ojo de Agua,Ojo de Agua,Centro,Diag. Chaco N° 43,41,05-06-2026,,Iniciada,-29.475759,-63.686489,15,4b,Otro,Urbana,1,,296,"Lopez, Lucia",30-99903421-7,bajo,,84
SIM-2026-0297,Robles,Fernández,,Avenida J.J. Castelli N° 9092,50,19-01-2025,19-04-2025,Finalizada,-27.916368,-63.867043,100,5f,Otro,Urbana,1,,297,"Molina, Martina",30-59804127-3,bajo,,90
SIM-2026-0298,Moreno,Quimilí,Centro,Diagonal 1 N° 8493,52,21-05-2026,13-08-2026,Adjudicada,-27.628869,-62.3938,100,4b,Otro,Rural,2,,298,"Flores, Abril",30-59804127-3,bajo,,84
SIM-2026-0299,Moreno,Quimilí,Sur,Diagonal Chaco N° 12,43,15-06-2026,,Avanzada,-27.613121,-62.401323,72,3a,Inclusion,Urbana,1,,299,"Castro, Violeta",30-99903421-7,bajo,,74
SIM-2025-0300,Pellegrini,Tintina,Malvinas,Diagonal Mendoza N° 761,38,16-09-2024,18-05-2025,Finalizada,-27.031359,-62.694283,81,1a,Inclusion,Económica,3,,300,"Acuña, Gael",30-99903421-7,bajo,,244
SIM-2023-0301,Capital,Santiago del Estero,FONAVI,Av. Alvear N° 666,44,07-10-2023,17-06-2024,Adjudicada,-27.788364,-64.26808,100,2a,Inclusion,Rural,3,,301,"Toledo, Thiago Benjamin",30-99765488-6,bajo,,254
SIM-2025-0302,Moreno,Quimilí,Sur,Diagonal La Pampa N° 544,44,16-01-2025,,Iniciada,-27.614988,-62.40956,5,2a,Inclusion,Urbana,3,,302,"Moreno, Guillermina",30-99812340-1,alto,,589
SIM-2025-0303,Mitre,Bandera,,Avenida 3 N° 86,49,12-09-2025,10-06-2026,Finalizada,-29.298477,-62.254567,80,5a,Exclusion,Urbana,2,,303,"Rodriguez, Violeta",30-70945612-8,bajo,,271
SIM-2025-0304,Rivadavia,Pinto,Los Aromos,Avenida 133 Bis N° 819,46,11-02-2026,29-05-2026,Finalizada,-29.114061,-61.90254,86,4b,Otro,Rural,3,,304,"Rojas, Morena",30-99812340-1,bajo,,107
SIM-2025-0305,Silípica,Clodomira,Centro,Calle Río Gallegos N° 1935,43,09-06-2026,,Avanzada,-27.566511,-64.104606,89,2a,Inclusion,Urbana,2,,305,"Ortiz, Tiziana",30-71782995-2,bajo,,80
SIM-2026-0306,Capital,Santiago del Estero,San Jorge,Diagonal Alvear N° 76,45,17-03-2025,30-09-2025,Finalizada,-27.789978,-64.250058,94,2b,Inclusion,Urbana,1,,306,"Miranda, Mateo Ezequiel",30-71782995-2,bajo,,197
SIM-2024-0307,Capital,Santiago del Estero,Malvinas,Calle 5 N° 49,52,15-04-2025,14-11-2025,Finalizada,-27.803036,-64.257506,88,1a,Inclusion,Rural,2,,307,"Maidana, Sofia",30-70945612-8,bajo,,213
SIM-2025-0308,Banda,La Banda,Malvinas,Diagonal Güemes N° 62,39,02-11-2025,,Iniciada,-27.753477,-64.237607,14,4b,Otro,Rural,2,,308,"Fernandez, Valentino",30-99812340-1,alto,,299
SIM-2026-0309,Capital,Santiago del Estero,Belgrano,Avenida Comodoro Rivadavia N° 9080,40,05-01-2026,,Iniciada,-27.773489,-64.288417,28,2a,Inclusion,Urbana,2,,309,"Peralta, Lautaro Gabriel",30-71782995-2,alto,,235
SIM-2024-0310,Figueroa,Suncho Corral,San Martín,Calle 5 N° 745,44,08-10-2024,02-05-2025,Finalizada,-28.55121,-63.414821,87,5e,Exclusion,Urbana,2,,310,"Aguirre, Benjamin",30-99812340-1,bajo,,206
SIM-2026-0311,Mitre,Bandera,San Martín,Diag. Santiago del Estero N° 937,34,26-01-2026,,Iniciada,-29.283994,-62.234139,3,2a,Inclusion,Rural,2,,311,"Herrera, Constantino",30-68902314-5,alto,,214
SIM-2026-0312,Choya,Frías,Los Ejidos,Calle Rosario N° 29,40,11-01-2026,,Iniciada,-28.687579,-65.12908,9,4b,Otro,Urbana,3,,312,"Benitez, Valentino",30-99812340-1,alto,,229
SIM-2025-0313,Figueroa,Suncho Corral,San Jorge,Calle Paraná N° 345,46,06-04-2025,02-11-2025,Adjudicada,-28.576382,-63.43025,100,1a,Inclusion,Urbana,3,,313,"Gonzalez, Felicitas",30-99871205-4,bajo,,210
SIM-2026-0314,Banda,La Banda,Santa Rosa,Boulevard San Luis N° 1988,50,07-08-2026,,Avanzada,-27.745153,-64.263045,74,2a,Inclusion,Urbana,2,,314,"Leiva, Mateo Valentin",30-71782995-2,bajo,,21
SIM-2025-0315,Salavina,Los Telares,Villa Luján,Diagonal Santa Cruz N° 4857,57,31-07-2025,,Iniciada,-29.209296,-63.521785,15,4a,Otro,Urbana,2,,315,"Figueroa, Lautaro Ezequiel",30-99765488-6,alto,,393
SIM-2025-0316,Capital,Santiago del Estero,Villa Luján,Blv. San Juan N° 6068,39,09-05-2025,,Iniciada,-27.814262,-64.288459,11,3a,Inclusion,Urbana,1,,316,"Cordoba, Lucas",30-68902314-5,alto,,476
SIM-2025-0317,Salavina,Los Telares,Villa Jardín,Av. San Luis N° 8997,42,08-07-2026,,Avanzada,-29.221821,-63.51562,56,2a,Inclusion,Rural,3,,317,"Garcia, Ana Paula",30-71782995-2,bajo,,51
SIM-2026-0318,Capital,Santiago del Estero,San Jorge,Av. J.M. de Rosas N° 51,54,28-03-2026,,Iniciada,-27.788663,-64.283528,32,1a,Inclusion,Urbana,3,,318,"Mendoza, Martina",30-99812340-1,medio,,153
SIM-2026-0319,Figueroa,Suncho Corral,FONAVI,Diagonal 6 N° 742,46,25-03-2026,16-06-2026,Finalizada,-28.559479,-63.422889,100,2b,Inclusion,Rural,2,,319,"Dominguez, Valentino",30-59804127-3,bajo,,83
SIM-2026-0320,Choya,Frías,Centro,Av. Chaco N° 455,47,12-05-2025,15-09-2025,Adjudicada,-28.639778,-65.126744,100,4a,Otro,Rural,3,,320,"Paez, León",30-59804127-3,bajo,,126
SIM-2026-0321,Banda,La Banda,Belgrano,Av. 8 N° 227,45,21-01-2026,08-09-2026,Adjudicada,-27.723431,-64.216075,100,1a,Inclusion,Rural,2,,321,"Guzman, Ciro",30-70945612-8,bajo,,230
SIM-2025-0322,Figueroa,Suncho Corral,Catamarca,Calle 7 N° 1779,54,28-06-2025,01-02-2026,Finalizada,-28.545238,-63.444615,88,1a,Inclusion,Económica,2,,322,"Gomez, Bautista",30-68902314-5,bajo,,218
SIM-2024-0323,Capital,Santiago del Estero,25 de Mayo,Diagonal 5 N° 296,44,14-09-2025,13-04-2026,Finalizada,-27.807175,-64.228583,90,2a,Inclusion,Rural,3,,323,"Gonzalez, Jazmin",30-99812340-1,bajo,,211
SIM-2026-0324,Choya,Frías,Villa Jardín,Avenida Alem N° 889,39,28-03-2026,,Iniciada,-28.673754,-65.134694,3,5e,Exclusion,Rural,2,,324,"Juarez, Martina",30-99765488-6,alto,,153
SIM-2026-0325,Capital,Santiago del Estero,Centro,Av. Omar Nuñez N° 731,41,04-06-2026,,Avanzada,-27.779868,-64.272747,63,4c,Otro,Rural,3,,325,"Silva, Valentina",30-71782995-2,bajo,,85
SIM-2026-0326,Salavina,Los Telares,Palermo,Av. La Rioja N° 4724,30,15-06-2026,,Iniciada,-29.255012,-63.528142,2,1a,Inclusion,Urbana,1,,326,"Juarez, Maximo",30-99812340-1,bajo,,74
SIM-2025-0327,Banda,La Banda,Villa del Parque,Avenida 7 N° 75,50,20-07-2026,,Avanzada,-27.76351,-64.226313,76,4b,Otro,Urbana,2,,327,"Medina, Guillermina",30-71782995-2,bajo,,39
SIM-2026-0328,Banda,La Banda,San Martín,Diagonal Tucumán N° 678,44,03-03-2026,,Avanzada,-27.727342,-64.257406,55,1a,Inclusion,Urbana,1,,328,"Gonzalez, Thiago Valentin",30-99871205-4,medio,,178
SIM-2025-0329,Choya,Frías,Villa Jardín,Av. 2 N° 45,55,19-07-2025,,Iniciada,-28.648065,-65.157851,29,2a,Inclusion,Rural,2,,329,"Mendez, Lucio",30-99871205-4,alto,,405
SIM-2023-0330,Rivadavia,Pinto,Belgrano,Avenida La Plata N° 2049,44,27-07-2025,,Iniciada,-29.137207,-61.900977,14,4c,Otro,Rural,2,,330,"Rivero, Lautaro Nahuel",30-68902314-5,alto,,397
SIM-2026-0331,Aguirre,Nueva Esperanza,Santa Rosa,Avenida San Martin N° 26,42,12-08-2026,,Iniciada,-27.648249,-62.454751,21,3a,Inclusion,Rural,3,,331,"Morales, Micaela",30-71782995-2,bajo,,16
SIM-2024-0332,Banda,La Banda,FONAVI,Calle Río Negro N° 98,42,27-09-2024,11-06-2025,Finalizada,-27.747276,-64.258029,95,2a,Inclusion,Urbana,1,,332,"Dominguez, Santino Agustin",30-71782995-2,bajo,,257
SIM-2025-0333,Mitre,Bandera,,Avenida Misiones N° 156,40,01-02-2025,,Iniciada,-29.241642,-62.256465,23,5c,Exclusion,Rural,2,,333,"Ortiz, Valentino",30-99765488-6,alto,,573
SIM-2026-0334,Capital,Santiago del Estero,Palermo,Avenida Pte. Perón N° 884,50,04-08-2025,,Iniciada,-27.784694,-64.235812,11,1a,Inclusion,Rural,2,,334,"Gimenez, Luna",30-68902314-5,alto,,389
SIM-2025-0335,Banda,La Banda,25 de Mayo,Avenida Malvinas Argentinas N° 6612,49,27-09-2025,17-02-2026,Adjudicada,-27.733927,-64.251645,100,5c,Exclusion,Urbana,3,,335,"Muñoz, Agostina",30-99765488-6,bajo,,143
SIM-2026-0336,Banda,La Banda,4 de Junio,Avenida Corrientes N° 74,48,06-03-2026,01-06-2026,Adjudicada,-27.727917,-64.223887,100,1a,Inclusion,Rural,2,,336,"Martinez, Juan Bautista",30-99765488-6,bajo,,87
SIM-2025-0337,Banda,La Banda,Villa del Parque,Diagonal J.M. de Rosas N° 125,53,08-01-2025,,Iniciada,-27.716108,-64.249634,7,2a,Inclusion,Rural,2,,337,"Farias, Francesca",30-70945612-8,alto,,597
SIM-2025-0338,Copo,Monte Quemado,Centenario,Diagonal 1 N° 588,39,16-11-2025,,Iniciada,-25.796443,-62.793645,9,4b,Otro,Rural,2,,338,"Maldonado, Mateo Benjamin",30-70945612-8,alto,,285
SIM-2025-0339,Banda,La Banda,4 de Junio,Avenida Viedma N° 39,39,31-05-2025,,Avanzada,-27.703753,-64.236438,37,2b,Inclusion,Rural,2,,339,"Garcia, Francisco",30-99812340-1,medio,,454
SIM-2026-0340,Choya,Frías,FONAVI,Av. Chilecito N° 83,47,20-10-2025,29-06-2026,Finalizada,-28.65671,-65.142766,100,1a,Inclusion,Urbana,3,,340,"Garcia, Catalina",30-59804127-3,bajo,,252
SIM-2026-0341,Capital,Santiago del Estero,San Martín,Av. J.B. Alberdi N° 133,44,31-07-2026,,Avanzada,-27.785589,-64.271327,82,4b,Otro,Económica,2,,341,"Olivera, Luisana",30-71782995-2,bajo,,28
SIM-2023-0342,Capital,Santiago del Estero,Centro,Av. Resistencia N° 31,47,22-03-2026,07-08-2026,Finalizada,-27.756439,-64.229904,90,5f,Otro,Urbana,3,,342,"Gonzalez, Victoria",30-70945612-8,bajo,,138
SIM-2025-0343,Guasayán,El Charco,Villa del Parque,Av. Rivadavia N° 951,48,12-02-2025,,Iniciada,-28.063316,-65.020839,24,5c,Exclusion,Urbana,3,,343,"Sosa, Tiziano Benjamin",30-99812340-1,alto,,562
SIM-2025-0344,Banda,La Banda,Norte,Diag. Neuquén N° 996,32,27-11-2025,02-07-2026,Adjudicada,-27.75341,-64.244633,100,2a,Inclusion,Urbana,2,,344,"Pereyra, Ignacio",30-99903421-7,bajo,,217
SIM-2026-0345,Robles,Fernández,Malvinas,Diagonal 175 A N° 82,41,14-11-2025,30-01-2026,Adjudicada,-27.919814,-63.87535,100,1a,Inclusion,Urbana,2,,345,"Herrera, Valentin",30-59804127-3,bajo,,77
SIM-2026-0346,Pellegrini,Tintina,Villa Jardín,Diagonal Belgrano N° 666,34,11-03-2026,,Avanzada,-27.005668,-62.738064,67,1a,Inclusion,Urbana,3,,346,"Paz, Lautaro Benjamin",30-99871205-4,medio,,170
SIM-2025-0347,Silípica,Clodomira,Norte,Blv. J.B. Alberdi N° 498,56,21-07-2026,,Avanzada,-27.56696,-64.114152,78,1a,Inclusion,Urbana,2,,347,"Medina, Lautaro Gabriel",30-71782995-2,bajo,,38
SIM-2025-0348,Choya,Frías,Autonomía,Boulevard Belgrano N° 5674,44,14-11-2025,05-07-2026,Finalizada,-28.65626,-65.117584,87,5g,Exclusion,Económica,2,,348,"Bravo, Juan Martin",30-99903421-7,bajo,,233
SIM-2026-0349,Copo,Monte Quemado,Villa del Parque,Avenida San Juan N° 343,49,20-01-2026,23-10-2026,Adjudicada,-25.803107,-62.815094,100,1a,Inclusion,Económica,2,,349,"Sosa, Bruno",30-99871205-4,bajo,,276
SIM-2026-0350,Capital,Santiago del Estero,Villa Jardín,Camino Corrientes N° 391,54,22-08-2026,,Avanzada,-27.823375,-64.234422,58,5f,Otro,Rural,1,,350,"Moyano, Ludmila",30-68902314-5,bajo,,6
SIM-2026-0351,Guasayán,El Charco,San Martín,Calle Mendoza N° 5426,47,08-08-2026,,Avanzada,-28.07526,-65.015876,97,5f,Otro,Económica,2,,351,"Ferreyra, Mateo",30-71782995-2,bajo,,20
SIM-2023-0352,Capital,Santiago del Estero,La Reducción,Diagonal San Luis N° 388,39,31-01-2026,,Avanzada,-27.790308,-64.270905,38,1a,Inclusion,Urbana,2,,352,"Lopez, Joaquín",30-68902314-5,medio,,209
SIM-2026-0353,Mitre,Bandera,Sur,Avenida Mitre N° 372,48,09-03-2026,05-10-2026,Adjudicada,-29.27446,-62.246891,100,OT,Otro,Urbana,2,,353,"Navarro, Benjamin",30-70945612-8,bajo,,210
SIM-2024-0354,Salavina,Los Telares,La Reducción,Diag. Río Negro N° 783,30,10-12-2024,05-03-2025,Adjudicada,-29.227671,-63.506109,100,2a,Inclusion,Económica,2,,354,"Herrera, Renata",30-99903421-7,bajo,,85
SIM-2025-0355,Capital,Santiago del Estero,Palermo,Avenida San Martin N° 75,41,28-12-2025,,Iniciada,-27.774322,-64.292315,11,5c,Exclusion,Rural,1,,355,"Fernandez, Lara",30-99871205-4,alto,,243
SIM-2023-0356,Jiménez,Añatuya,Villa Jardín,Avenida Alvear N° 573,52,06-12-2024,31-08-2025,Finalizada,-28.480154,-62.864304,80,2a,Inclusion,Rural,2,,356,"Correa, Juan Pablo",30-99812340-1,bajo,,268
SIM-2026-0357,Capital,Santiago del Estero,FONAVI,Avenida La Plata N° 345,44,31-03-2025,30-12-2025,Finalizada,-27.803419,-64.254763,83,5c,Exclusion,Económica,2,,357,"Garcia, Alma",30-99765488-6,bajo,,274
SIM-2025-0358,Banda,La Banda,Belgrano,Diagonal Saavedra N° 8228,35,03-09-2025,,Iniciada,-27.726413,-64.238617,21,2a,Inclusion,Urbana,3,,358,"Juarez, Benjamin Ezequiel",30-99765488-6,alto,,359
SIM-2026-0359,Banda,La Banda,,Calle 6 N° 767,33,18-07-2026,,Iniciada,-27.717067,-64.248888,24,1a,Inclusion,Urbana,2,,359,"Gomez, Juana",30-99765488-6,bajo,,41
SIM-2025-0360,Robles,Fernández,Villa del Parque,Blv. Merlo N° 271,50,26-10-2025,06-02-2026,Adjudicada,-27.934706,-63.859986,100,2a,Inclusion,Rural,2,,360,"Carrizo, Santino",30-59804127-3,bajo,,103
SIM-2024-0361,Silípica,Clodomira,Villa del Parque,Calle Neuquén N° 893,42,25-03-2026,01-07-2026,Finalizada,-27.577276,-64.139287,82,1a,Inclusion,Urbana,2,,361,"Moyano, Valentina ",30-99871205-4,bajo,,98
SIM-2026-0362,Atamisqui,Villa Atamisqui,San Jorge,Diagonal Río Negro N° 442,47,23-06-2026,,Iniciada,-28.443619,-63.814125,30,1a,Inclusion,Económica,1,,362,"Luna, Juan Manuel",30-71782995-2,bajo,,66
SIM-2026-0363,Guasayán,El Charco,Centenario,Calle Corrientes N° 1819,42,04-08-2026,,Iniciada,-28.045455,-65.018702,12,5b,Exclusion,Urbana,2,,363,"Gutierrez, Juan Pablo",30-99812340-1,bajo,,24
SIM-2023-0364,Choya,Frías,Villa Jardín,Camino Córdoba N° 461,44,16-09-2023,09-12-2023,Adjudicada,-28.651534,-65.138289,100,3a,Inclusion,Rural,2,,364,"Cruz, Bianca",30-99812340-1,bajo,,84
SIM-2025-0365,Choya,Frías,Los Aromos,Diagonal 1 N° 487,49,27-04-2025,,Avanzada,-28.634903,-65.136065,76,1a,Inclusion,Urbana,2,,365,"Martin, Thiago",30-99765488-6,medio,,488
SIM-2026-0366,Capital,Santiago del Estero,Norte,Avenida Alem N° 46,30,13-08-2026,,Iniciada,-27.796453,-64.259585,25,4a,Otro,Económica,2,,366,"Luna, Camilo",30-99765488-6,bajo,,15
SIM-2025-0367,Atamisqui,Villa Atamisqui,Centro,Blv. J.J. Castelli N° 792,51,04-10-2025,,Iniciada,-28.464506,-63.814763,11,4a,Otro,Urbana,2,,367,"Lopez, Tiziano Benjamin",30-99765488-6,alto,,328
SIM-2025-0368,Banda,La Banda,San Martín,Calle 9 N° 829,43,11-01-2025,,Avanzada,-27.787133,-64.202409,78,2a,Inclusion,Urbana,2,,368,"Olivera, Ana Paula",30-70945612-8,medio,,594
SIM-2024-0369,Jiménez,Añatuya,Autonomía,Av. 8 N° 962,48,06-04-2026,11-06-2026,Finalizada,-28.440053,-62.859718,92,2a,Inclusion,Rural,2,,369,"Avila, Santino",30-99812340-1,bajo,,66
SIM-2023-0370,Figueroa,Suncho Corral,Rivadavia,Av. Catamarca N° 352,57,24-01-2026,,Iniciada,-28.576961,-63.454228,14,3a,Inclusion,Urbana,2,,370,"Quiroga, Juana",30-68902314-5,alto,,216
SIM-2026-0371,Guasayán,El Charco,San Martín,Camino Comodoro Rivadavia N° 85,50,24-06-2026,,Avanzada,-28.067432,-65.019086,38,5c,Exclusion,Urbana,2,,371,"Rodriguez, Milagros",30-99812340-1,bajo,,65
SIM-2026-0372,Pellegrini,Tintina,Villa Luján,Avenida 7 N° 318,47,22-06-2026,,Avanzada,-27.025078,-62.713292,40,5g,Exclusion,Rural,3,,372,"Cardozo, Francisco",30-70945612-8,bajo,,67
SIM-2026-0373,Choya,Frías,Rivadavia,Boulevard Merlo N° 842,45,06-07-2026,,Avanzada,-28.604739,-65.138037,75,OT,Otro,Urbana,1,,373,"Garcia, Clara",30-99812340-1,bajo,,53
SIM-2026-0374,Robles,Fernández,Autonomía,Diagonal J.M. de Rosas N° 318,52,05-02-2026,,Iniciada,-27.908088,-63.867101,6,3a,Inclusion,Rural,1,,374,"Ortiz, Justina",30-99903421-7,alto,,204
SIM-2024-0375,Atamisqui,Villa Atamisqui,25 de Mayo,Av. 4 N° 949,55,02-02-2026,,Iniciada,-28.469503,-63.841574,11,2a,Inclusion,Rural,2,,375,"Lopez, Benjamin",30-68902314-5,alto,,207
SIM-2025-0376,Robles,Fernández,Centro,Avenida Rivadavia N° 88,39,02-02-2026,07-04-2026,Adjudicada,-27.947634,-63.881553,100,4b,Otro,Urbana,2,,376,"Garcia, Maximiliano",30-59804127-3,bajo,,64
SIM-2024-0377,Mitre,Bandera,Norte,Avenida San Martin N° 2966,46,07-09-2024,22-01-2025,Adjudicada,-29.275154,-62.262082,100,5b,Exclusion,Urbana,3,,377,"Aguirre, Thiago",30-99903421-7,bajo,,137
SIM-2025-0378,Salavina,Los Telares,25 de Mayo,Av. 1 N° 5320,47,14-10-2025,18-05-2026,Finalizada,-29.213405,-63.490953,94,5e,Exclusion,Urbana,2,,378,"Mendoza, Fausto",30-99871205-4,bajo,,216
SIM-2023-0379,Mitre,Bandera,Centro,Calle J.M. de Rosas N° 754,52,07-04-2026,27-07-2026,Finalizada,-29.278395,-62.250646,95,1a,Inclusion,Urbana,1,,379,"Gonzalez, Tiziano Valentin",30-99871205-4,bajo,,111
SIM-2026-0380,Choya,Frías,Los Aromos,Blv. Tierra del Fuego N° 7942,49,05-04-2026,,Iniciada,-28.670097,-65.126247,1,2a,Inclusion,Urbana,2,,380,"Franco, Nahiara",30-68902314-5,alto,,145
SIM-2026-0381,Salavina,Los Telares,Catamarca,Boulevard Río Negro N° 53,43,23-01-2026,,Iniciada,-29.226356,-63.495237,12,1a,Inclusion,Urbana,2,,381,"Molina, Josefina",30-99903421-7,alto,,217
SIM-2026-0382,Ojo de Agua,Ojo de Agua,Villa del Parque,Calle Río Negro N° 427,44,16-02-2026,,Avanzada,-29.50674,-63.700115,74,4a,Otro,Urbana,2,,382,"Leiva, Benicio",30-99765488-6,medio,,193
SIM-2026-0383,Rivadavia,Pinto,Belgrano,Calle 9 N° 5616,55,16-08-2026,,Avanzada,-29.172733,-61.922921,41,3a,Inclusion,Urbana,3,,383,"Caceres, Franco",30-99903421-7,bajo,,12
SIM-2026-0384,Robles,Fernández,Malvinas,Diagonal G. Brown N° 9097,30,28-02-2026,,Iniciada,-27.942245,-63.904845,13,3a,Inclusion,Económica,1,,384,"Ramos, Agustina",30-99903421-7,alto,,181
SIM-2026-0385,Robles,Fernández,Palermo,Av. Saavedra N° 226,55,14-05-2026,,Iniciada,-27.938501,-63.910816,11,5f,Otro,Rural,2,,385,"Flores, Matias",30-71782995-2,alto,,106
SIM-2024-0386,Banda,La Banda,4 de Junio,Calle Pte. Perón N° 993,60,08-11-2025,22-05-2026,Finalizada,-27.716823,-64.252387,92,2a,Inclusion,Económica,3,,386,"Franco, Pilar",30-99871205-4,bajo,,195
SIM-2026-0387,Banda,La Banda,Autonomía,Boulevard Saavedra N° 54,30,15-07-2026,,Avanzada,-27.717328,-64.245847,68,4b,Otro,Rural,2,,387,"Cardozo, Bastian",30-99871205-4,bajo,,44
SIM-2026-0388,Jiménez,Añatuya,25 de Mayo,Av. Tierra del Fuego N° 2435,32,03-07-2025,15-04-2026,Finalizada,-28.418763,-62.866012,100,2a,Inclusion,Urbana,2,,388,"Mendez, Olivia",30-99871205-4,bajo,,286
SIM-2025-0389,Banda,La Banda,Los Ejidos,Camino 2 N° 23,54,06-06-2026,,Avanzada,-27.716594,-64.196084,99,5b,Exclusion,Urbana,2,,389,"Gomez, Bautista",30-71782995-2,bajo,,83
SIM-2026-0390,Robles,Fernández,Villa Luján,Calle 4 N° 992,50,12-07-2026,,Iniciada,-27.91685,-63.876294,26,1a,Inclusion,Urbana,2,,390,"Perez, Sofia",30-99812340-1,bajo,,47
SIM-2025-0391,Mitre,Bandera,Santa Rosa,Calle Pte. Perón N° 586,45,09-09-2025,,Avanzada,-29.260339,-62.262939,79,5g,Exclusion,Rural,2,,391,"Lopez, Sol",30-99765488-6,medio,,353
SIM-2026-0392,Banda,La Banda,,Calle San Salvador de Jujuy N° 2175,42,07-07-2025,,Iniciada,-27.736127,-64.253571,18,1a,Inclusion,Rural,2,,392,"Rodriguez, Zoe Jazmin",30-68902314-5,alto,,417
SIM-2023-0393,Banda,La Banda,Palermo,Avenida 4 N° 9479,37,26-02-2026,27-07-2026,Finalizada,-27.765473,-64.24177,100,4c,Otro,Urbana,3,,393,"Soria, Agustina",30-70945612-8,bajo,,151
SIM-2024-0394,Banda,La Banda,4 de Junio,Av. 5 N° 369,54,18-12-2025,17-04-2026,Finalizada,-27.754865,-64.236762,98,2a,Inclusion,Rural,2,,394,"Moreno, Simon",30-99903421-7,bajo,,120
SIM-2026-0395,Salavina,Los Telares,Santa Rosa,Blv. Santa Rosa N° 599,37,08-06-2026,,Avanzada,-29.20447,-63.548269,48,5a,Exclusion,Rural,1,,395,"Gonzalez, Constantino",30-70945612-8,bajo,,81
SIM-2026-0396,Robles,Fernández,FONAVI,Diag. San Martin N° 25,42,11-06-2026,,Iniciada,-27.910066,-63.904685,26,1a,Inclusion,Rural,2,,396,"Perez, Paulina",30-99765488-6,bajo,,78
SIM-2023-0397,Banda,La Banda,Belgrano,Av. Buenos Aires N° 938,45,14-10-2025,01-04-2026,Finalizada,-27.725099,-64.25743,90,4c,Otro,Urbana,3,,397,"Avila, Salvador",30-71782995-2,bajo,,169
SIM-2026-0398,Silípica,Clodomira,Los Ejidos,Diagonal La Rioja N° 6727,46,01-04-2026,,Avanzada,-27.595012,-64.143825,35,4c,Otro,Rural,2,,398,"Martin, Martina",30-68902314-5,medio,,149
SIM-2025-0399,Robles,Fernández,La Reducción,Diag. Alem N° 383,44,13-06-2025,,Avanzada,-27.955674,-63.879071,59,2b,Inclusion,Urbana,2,,399,"Juarez, Juan Ignacio",30-71782995-2,medio,,441
SIM-2026-0400,General Taboada,Añatuya,FONAVI,Diag. Salta N° 6935,54,25-07-2026,,Avanzada,-28.461055,-62.82497,58,1a,Inclusion,Urbana,3,,400,"Rodriguez, Bianca",30-99903421-7,bajo,,34
SIM-2026-0401,Capital,Santiago del Estero,San Jorge,Avenida Misiones N° 787,45,05-05-2026,,Avanzada,-27.792746,-64.268729,65,2a,Inclusion,Urbana,2,,401,"Carrizo, Florencia",30-99871205-4,medio,,115
SIM-2024-0402,Atamisqui,Villa Atamisqui,Belgrano,Av. 1 N° 525,44,11-11-2024,27-02-2025,Adjudicada,-28.471221,-63.820121,100,2a,Inclusion,Rural,2,,402,"Juarez, Juan Manuel",30-99812340-1,bajo,,108
SIM-2024-0403,Banda,La Banda,Centenario,Av. La Pampa N° 35,34,22-10-2025,27-05-2026,Finalizada,-27.747636,-64.251932,83,1a,Inclusion,Rural,2,,403,"Romero, Malena",30-99871205-4,bajo,,217
SIM-2026-0404,Jiménez,Añatuya,Malvinas,Diag. San Miguel de Tucumán N° 344,39,03-06-2026,,Iniciada,-28.428508,-62.86339,3,5a,Exclusion,Urbana,2,,404,"Romero, Julian",30-70945612-8,bajo,,86
SIM-2026-0405,Ojo de Agua,Ojo de Agua,Centenario,Av. 8 N° 266,42,26-10-2025,28-02-2026,Adjudicada,-29.521931,-63.680891,100,1a,Inclusion,Urbana,2,,405,"Torres, Luisina",30-59804127-3,bajo,,125
SIM-2025-0406,Figueroa,Suncho Corral,Rivadavia,Diagonal Salta N° 250,46,23-12-2025,,Iniciada,-28.535541,-63.455123,8,2b,Inclusion,Urbana,2,,406,"Gomez, Benjamin",30-99812340-1,alto,,248
SIM-2023-0407,Choya,Frías,Sur,Calle Santa Rosa N° 719,36,05-03-2026,28-05-2026,Finalizada,-28.663036,-65.098387,86,2a,Inclusion,Rural,2,,407,"Gonzalez, Juan",30-99903421-7,bajo,,84
SIM-2025-0408,Rivadavia,Pinto,Palermo,Boulevard Santa Fe N° 879,47,07-10-2025,,Avanzada,-29.147423,-61.885592,66,2a,Inclusion,Urbana,2,,408,"Fernandez, Martín",30-99871205-4,medio,,325
SIM-2025-0409,Capital,Santiago del Estero,,Avenida Misiones N° 3721,44,22-11-2025,22-04-2026,Finalizada,-27.798335,-64.263337,82,5b,Exclusion,Rural,3,,409,"Paez, Mateo",30-70945612-8,bajo,,151
SIM-2024-0410,Mitre,Bandera,Rivadavia,Diag. 4 N° 35,59,10-07-2026,,Avanzada,-29.276646,-62.25065,87,4a,Otro,Urbana,1,,410,"Moreno, Mateo",30-71782995-2,bajo,,49
SIM-2025-0411,Copo,Monte Quemado,Centro,Av. Constitución N° 63,43,25-11-2025,13-05-2026,Adjudicada,-25.810035,-62.855656,100,OT,Otro,Urbana,3,,411,"Gonzalez, Morena",30-70945612-8,bajo,,169
SIM-2026-0412,Capital,Santiago del Estero,Catamarca,Avenida San Ferando del Valle de Catamarca N° 442,55,31-01-2026,,Iniciada,-27.748565,-64.275466,17,4a,Otro,Urbana,1,,412,"Fernandez, Valentino",30-70945612-8,alto,,209
SIM-2026-0413,Copo,Monte Quemado,Malvinas,Calle Alvear N° 877,48,04-01-2026,,Iniciada,-25.769801,-62.840965,30,2a,Inclusion,Económica,2,,413,"Blanco, Bautista Benjamin",30-99812340-1,medio,,236
SIM-2026-0414,Atamisqui,Villa Atamisqui,Villa Jardín,Calle Comodoro Rivadavia N° 822,43,01-03-2026,,Iniciada,-28.451689,-63.827824,6,1a,Inclusion,Rural,1,,414,"Herrera, Francisco",30-99812340-1,alto,,180
SIM-2025-0415,Silípica,Clodomira,Norte,Av. Posadas N° 1411,39,05-07-2025,,Iniciada,-27.58147,-64.151266,11,2b,Inclusion,Rural,3,,415,"Medina, Benjamin",30-68902314-5,alto,,419
SIM-2026-0416,Aguirre,Nueva Esperanza,Santa Rosa,Diagonal 2 N° 3523,39,22-05-2025,17-10-2025,Adjudicada,-27.674031,-62.417386,100,2a,Inclusion,Urbana,2,,416,"Ortiz, Benicio",30-59804127-3,bajo,,148
SIM-2025-0417,Salavina,Los Telares,Santa Rosa,Diagonal Alvear N° 29,46,11-05-2025,,Avanzada,-29.216792,-63.548006,66,4b,Otro,Rural,2,,417,"Romero, Santino",30-99871205-4,medio,,474
SIM-2026-0418,Figueroa,Suncho Corral,Sur,Diagonal Alem N° 218,47,28-03-2026,,Avanzada,-28.542996,-63.478887,51,OT,Otro,Rural,1,,418,"Gomez, Antonia",30-68902314-5,medio,,153
SIM-2026-0419,Ojo de Agua,Ojo de Agua,Centro,Av. Neuquén N° 26,56,16-03-2026,15-07-2026,Adjudicada,-29.486902,-63.718774,100,5a,Exclusion,Urbana,2,,419,"Cardozo, Santino Ezequiel",30-99903421-7,bajo,,121
SIM-2025-0420,Silípica,Clodomira,San Martín,Blv. La Rioja N° 62,44,28-02-2025,,Avanzada,-27.563458,-64.14569,72,2a,Inclusion,Rural,2,,420,"Sanchez, Florencia",30-99765488-6,medio,,546
SIM-2026-0421,Salavina,Los Telares,Autonomía,Diag. 8 N° 92,48,05-06-2026,,Avanzada,-29.21095,-63.518632,81,1a,Inclusion,Urbana,3,,421,"Cruz, Antonia",30-71782995-2,bajo,,84
SIM-2025-0422,Choya,Frías,Malvinas,Diagonal Río Negro N° 3179,34,13-05-2025,24-09-2025,Adjudicada,-28.664572,-65.133952,100,5f,Otro,Económica,3,,422,"Ramos, Renata",30-59804127-3,bajo,,134
SIM-2025-0423,Figueroa,Suncho Corral,Centenario,Av. Tucumán N° 33,39,13-02-2025,08-08-2025,Adjudicada,-28.560002,-63.45927,100,2a,Inclusion,Urbana,2,,423,"Villalba, Camilo",30-99765488-6,bajo,,176
SIM-2023-0424,Jiménez,Añatuya,Autonomía,Diagonal 9 N° 8746,48,22-04-2026,23-07-2026,Finalizada,-28.43775,-62.821356,91,1a,Inclusion,Rural,2,,424,"Ayala, Clara",30-99903421-7,bajo,,92
SIM-2025-0425,Choya,Frías,25 de Mayo,Av. Constitución N° 689,52,09-10-2025,15-05-2026,Finalizada,-28.667662,-65.142695,93,1a,Inclusion,Urbana,2,,425,"Duarte, Elena",30-70945612-8,bajo,,218
SIM-2025-0426,Moreno,Quimilí,San Jorge,Calle Tierra del Fuego N° 518,47,29-04-2025,,Iniciada,-27.635449,-62.371252,21,5c,Exclusion,Urbana,2,,426,"Correa, Nicolas",30-70945612-8,alto,,486
SIM-2024-0427,Capital,Santiago del Estero,Norte,Calle 1 N° 518,45,20-09-2025,06-06-2026,Finalizada,-27.791543,-64.266564,98,4b,Otro,Urbana,1,,427,"Sanchez, Francesca",30-68902314-5,bajo,,259
SIM-2024-0428,Capital,Santiago del Estero,Centenario,Av. San Salvador de Jujuy N° 3771,51,07-02-2026,07-07-2026,Finalizada,-27.797744,-64.248254,96,3a,Inclusion,Urbana,2,,428,"Romero, Julian",30-68902314-5,bajo,,150
SIM-2026-0429,Moreno,Quimilí,San Jorge,Boulevard 4 N° 877,31,20-12-2025,18-05-2026,Finalizada,-27.652148,-62.436962,90,1a,Inclusion,Urbana,3,,429,"Rivero, Zoe Jazmin",30-99812340-1,bajo,,149
SIM-2026-0430,Rivadavia,Pinto,FONAVI,Diagonal Ciudad Autónoma de Buenos Aires N° 9885,30,04-03-2026,17-07-2026,Adjudicada,-29.143856,-61.916861,100,4c,Otro,Urbana,1,,430,"Ayala, Josefina",30-68902314-5,bajo,,135
SIM-2023-0431,Robles,Fernández,Los Aromos,Camino San Salvador de Jujuy N° 101,44,27-04-2025,02-11-2025,Finalizada,-27.920006,-63.842126,100,4c,Otro,Urbana,3,,431,"Perez, Agustin",30-59804127-3,bajo,,189
SIM-2025-0432,Capital,Santiago del Estero,Sur,Avenida Jujuy N° 759,43,15-03-2026,,Avanzada,-27.779907,-64.259527,45,4b,Otro,Rural,2,,432,"Gomez, Juan Ignacio",30-68902314-5,medio,,166
SIM-2025-0433,Choya,Frías,Santa Rosa,Calle Güemes N° 155,46,11-02-2025,02-06-2025,Finalizada,-28.631457,-65.142225,98,4b,Otro,Rural,2,,433,"Arias, Ian Benjamin",30-99812340-1,bajo,,111
SIM-2024-0434,Mitre,Bandera,Villa Luján,Calle J.B. Alberdi N° 463,51,31-07-2026,,Avanzada,-29.268209,-62.280026,93,2a,Inclusion,Rural,3,,434,"Suarez, Juan Pablo",30-71782995-2,bajo,,28
SIM-2024-0435,Capital,Santiago del Estero,Centro,Calle 199 Bis N° 9299,48,04-02-2026,,Iniciada,-27.798149,-64.274603,10,2a,Inclusion,Rural,2,,435,"Cruz, Felipe",30-68902314-5,alto,,205
SIM-2026-0436,Figueroa,Suncho Corral,,Diag. 9 N° 75,44,07-08-2025,04-12-2025,Finalizada,-28.574172,-63.442493,100,4c,Otro,Urbana,3,,436,"Martinez, Valentina",30-59804127-3,bajo,,119
SIM-2026-0437,Jiménez,Añatuya,Villa Luján,Diagonal 4 N° 82,44,12-04-2026,,Avanzada,-28.440454,-62.832455,39,2b,Inclusion,Rural,3,,437,"Mendez, Lorenzo",30-99812340-1,medio,,138
SIM-2024-0438,Robles,Fernández,Los Ejidos,Avenida 5 N° 565,48,08-12-2025,12-05-2026,Adjudicada,-27.91228,-63.861976,100,4b,Otro,Económica,2,,438,"Torres, Clara",30-59804127-3,bajo,,155
SIM-2024-0439,Salavina,Los Telares,,Diagonal Rivadavia N° 378,37,03-12-2025,21-04-2026,Finalizada,-29.220814,-63.543613,100,2b,Inclusion,Urbana,3,,439,"Rodriguez, Mora",30-59804127-3,bajo,,139
SIM-2026-0440,Rivadavia,Pinto,Villa Luján,Calle Chilecito N° 579,43,28-06-2026,,Iniciada,-29.158494,-61.907971,32,1a,Inclusion,Rural,2,,440,"Gomez, Juan Pablo",30-70945612-8,bajo,,61
SIM-2026-0441,Capital,Santiago del Estero,Centro,Calle Belgrano N° 9147,44,25-07-2025,,Iniciada,-27.79398,-64.251466,15,2a,Inclusion,Urbana,3,,441,"Ramirez, Guillermina",30-68902314-5,alto,,399
SIM-2025-0442,Capital,Santiago del Estero,San Martín,Avenida Catamarca N° 95,30,23-04-2025,,Iniciada,-27.786243,-64.259839,31,1a,Inclusion,Económica,3,,442,"Peralta, Nahuel",30-99871205-4,medio,,492
SIM-2026-0443,General Taboada,Añatuya,San Martín,Blv. 9 N° 664,36,19-01-2026,,Iniciada,-28.487908,-62.831594,26,2a,Inclusion,Urbana,2,,443,"Cordoba, Joaquin",30-99812340-1,alto,,221
SIM-2024-0444,Banda,La Banda,Rivadavia,Av. Santiago del Estero N° 496,53,26-07-2026,,Avanzada,-27.724201,-64.212446,67,4b,Otro,Urbana,2,,444,"Benitez, Benjamin",30-71782995-2,bajo,,33
SIM-2025-0445,Jiménez,Añatuya,Villa Luján,Calle Santa Fe N° 158,45,01-06-2025,,Avanzada,-28.463842,-62.814167,79,5b,Exclusion,Rural,3,,445,"Ramirez, Mia",30-99871205-4,medio,,453
SIM-2025-0446,Aguirre,Nueva Esperanza,Norte,Avenida Paraná N° 694,42,28-09-2025,18-07-2026,Adjudicada,-27.658068,-62.429041,100,2a,Inclusion,Urbana,2,,446,"Aguero, Delfina",30-99765488-6,bajo,,293
SIM-2024-0447,Capital,Santiago del Estero,Los Aromos,Avenida Río Gallegos N° 427,45,15-04-2024,26-07-2024,Adjudicada,-27.801987,-64.257933,100,2a,Inclusion,Urbana,1,,447,"Fernandez, Emma",30-70945612-8,bajo,,102
SIM-2026-0448,Figueroa,Suncho Corral,,Diag. Alvear N° 664,52,26-01-2025,14-07-2025,Finalizada,-28.557945,-63.435135,93,5a,Exclusion,Urbana,2,,448,"Paz, Joaquin",30-70945612-8,bajo,,169
SIM-2026-0449,Figueroa,Suncho Corral,Villa Jardín,Av. Güemes N° 99,30,08-08-2026,,Iniciada,-28.540908,-63.469728,16,4b,Otro,Urbana,2,,449,"Arias, Juan",30-70945612-8,bajo,,20
SIM-2024-0450,Ojo de Agua,Ojo de Agua,Santa Rosa,Calle 8 N° 295,42,18-12-2024,07-05-2025,Adjudicada,-29.492182,-63.721604,100,2a,Inclusion,Urbana,2,,450,"Vargas, Abril",30-99812340-1,bajo,,140
SIM-2026-0451,Capital,Santiago del Estero,Sur,Av. La Pampa N° 22,48,06-08-2026,,Iniciada,-27.816062,-64.293436,4,4b,Otro,Urbana,3,,451,"Gonzalez, Victoria",30-99871205-4,bajo,,22
SIM-2025-0452,Capital,Santiago del Estero,Santa Rosa,Boulevard Santa Rosa N° 69,30,13-04-2026,01-07-2026,Finalizada,-27.781335,-64.271377,92,2a,Inclusion,Urbana,3,,452,"Moreno, Agustin",30-99812340-1,bajo,,79
SIM-2025-0453,Capital,Santiago del Estero,Villa Hogar,Av. Alvear N° 97,34,02-04-2025,,Iniciada,-27.804832,-64.253948,13,2a,Inclusion,Rural,3,,453,"Fernandez, Malena",30-68902314-5,alto,,513
SIM-2023-0454,Figueroa,Suncho Corral,Centro,Boulevard San Luis N° 961,48,22-11-2023,23-01-2024,Adjudicada,-28.5547,-63.443276,100,5f,Otro,Rural,2,,454,"Fernandez, Guadalupe",30-70945612-8,bajo,,62
SIM-2025-0455,Capital,Santiago del Estero,San Jorge,Avenida 7 N° 980,52,12-09-2024,10-05-2025,Finalizada,-27.792848,-64.278515,100,2b,Inclusion,Económica,2,,455,"Fernandez, Ciro",30-59804127-3,bajo,,240
SIM-2026-0456,Atamisqui,Villa Atamisqui,Villa del Parque,Av. San Miguel de Tucumán N° 7011,37,10-05-2026,11-09-2026,Adjudicada,-28.483854,-63.821491,100,1a,Inclusion,Urbana,3,,456,"Acuña, Juana",30-70945612-8,bajo,,124
SIM-2025-0457,Figueroa,Suncho Corral,Villa Hogar,Diag. Alem N° 41,43,11-08-2025,,Avanzada,-28.565979,-63.458926,77,1a,Inclusion,Rural,1,,457,"Rios, Mia Valentina",30-70945612-8,medio,,382
SIM-2026-0458,Figueroa,Suncho Corral,Villa Hogar,Calle Mar del Plata N° 79,33,18-01-2026,,Iniciada,-28.527189,-63.467694,15,2a,Inclusion,Rural,1,,458,"Martinez, Juan Gabriel",30-70945612-8,alto,,222
SIM-2025-0459,Moreno,Quimilí,La Reducción,Av. 8 N° 65,39,01-05-2025,16-09-2025,Adjudicada,-27.611519,-62.416768,100,2a,Inclusion,Urbana,3,,459,"Ramirez, Tiziano Benjamin",30-99871205-4,bajo,,138
SIM-2025-0460,Guasayán,El Charco,FONAVI,Diagonal Chubut N° 535,57,23-10-2025,,Iniciada,-28.045282,-65.033901,17,2a,Inclusion,Rural,3,,460,"Sosa, Justina",30-99871205-4,alto,,309
SIM-2025-0461,Figueroa,Suncho Corral,Malvinas,Avenida 7 N° 36,59,11-07-2025,,Iniciada,-28.545797,-63.451782,10,2b,Inclusion,Urbana,3,,461,"Juarez, Santino",30-68902314-5,alto,,413
SIM-2025-0462,Moreno,Quimilí,,Calle Chilecito N° 769,46,02-10-2025,18-04-2026,Finalizada,-27.648903,-62.399642,100,OT,Otro,Urbana,2,,462,"Alvarez, Ciro",30-70945612-8,bajo,,198
SIM-2025-0463,Capital,Santiago del Estero,Autonomía,Camino Belgrano N° 52,44,18-07-2026,,Avanzada,-27.771569,-64.232893,85,2b,Inclusion,Urbana,2,,463,"Benitez, Ambar",30-71782995-2,bajo,,41
SIM-2024-0464,Banda,La Banda,FONAVI,Calle 7 N° 66,39,17-01-2024,25-06-2024,Adjudicada,-27.748562,-64.231721,100,2b,Inclusion,Rural,2,,464,"Gimenez, Santiago",30-99903421-7,bajo,,160
SIM-2025-0465,Silípica,Clodomira,Sur,Diagonal 2 N° 73,41,22-01-2026,,Avanzada,-27.534759,-64.130542,50,2a,Inclusion,Urbana,3,,465,"Molina, Josefina",30-68902314-5,medio,,218
SIM-2026-0466,Capital,Santiago del Estero,Centro,Blv. Rosario N° 82,37,08-07-2026,,Iniciada,-27.791676,-64.285248,30,3a,Inclusion,Rural,1,,466,"Diaz, Nahuel",30-99871205-4,bajo,,51
SIM-2026-0467,Capital,Santiago del Estero,Norte,Calle Alem N° 61,37,16-06-2026,,Avanzada,-27.773393,-64.272824,59,1a,Inclusion,Urbana,2,,467,"Vera, Olivia",30-99812340-1,bajo,,73
SIM-2025-0468,Aguirre,Nueva Esperanza,Villa Jardín,Avenida Corrientes N° 5385,49,02-07-2025,11-01-2026,Adjudicada,-27.64234,-62.396657,100,1a,Inclusion,Rural,2,,468,"Sosa, Guadalupe",30-99903421-7,bajo,,193
SIM-2025-0469,Choya,Frías,Villa Luján,Av. 8 N° 1643,34,29-10-2025,,Iniciada,-28.630071,-65.150622,33,4b,Otro,Urbana,3,,469,"Ferreyra, Juan Cruz",30-99903421-7,medio,,303
SIM-2025-0470,Rivadavia,Pinto,4 de Junio,Camino Salta N° 48,42,07-03-2026,,Avanzada,-29.125976,-61.902808,33,2a,Inclusion,Rural,2,,470,"Ruiz, Valentina",30-68902314-5,medio,,174
SIM-2026-0471,Capital,Santiago del Estero,San Jorge,Boulevard Chubut N° 441,47,25-01-2026,18-05-2026,Adjudicada,-27.771093,-64.250988,100,4a,Otro,Urbana,2,,471,"Gomez, Mia",30-59804127-3,bajo,,113
SIM-2026-0472,Copo,Monte Quemado,Belgrano,Calle 5 N° 633,50,17-03-2026,26-07-2026,Finalizada,-25.76103,-62.842583,100,2b,Inclusion,Urbana,2,,472,"Rojas, Guadalupe",30-99812340-1,bajo,,131
SIM-2025-0473,Banda,La Banda,Villa del Parque,Av. Mendoza N° 323,55,19-06-2026,,Avanzada,-27.733974,-64.235165,66,3a,Inclusion,Urbana,2,,473,"Mendez, Lautaro Benjamin",30-71782995-2,bajo,,70
SIM-2026-0474,Banda,La Banda,Los Aromos,Diagonal Salta N° 56,52,12-08-2026,,Iniciada,-27.725859,-64.230311,18,5d,Exclusion,Rural,2,,474,"Miranda, Emilia",30-70945612-8,bajo,,16
SIM-2023-0475,Robles,Fernández,Los Ejidos,Av. Bahía Blanca N° 498,37,14-10-2025,,Iniciada,-27.933569,-63.902106,19,5a,Exclusion,Urbana,3,,475,"Acosta, Angelina",30-68902314-5,alto,,318
SIM-2026-0476,Jiménez,Añatuya,Villa Luján,Diagonal 3 N° 580,36,08-01-2026,,Iniciada,-28.495394,-62.803988,14,4b,Otro,Urbana,2,,476,"Lopez, Nicolas",30-99812340-1,alto,,232
SIM-2025-0477,Capital,Santiago del Estero,Norte,Avenida Posadas N° 844,46,01-01-2026,,Avanzada,-27.798983,-64.265983,48,2b,Inclusion,Rural,3,,477,"Romero, Milagros",30-68902314-5,medio,,239
SIM-2026-0478,Atamisqui,Villa Atamisqui,Los Ejidos,Av. Mar del Plata N° 281,40,15-05-2025,,Iniciada,-28.466317,-63.805511,4,5a,Exclusion,Urbana,3,,478,"Dominguez, Isabella",30-68902314-5,alto,,470
SIM-2025-0479,Choya,Frías,Palermo,Avenida 5 N° 8019,42,11-03-2025,,Iniciada,-28.651008,-65.131914,2,5c,Exclusion,Rural,2,,479,"Rivero, Valentina",30-99812340-1,alto,,535
SIM-2025-0480,Aguirre,Nueva Esperanza,San Jorge,Calle Rivadavia N° 682,49,16-08-2025,,Avanzada,-27.623068,-62.409162,72,4c,Otro,Urbana,3,,480,"Roldan, Thiago",30-70945612-8,medio,,377
SIM-2026-0481,Capital,Santiago del Estero,Los Aromos,Av. 1 N° 8344,45,23-01-2026,,Avanzada,-27.783068,-64.239877,62,2a,Inclusion,Rural,2,,481,"Navarro, Guadalupe",30-99903421-7,medio,,217
SIM-2024-0482,Capital,Santiago del Estero,Centenario,Calle 7 N° 579,39,11-10-2025,08-04-2026,Adjudicada,-27.818343,-64.253806,100,1a,Inclusion,Urbana,2,,482,"Chavez, Santiago",30-59804127-3,bajo,,179
SIM-2026-0483,Copo,Monte Quemado,Villa Jardín,Avenida Rivadavia N° 9899,53,26-06-2026,,Avanzada,-25.809515,-62.820445,70,1a,Inclusion,Urbana,2,,483,"Sanchez, Juan Ignacio",30-99812340-1,bajo,,63
SIM-2026-0484,Banda,La Banda,Catamarca,Diagonal San Martin N° 396,56,08-02-2026,,Iniciada,-27.734617,-64.234441,18,4b,Otro,Rural,2,,484,"Lopez, Lucía ",30-68902314-5,alto,,201
SIM-2025-0485,Choya,Frías,,Calle Misiones N° 541,48,11-09-2025,,Avanzada,-28.643666,-65.09017,44,5e,Exclusion,Rural,3,,485,"Gonzalez, Juan Ignacio",30-70945612-8,medio,,351
SIM-2025-0486,Banda,La Banda,Villa del Parque,Diagonal Mendoza N° 8459,47,04-06-2026,,Avanzada,-27.766694,-64.22644,55,5c,Exclusion,Urbana,2,,486,"Carrizo, Morena",30-71782995-2,bajo,,85
SIM-2024-0487,Robles,Fernández,San Martín,Av. Formosa N° 432,43,21-09-2025,08-12-2025,Finalizada,-27.903784,-63.874883,93,5f,Otro,Rural,2,,487,"Fernandez, Thiago Lionel",30-70945612-8,bajo,,78
SIM-2026-0488,Banda,La Banda,Centenario,Avenida Alem N° 165,38,11-02-2026,,Avanzada,-27.757037,-64.243762,77,4a,Otro,Rural,1,,488,"Pereyra, Juan",30-99903421-7,medio,,198
SIM-2026-0489,Rivadavia,Pinto,Los Aromos,Av. 9 N° 816,56,31-07-2026,,Iniciada,-29.163449,-61.886406,33,4c,Otro,Urbana,2,,489,"Figueroa, Ciro",30-99903421-7,bajo,,28
SIM-2026-0490,Capital,Santiago del Estero,Villa del Parque,Diag. Alvear N° 960,47,30-07-2026,,Avanzada,-27.787896,-64.282526,51,2b,Inclusion,Urbana,2,,490,"Gomez, Juan Pablo",30-71782995-2,bajo,,29
SIM-2026-0491,Capital,Santiago del Estero,San Martín,Camino Tierra del Fuego N° 67,43,20-06-2026,,Iniciada,-27.773461,-64.271976,0,2a,Inclusion,Rural,2,,491,"Fernandez, Francisco",30-70945612-8,bajo,,69
SIM-2025-0492,Choya,Frías,Los Ejidos,Calle Omar Nuñez N° 5278,49,22-07-2024,22-03-2025,Finalizada,-28.647736,-65.151128,100,3a,Inclusion,Rural,2,,492,"Sanchez, Samuel",30-59804127-3,bajo,,243
SIM-2025-0493,Rivadavia,Pinto,Sur,Diagonal Santa Fe N° 6317,38,08-09-2025,,Avanzada,-29.155177,-61.889448,71,2a,Inclusion,Urbana,2,,493,"Toledo, Thiago",30-70945612-8,medio,,354
SIM-2026-0494,Banda,La Banda,Villa Luján,Av. La Plata N° 2397,41,26-04-2026,19-01-2027,Adjudicada,-27.742874,-64.226997,100,5f,Otro,Económica,1,,494,"Gonzalez, Victoria",30-99765488-6,bajo,,268
SIM-2025-0495,Choya,Frías,Norte,Calle La Rioja N° 3659,46,10-03-2026,09-06-2026,Finalizada,-28.616915,-65.144193,98,4c,Otro,Económica,2,,495,"Soto, Maria Victoria",30-71782995-2,bajo,,91
SIM-2026-0496,Capital,Santiago del Estero,Catamarca,Calle Formosa N° 508,32,15-07-2026,,Iniciada,-27.778213,-64.286531,20,4a,Otro,Económica,3,,496,"Luna, Isabella",30-99812340-1,bajo,,44
SIM-2025-0497,Choya,Frías,Autonomía,Av. San Salvador de Jujuy N° 333,40,20-06-2025,,Iniciada,-28.675462,-65.114273,21,OT,Otro,Urbana,2,,497,"Martinez, Ignacio",30-70945612-8,alto,,434
SIM-2025-0498,Aguirre,Nueva Esperanza,Norte,Boulevard La Rioja N° 2626,45,12-01-2025,13-04-2025,Finalizada,-27.605952,-62.428156,100,2a,Inclusion,Rural,2,,498,"Vazquez, Manuel",30-59804127-3,bajo,,91
SIM-2025-0499,Mitre,Bandera,Rivadavia,Calle Jujuy N° 95,58,26-01-2026,,Avanzada,-29.246242,-62.23189,43,2a,Inclusion,Urbana,2,,499,"Gomez, Dylan",30-68902314-5,medio,,214
SIM-2025-0500,Capital,Santiago del Estero,Catamarca,Diagonal Ciudad Autónoma de Buenos Aires N° 321,48,25-08-2025,,Iniciada,-27.773249,-64.242567,2,5d,Exclusion,Urbana,2,,500,"Diaz, Valentina ",30-99765488-6,alto,,368
SIM-2026-0501,Jiménez,Añatuya,Villa Luján,Diagonal La Rioja N° 909,38,24-03-2026,,Avanzada,-28.44599,-62.850921,68,5e,Exclusion,Rural,1,,501,"Ferreyra, Francisco",30-99903421-7,medio,,157
SIM-2026-0502,Banda,La Banda,Villa Luján,Avenida Santa Fe N° 2614,41,11-01-2026,,Avanzada,-27.735061,-64.243063,68,1a,Inclusion,Rural,2,,502,"Martinez, Agustín",30-99871205-4,medio,,229
SIM-2024-0503,Salavina,Los Telares,Santa Rosa,Avenida 2 N° 821,45,06-06-2026,,Avanzada,-29.208465,-63.502805,67,2b,Inclusion,Urbana,2,,503,"Chavez, Tiziano",30-71782995-2,bajo,,83
SIM-2026-0504,Capital,Santiago del Estero,Norte,Av. Salta N° 573,43,05-01-2026,,Avanzada,-27.768404,-64.28155,51,2a,Inclusion,Rural,2,,504,"Muñoz, Ana Paula",30-99903421-7,medio,,235
SIM-2025-0505,Guasayán,El Charco,25 de Mayo,Avenida Paraná N° 145,43,23-12-2025,,Iniciada,-28.076903,-65.056598,23,2a,Inclusion,Urbana,2,,505,"Cabrera, Josefina",30-99812340-1,alto,,248
SIM-2025-0506,Silípica,Clodomira,Villa Luján,Diag. 2 N° 5689,48,09-03-2025,,Avanzada,-27.573191,-64.105758,51,5e,Exclusion,Rural,3,,506,"Caceres, Milo",30-99812340-1,medio,,537
SIM-2026-0507,Capital,Santiago del Estero,Malvinas,Av. 6 N° 614,53,19-02-2026,21-05-2026,Finalizada,-27.813435,-64.227626,95,4c,Otro,Urbana,2,,507,"Perez, Victoria",30-68902314-5,bajo,,91
SIM-2024-0508,Choya,Frías,Rivadavia,Av. Santa Fe N° 485,37,04-03-2025,22-05-2025,Finalizada,-28.637522,-65.141077,81,5f,Otro,Urbana,2,,508,"Castro, Olivia",30-99812340-1,bajo,,79
SIM-2025-0509,Figueroa,Suncho Corral,Catamarca,Diagonal Jujuy N° 5011,57,22-12-2025,,Iniciada,-28.5647,-63.423403,21,5f,Otro,Urbana,3,,509,"Dominguez, Juan Ignacio",30-99903421-7,alto,,249
SIM-2025-0510,Banda,La Banda,Villa Jardín,Av. 9 N° 86,36,21-08-2024,25-05-2025,Finalizada,-27.707222,-64.248799,100,5f,Otro,Urbana,2,,510,"Acosta, Luz Milagros",30-59804127-3,bajo,,277
SIM-2026-0511,Moreno,Quimilí,,Av. Saavedra N° 511,46,20-12-2025,23-04-2026,Finalizada,-27.635464,-62.444832,96,1a,Inclusion,Rural,2,,511,"Rodriguez, Valentino",30-99765488-6,bajo,,124
SIM-2026-0512,Robles,Fernández,Malvinas,Diagonal 9 N° 238,33,07-05-2026,,Iniciada,-27.929657,-63.895389,21,4a,Otro,Urbana,1,,512,"Rios, Juan Martin",30-99812340-1,alto,,113
SIM-2026-0513,Moreno,Quimilí,Centenario,Diagonal Rawson N° 745,36,17-08-2026,,Avanzada,-27.628755,-62.422589,77,5b,Exclusion,Urbana,2,,513,"Suarez, Sebastian",30-99903421-7,bajo,,11
SIM-2025-0514,Banda,La Banda,San Jorge,Diagonal Saavedra N° 580,56,04-01-2025,17-05-2025,Finalizada,-27.786701,-64.240495,98,2a,Inclusion,Urbana,1,,514,"Fernandez, Sofia",30-99765488-6,bajo,,133
SIM-2023-0515,Capital,Santiago del Estero,Villa del Parque,Diagonal 9 N° 218,40,08-12-2024,24-08-2025,Finalizada,-27.765097,-64.269228,100,1a,Inclusion,Urbana,2,,515,"Rivero, Juana",30-59804127-3,bajo,,259
SIM-2025-0516,Robles,Fernández,Rivadavia,Diagonal Santa Fe N° 68,46,28-03-2025,,Iniciada,-27.918562,-63.904971,33,5c,Exclusion,Urbana,2,,516,"Juarez, Lourdes",30-70945612-8,medio,,518
SIM-2026-0517,Banda,La Banda,Malvinas,Diag. Alvear N° 2587,43,29-06-2026,,Iniciada,-27.721211,-64.217915,18,4b,Otro,Rural,2,,517,"Ramirez, Valentino",30-99765488-6,bajo,,60
SIM-2025-0518,Capital,Santiago del Estero,Autonomía,Diagonal Rivadavia N° 32,38,05-04-2025,,Avanzada,-27.798666,-64.276804,66,1a,Inclusion,Urbana,2,,518,"Gomez, Lara",30-99765488-6,medio,,510
SIM-2025-0519,Aguirre,Nueva Esperanza,Sur,Avenida 1 N° 413,50,16-07-2025,,Avanzada,-27.656077,-62.411387,65,1a,Inclusion,Económica,2,,519,"Caceres, Juan Francisco",30-99812340-1,medio,,408
SIM-2026-0520,Jiménez,Añatuya,San Jorge,Diagonal Rosario N° 251,42,12-08-2026,,Avanzada,-28.474457,-62.814132,55,5b,Exclusion,Urbana,2,,520,"Maldonado, Manuel",30-99871205-4,bajo,,16
SIM-2026-0521,Banda,La Banda,Centenario,Av. 1 N° 729,30,19-06-2026,,Avanzada,-27.735385,-64.25345,98,1a,Inclusion,Rural,3,,521,"Gonzalez, Antonella",30-71782995-2,bajo,,70
SIM-2024-0522,Aguirre,Nueva Esperanza,Autonomía,Av. 9 N° 99,42,26-08-2024,07-01-2025,Adjudicada,-27.636087,-62.404737,100,2b,Inclusion,Urbana,2,,522,"Sanchez, Camila",30-71782995-2,bajo,,134
SIM-2025-0523,Banda,La Banda,Palermo,Av. 6 N° 978,33,18-08-2025,,Avanzada,-27.733794,-64.230713,60,3a,Inclusion,Urbana,2,,523,"Lopez, Bautista",30-99812340-1,medio,,375
SIM-2025-0524,Banda,La Banda,Villa Hogar,Calle Salta N° 2656,35,15-04-2025,,Avanzada,-27.744523,-64.225703,79,2a,Inclusion,Rural,1,,524,"Castro, Giovanni",30-99903421-7,medio,,500
SIM-2026-0525,Jiménez,Añatuya,Los Ejidos,Blv. Güemes N° 425,47,21-08-2026,,Avanzada,-28.454716,-62.865418,43,2a,Inclusion,Urbana,2,,525,"Silva, Francisco",30-99765488-6,bajo,,7
SIM-2023-0526,Silípica,Clodomira,Rivadavia,Blv. 3 N° 415,52,07-04-2026,,Avanzada,-27.571642,-64.162072,32,2b,Inclusion,Urbana,2,,526,"Romero, Mateo Benjamin",30-68902314-5,medio,,143
SIM-2026-0527,Banda,La Banda,San Jorge,Blv. Entre Ríos N° 606,45,10-07-2026,,Iniciada,-27.748223,-64.254585,13,2b,Inclusion,Urbana,2,,527,"Fernandez, Gino",30-99871205-4,bajo,,49
SIM-2023-0528,Banda,La Banda,Centro,Av. La Pampa N° 8835,44,12-12-2025,,Avanzada,-27.714325,-64.258285,51,5g,Exclusion,Urbana,3,,528,"Vazquez, Dante",30-68902314-5,medio,,259
SIM-2026-0529,Banda,La Banda,Rivadavia,Calle Omar Nuñez N° 1290,45,17-06-2026,,Avanzada,-27.727281,-64.227524,61,3a,Inclusion,Urbana,1,,529,"Torres, Juan Manuel",30-71782995-2,bajo,,72
SIM-2025-0530,Rivadavia,Pinto,,Blv. Bahía Blanca N° 1725,45,13-09-2024,09-04-2025,Finalizada,-29.159607,-61.911897,86,2a,Inclusion,Económica,2,,530,"Torres, Mateo",30-99765488-6,bajo,,208
SIM-2026-0531,General Taboada,Añatuya,Malvinas,Blv. Paraná N° 715,47,29-05-2025,,Iniciada,-28.490299,-62.881584,8,5e,Exclusion,Urbana,3,,531,"Carrizo, Josefina",30-68902314-5,alto,,456
SIM-2025-0532,Mitre,Bandera,Centro,Camino 5 N° 13,37,31-10-2025,12-02-2026,Finalizada,-29.257729,-62.310533,86,3a,Inclusion,Urbana,2,,532,"Blanco, Agustina",30-99871205-4,bajo,,104
SIM-2026-0533,Salavina,Los Telares,Villa Luján,Boulevard Rosario N° 518,44,07-06-2026,,Iniciada,-29.209855,-63.482965,17,1a,Inclusion,Rural,2,,533,"Duarte, Isabel",30-70945612-8,bajo,,82
SIM-2025-0534,General Taboada,Añatuya,Palermo,Diagonal Ciudad Autónoma de Buenos Aires N° 1927,54,25-03-2025,,Iniciada,-28.484104,-62.832292,23,1a,Inclusion,Rural,2,,534,"Morales, Alexander",30-70945612-8,alto,,521
SIM-2025-0535,Capital,Santiago del Estero,Malvinas,Camino San Martin N° 4954,41,07-12-2025,,Iniciada,-27.806627,-64.275385,3,4a,Otro,Económica,1,,535,"Paz, Benjamin",30-99871205-4,alto,,264
SIM-2025-0536,Capital,Santiago del Estero,4 de Junio,Calle 2 N° 339,55,07-12-2025,,Avanzada,-27.81216,-64.258792,77,1a,Inclusion,Urbana,2,,536,"Figueroa, Jazmin",30-99871205-4,medio,,264
SIM-2026-0537,Mitre,Bandera,Autonomía,Avenida 120 A N° 9098,42,03-07-2026,,Iniciada,-29.268185,-62.272542,28,2a,Inclusion,Rural,2,,537,"Mendez, Benjamin",30-99903421-7,bajo,,56
SIM-2026-0538,Figueroa,Suncho Corral,San Martín,Diagonal Rawson N° 378,43,27-03-2025,,Iniciada,-28.586137,-63.427104,13,2a,Inclusion,Urbana,3,,538,"Arias, Lola",30-68902314-5,alto,,519
SIM-2026-0539,Choya,Frías,,Calle Chubut N° 134,46,11-03-2026,,Avanzada,-28.651249,-65.079524,68,5f,Otro,Urbana,2,,539,"Peralta, Delfina",30-99812340-1,medio,,170
SIM-2026-0540,Capital,Santiago del Estero,Los Aromos,Avenida 2 N° 189,52,06-02-2026,,Iniciada,-27.808532,-64.268674,34,OT,Otro,Rural,2,,540,"Acosta, Juan Pablo",30-99812340-1,medio,,203
SIM-2025-0541,Choya,Frías,Sur,Av. 3 N° 448,50,01-10-2025,,Avanzada,-28.645961,-65.162889,43,3a,Inclusion,Rural,2,,541,"Ruiz, Morena",30-70945612-8,medio,,331
SIM-2026-0542,Jiménez,Añatuya,Centro,Calle Rivadavia N° 4442,52,10-06-2026,,Iniciada,-28.472027,-62.807281,12,5c,Exclusion,Urbana,2,,542,"Gonzalez, Antonia",30-70945612-8,bajo,,79
SIM-2025-0543,Moreno,Quimilí,Palermo,Avenida Santiago del Estero N° 42,44,10-02-2026,24-07-2026,Finalizada,-27.646052,-62.389942,81,4b,Otro,Urbana,3,,543,"Sosa, Milo",30-99871205-4,bajo,,164
SIM-2025-0544,Moreno,Quimilí,Malvinas,Avenida Río Negro N° 635,38,25-03-2025,,Iniciada,-27.62265,-62.404275,5,5c,Exclusion,Urbana,2,,544,"Carrizo, Lorenzo",30-99765488-6,alto,,521
SIM-2026-0545,Capital,Santiago del Estero,Sur,Diagonal Catamarca N° 53,42,31-03-2026,,Avanzada,-27.806584,-64.242461,75,5c,Exclusion,Urbana,2,,545,"Fernandez, Juan Cruz",30-99903421-7,medio,,150
SIM-2026-0546,Capital,Santiago del Estero,Los Aromos,Av. La Pampa N° 273,47,29-06-2026,,Iniciada,-27.802266,-64.278192,14,2a,Inclusion,Económica,1,,546,"Escobar, Santiago",30-99812340-1,bajo,,60
SIM-2024-0547,Capital,Santiago del Estero,Malvinas,Boulevard Córdoba N° 699,44,21-07-2025,19-04-2026,Finalizada,-27.757875,-64.280216,93,3a,Inclusion,Económica,2,,547,"Torres, Angel Gabriel",30-70945612-8,bajo,,272
SIM-2023-0548,Moreno,Quimilí,Sur,Avenida Rivadavia N° 29,47,06-02-2026,06-07-2026,Finalizada,-27.61258,-62.414434,85,4b,Otro,Urbana,2,,548,"Romero, Julieta",30-99812340-1,bajo,,150
SIM-2026-0549,Banda,La Banda,San Jorge,Calle Saavedra N° 597,43,10-07-2026,,Iniciada,-27.754123,-64.23229,20,5g,Exclusion,Urbana,2,,549,"Bustos, Emanuel",30-99871205-4,bajo,,49
SIM-2026-0550,General Taboada,Añatuya,Catamarca,Diagonal 8 N° 757,62,09-08-2026,,Avanzada,-28.453257,-62.807627,71,4b,Otro,Rural,2,,550,"Sanchez, Mia",30-99903421-7,bajo,,19
SIM-2025-0551,Rivadavia,Pinto,Villa Hogar,Calle Güemes N° 976,45,23-05-2025,,Iniciada,-29.142567,-61.891136,15,2a,Inclusion,Rural,1,,551,"Herrera, Julian",30-68902314-5,alto,,462
SIM-2024-0552,Capital,Santiago del Estero,Rivadavia,Calle 5 N° 7234,42,09-11-2025,,Iniciada,-27.801357,-64.254907,13,2a,Inclusion,Urbana,3,,552,"Alvarez, Lucia",30-68902314-5,alto,,292
SIM-2026-0553,Capital,Santiago del Estero,Villa Jardín,Calle 5 N° 388,37,01-06-2026,,Avanzada,-27.791968,-64.237283,55,1a,Inclusion,Urbana,2,,553,"Gomez, Alma Jazmin",30-70945612-8,bajo,,88
SIM-2025-0554,Robles,Fernández,Los Ejidos,Av. 5 N° 31,43,18-10-2025,30-01-2026,Adjudicada,-27.906482,-63.863292,100,4c,Otro,Rural,3,,554,"Rodriguez, Ana Paula",30-70945612-8,bajo,,104
SIM-2025-0555,Jiménez,Añatuya,San Jorge,Diagonal Alvear N° 305,53,07-01-2025,,Iniciada,-28.498193,-62.851941,21,5f,Otro,Urbana,3,,555,"Rivero, Morena Jazmin",30-99871205-4,alto,,598
SIM-2025-0556,Robles,Fernández,Centro,Av. 3 N° 8539,40,16-12-2025,18-07-2026,Adjudicada,-27.927412,-63.904987,100,5a,Exclusion,Urbana,3,,556,"Fernandez, Zoe Valentina",30-99812340-1,bajo,,214
SIM-2026-0557,Banda,La Banda,4 de Junio,Blv. J.B. Alberdi N° 552,42,03-07-2026,,Iniciada,-27.719869,-64.230159,3,2b,Inclusion,Urbana,2,,557,"Muñoz, Tomàs",30-99812340-1,bajo,,56
SIM-2026-0558,General Taboada,Añatuya,Norte,Avenida Chubut N° 33,38,22-06-2026,,Avanzada,-28.477603,-62.836052,57,1a,Inclusion,Urbana,3,,558,"Ramos, Santino",30-70945612-8,bajo,,67
SIM-2026-0559,Moreno,Quimilí,Norte,Camino Corrientes N° 9886,53,29-01-2026,,Iniciada,-27.608923,-62.418802,10,2a,Inclusion,Urbana,2,,559,"Lucero, Camilo",30-68902314-5,alto,,211
SIM-2025-0560,Choya,Frías,San Martín,Calle Corrientes N° 3273,41,19-03-2026,17-06-2026,Adjudicada,-28.620616,-65.11903,100,4b,Otro,Urbana,3,,560,"Maldonado, Tomas",30-59804127-3,bajo,,90
SIM-2025-0561,Banda,La Banda,Los Aromos,Diagonal 1 N° 81,38,12-04-2025,,Avanzada,-27.727733,-64.240436,59,4b,Otro,Rural,2,,561,"Perez, Mateo Ezequiel",30-99871205-4,medio,,503
SIM-2025-0562,Banda,La Banda,4 de Junio,Diagonal Constitución N° 519,52,28-01-2026,,Iniciada,-27.729162,-64.261223,9,1a,Inclusion,Urbana,1,,562,"Blanco, Luciana",30-68902314-5,alto,,212
SIM-2023-0563,Capital,Santiago del Estero,,Diagonal La Plata N° 5579,46,18-01-2025,05-09-2025,Finalizada,-27.803363,-64.257379,82,2a,Inclusion,Urbana,3,,563,"Sanchez, Valentina Jazmin",30-70945612-8,bajo,,230
SIM-2023-0564,Capital,Santiago del Estero,Villa Hogar,Avenida Salta N° 816,41,01-10-2023,03-12-2023,Adjudicada,-27.79966,-64.25044,100,5c,Exclusion,Rural,3,,564,"Duarte, Augusto",30-70945612-8,bajo,,63
SIM-2025-0565,Silípica,Clodomira,Los Ejidos,Diag. 9 N° 7298,45,25-07-2025,,Iniciada,-27.555317,-64.157228,16,2a,Inclusion,Urbana,2,,565,"Franco, Isabella",30-99765488-6,alto,,399
SIM-2025-0566,Mitre,Bandera,Villa del Parque,Av. 8 N° 8930,39,22-03-2025,,Iniciada,-29.239099,-62.286006,2,4b,Otro,Urbana,2,,566,"Lopez, Morena Jazmin",30-99903421-7,alto,,524
SIM-2025-0567,Capital,Santiago del Estero,Santa Rosa,Diag. 9 N° 635,46,24-12-2025,,Iniciada,-27.78575,-64.257768,4,4b,Otro,Urbana,2,,567,"Blanco, Luciano Benjamin",30-99812340-1,alto,,247
SIM-2024-0568,Banda,La Banda,Villa Luján,Boulevard Santa Cruz N° 49,52,28-03-2025,19-06-2025,Finalizada,-27.726195,-64.228575,100,4b,Otro,Rural,2,,568,"Aguirre, Sebastian",30-59804127-3,bajo,,83
SIM-2025-0569,Silípica,Clodomira,Sur,Av. Santiago del Estero N° 88,49,05-06-2025,25-01-2026,Finalizada,-27.563623,-64.137343,100,5b,Exclusion,Urbana,2,,569,"Lopez, Salvador",30-59804127-3,bajo,,234
SIM-2026-0570,Rivadavia,Pinto,,Av. Tierra del Fuego N° 5272,37,16-08-2026,,Avanzada,-29.118802,-61.899387,67,4b,Otro,Urbana,1,,570,"Aguirre, Mateo",30-99812340-1,bajo,,12
SIM-2025-0571,Capital,Santiago del Estero,Centro,Camino San Juan N° 93,30,13-04-2025,,Iniciada,-27.775073,-64.263167,32,2a,Inclusion,Rural,2,,571,"Pereyra, Malena",30-99903421-7,medio,,502
SIM-2026-0572,Jiménez,Añatuya,FONAVI,Calle San Miguel de Tucumán N° 7384,43,23-06-2025,25-08-2025,Adjudicada,-28.444746,-62.850636,100,5b,Exclusion,Rural,2,,572,"Martinez, Martin",30-59804127-3,bajo,,63
SIM-2025-0573,Banda,La Banda,San Jorge,Calle Malvinas Argentinas N° 9320,49,03-12-2024,06-08-2025,Finalizada,-27.729024,-64.236571,100,1a,Inclusion,Rural,2,,573,"Cruz, Kiara",30-59804127-3,bajo,,246
SIM-2025-0574,Banda,La Banda,Villa Jardín,Avenida 7 N° 3868,42,07-04-2025,,Iniciada,-27.742839,-64.230764,16,5e,Exclusion,Rural,2,,574,"Ferreyra, Juan Ignacio",30-68902314-5,alto,,508
SIM-2025-0575,Choya,Frías,FONAVI,Avenida San Luis N° 178,37,06-08-2025,21-04-2026,Finalizada,-28.634701,-65.125923,84,5a,Exclusion,Urbana,3,,575,"Acuña, Santino",30-99812340-1,bajo,,258
SIM-2025-0576,Jiménez,Añatuya,FONAVI,Calle Omar Nuñez N° 4661,50,21-03-2025,,Avanzada,-28.440452,-62.850647,47,1a,Inclusion,Urbana,2,,576,"Garcia, Emilia",30-99871205-4,medio,,525
SIM-2025-0577,Mitre,Bandera,FONAVI,Diagonal Tucumán N° 353,42,12-03-2025,19-10-2025,Finalizada,-29.267389,-62.234913,100,5b,Exclusion,Urbana,2,,577,"Aguirre, Juan Ignacio",30-99903421-7,bajo,,221
SIM-2026-0578,General Taboada,Añatuya,Palermo,Avenida 139 B N° 589,42,12-12-2025,09-05-2026,Finalizada,-28.477288,-62.82935,100,2a,Inclusion,Rural,3,,578,"Escobar, Ivan",30-59804127-3,bajo,,148
SIM-2025-0579,Figueroa,Suncho Corral,Villa del Parque,Avenida Córdoba N° 779,37,15-03-2025,,Avanzada,-28.543601,-63.472094,77,4b,Otro,Urbana,2,,579,"Rojas, Thiago Gabriel",30-99871205-4,medio,,531
SIM-2026-0580,Salavina,Los Telares,San Jorge,Diagonal 5 N° 496,56,04-04-2026,,Avanzada,-29.24022,-63.502894,36,1a,Inclusion,Urbana,2,,580,"Alvarez, Joaquín",30-99903421-7,medio,,146
SIM-2026-0581,Banda,La Banda,Centenario,Calle Güemes N° 12,44,03-05-2026,17-07-2026,Finalizada,-27.73688,-64.243039,99,2a,Inclusion,Urbana,2,,581,"Martinez, Delfina",30-99765488-6,bajo,,75
SIM-2026-0582,Banda,La Banda,Villa Luján,Diagonal 9 N° 7974,46,19-01-2026,,Avanzada,-27.714086,-64.256692,60,2a,Inclusion,Urbana,2,,582,"Rodriguez, Bruno",30-99871205-4,medio,,221
SIM-2024-0583,Moreno,Quimilí,4 de Junio,Boulevard 1 N° 961,45,07-10-2025,09-04-2026,Finalizada,-27.620446,-62.40398,81,3a,Inclusion,Urbana,1,,583,"Olivera, Santino",30-70945612-8,bajo,,184
SIM-2025-0584,Silípica,Clodomira,Sur,Calle 1 N° 59,49,13-09-2025,19-05-2026,Adjudicada,-27.552981,-64.181658,100,5a,Exclusion,Urbana,2,,584,"Aguero, Camilo",30-99812340-1,bajo,,248
SIM-2025-0585,General Taboada,Añatuya,Villa del Parque,Boulevard Saavedra N° 62,48,12-09-2025,28-05-2026,Adjudicada,-28.482773,-62.861951,100,2a,Inclusion,Urbana,1,,585,"Ortiz, Florencia",30-99765488-6,bajo,,258
SIM-2023-0586,Robles,Fernández,San Martín,Diag. 7 N° 166,51,26-08-2024,24-04-2025,Finalizada,-27.902274,-63.889474,100,1a,Inclusion,Urbana,2,,586,"Cabrera, Delfina",30-99765488-6,bajo,,241
SIM-2026-0587,Mitre,Bandera,4 de Junio,Calle San Ferando del Valle de Catamarca N° 21,55,25-07-2026,,Iniciada,-29.244979,-62.244332,26,4c,Otro,Económica,3,,587,"Ojeda, Ana Paula",30-99871205-4,bajo,,34
SIM-2026-0588,Capital,Santiago del Estero,Centenario,Diagonal 139 B N° 8874,33,27-02-2026,,Avanzada,-27.781642,-64.259642,40,5b,Exclusion,Rural,1,,588,"Ortiz, Isabella",30-68902314-5,medio,,182
SIM-2025-0589,Mitre,Bandera,Villa Luján,Av. Neuquén N° 4542,59,06-06-2025,,Iniciada,-29.278429,-62.283178,5,4b,Otro,Rural,2,,589,"Flores, Matilda",30-68902314-5,alto,,448
SIM-2025-0590,Choya,Frías,Villa del Parque,Calle 173 Bis N° 33,48,24-04-2025,,Iniciada,-28.651166,-65.134782,15,1a,Inclusion,Urbana,1,,590,"Benitez, Juana",30-68902314-5,alto,,491
SIM-2026-0591,General Taboada,Añatuya,FONAVI,Diag. Catamarca N° 6849,40,10-08-2026,,Iniciada,-28.470215,-62.798489,11,2a,Inclusion,Rural,1,,591,"Peralta, Tiziana",30-70945612-8,bajo,,18
SIM-2025-0592,Rivadavia,Pinto,Palermo,Calle Santiago del Estero N° 377,35,05-09-2025,,Iniciada,-29.149497,-61.910364,0,4c,Otro,Urbana,2,,592,"Gutierrez, Santino",30-99765488-6,alto,,357
SIM-2026-0593,Capital,Santiago del Estero,Los Ejidos,Diag. San Luis N° 262,41,26-07-2025,08-11-2025,Finalizada,-27.806012,-64.261667,87,2b,Inclusion,Urbana,3,,593,"Fernandez, Violeta",30-99903421-7,bajo,,105
SIM-2023-0594,Jiménez,Añatuya,Centro,Camino Güemes N° 881,43,01-10-2025,,Iniciada,-28.472464,-62.866314,10,2a,Inclusion,Urbana,2,,594,"Ramos, Renata",30-68902314-5,alto,,331
SIM-2024-0595,Jiménez,Añatuya,Santa Rosa,Diagonal 6 N° 544,45,28-04-2025,,Iniciada,-28.487085,-62.827319,16,2a,Inclusion,Rural,2,,595,"Coronel, Carmela",30-68902314-5,alto,,487
SIM-2024-0596,Banda,La Banda,Centro,Diagonal San Luis N° 3574,39,03-01-2026,06-05-2026,Finalizada,-27.761236,-64.245566,98,4b,Otro,Rural,2,,596,"Muñoz, Delfina",30-99871205-4,bajo,,123
SIM-2025-0597,Capital,Santiago del Estero,Villa Hogar,Av. 7 N° 4081,31,23-06-2025,,Iniciada,-27.789255,-64.236872,35,2a,Inclusion,Urbana,2,,597,"Fernandez, Catalina",30-70945612-8,medio,,431
SIM-2026-0598,Silípica,Clodomira,Rivadavia,Avenida Tierra del Fuego N° 484,49,27-07-2026,,Iniciada,-27.56893,-64.135882,13,OT,Otro,Urbana,2,,598,"Ramos, Alma",30-71782995-2,bajo,,32
SIM-2024-0599,Moreno,Quimilí,Los Ejidos,Av. 1 N° 8685,42,15-04-2024,15-11-2024,Adjudicada,-27.634162,-62.426535,100,2b,Inclusion,Urbana,3,,599,"Gomez, Bianca",30-99812340-1,bajo,,214
SIM-2026-0600,Ojo de Agua,Ojo de Agua,Norte,Calle Salta N° 908,44,11-01-2026,,Iniciada,-29.523328,-63.677632,31,3a,Inclusion,Rural,1,,600,"Garcia, Martina",30-99765488-6,medio,,229
SIM-2023-0601,Copo,Monte Quemado,Malvinas,Calle 2 N° 895,39,16-09-2023,15-12-2023,Adjudicada,-25.765779,-62.832092,100,2a,Inclusion,Urbana,2,,601,"Gomez, Candela",30-99765488-6,bajo,,90
SIM-2024-0602,Copo,Monte Quemado,Autonomía,Avenida J.M. de Rosas N° 6313,33,29-05-2025,03-12-2025,Finalizada,-25.827247,-62.863457,90,2a,Inclusion,Rural,2,,602,"Campos, Thiago Benjamin",30-99871205-4,bajo,,188
SIM-2026-0603,Copo,Monte Quemado,Belgrano,Diag. Saavedra N° 59,33,28-06-2026,,Iniciada,-25.795192,-62.821843,19,4a,Otro,Rural,2,,603,"Molina, Benjamin",30-99871205-4,bajo,,61
SIM-2025-0604,Capital,Santiago del Estero,La Reducción,Diagonal 170 A N° 968,45,10-02-2025,,Iniciada,-27.778889,-64.269695,12,2a,Inclusion,Rural,1,,604,"Arias, Candela",30-99871205-4,alto,,564
SIM-2026-0605,Aguirre,Nueva Esperanza,4 de Junio,Boulevard Rawson N° 1673,42,31-07-2026,,Avanzada,-27.62298,-62.401857,65,2b,Inclusion,Urbana,2,,605,"Ledesma, Delfina",30-99871205-4,bajo,,28
SIM-2026-0606,General Taboada,Añatuya,Los Aromos,Diagonal Misiones N° 3056,39,24-07-2026,,Avanzada,-28.487041,-62.867733,58,4c,Otro,Rural,2,,606,"Lopez, Thiago Daniel",30-71782995-2,bajo,,35
SIM-2026-0607,Moreno,Quimilí,Villa Luján,Diagonal Alem N° 226,43,08-07-2026,,Iniciada,-27.6418,-62.430769,1,5b,Exclusion,Rural,2,,607,"Acosta, Genaro",30-99871205-4,bajo,,51
SIM-2025-0608,Jiménez,Añatuya,Centenario,Camino San Juan N° 25,39,01-11-2024,28-06-2025,Finalizada,-28.458617,-62.845047,89,3a,Inclusion,Urbana,2,,608,"Garcia, Juana",30-99871205-4,bajo,,239
SIM-2025-0609,Capital,Santiago del Estero,Villa del Parque,Diagonal Paraná N° 8053,36,28-04-2025,,Avanzada,-27.791964,-64.253045,49,2b,Inclusion,Urbana,2,,609,"Herrera, Benjamin",30-99903421-7,medio,,487
SIM-2025-0610,Capital,Santiago del Estero,Los Aromos,Av. 161 B N° 36,44,26-10-2024,28-07-2025,Finalizada,-27.769603,-64.262775,95,4c,Otro,Rural,2,,610,"Ortiz, Luz Milagros",30-68902314-5,bajo,,275
SIM-2025-0611,Banda,La Banda,Los Aromos,Boulevard La Pampa N° 191,51,26-03-2025,,Avanzada,-27.722252,-64.235802,42,5a,Exclusion,Urbana,2,,611,"Medina, Benjamin",30-68902314-5,medio,,520
SIM-2025-0612,Mitre,Bandera,La Reducción,Blv. 8 N° 882,47,06-03-2025,,Avanzada,-29.268832,-62.279024,79,4b,Otro,Urbana,2,,612,"Mendez, Agustín",30-70945612-8,medio,,540
SIM-2025-0613,Silípica,Clodomira,La Reducción,Avenida Santiago del Estero N° 514,44,23-01-2026,01-08-2026,Adjudicada,-27.591587,-64.131046,100,2b,Inclusion,Rural,2,,613,"Godoy, Benicio",30-59804127-3,bajo,,190
SIM-2026-0614,Capital,Santiago del Estero,Rivadavia,Avenida Chaco N° 185,31,17-07-2026,,Iniciada,-27.798746,-64.263314,10,2b,Inclusion,Rural,3,,614,"Cabrera, Juana",30-99903421-7,bajo,,42
SIM-2025-0615,Capital,Santiago del Estero,Centenario,Calle Neuquén N° 262,45,16-01-2026,16-04-2026,Finalizada,-27.804877,-64.259329,88,2b,Inclusion,Urbana,2,,615,"Mendez, Thiago Benjamin",30-68902314-5,bajo,,90
SIM-2025-0616,Copo,Monte Quemado,Belgrano,Diagonal 2 N° 995,38,28-10-2025,,Avanzada,-25.818498,-62.808217,39,1a,Inclusion,Urbana,1,,616,"Diaz, Elena",30-68902314-5,medio,,304
SIM-2024-0617,Silípica,Clodomira,Los Ejidos,Avenida 7 N° 7242,39,29-04-2026,11-08-2026,Finalizada,-27.55355,-64.125311,99,1a,Inclusion,Urbana,2,,617,"Toledo, Francesco",30-99765488-6,bajo,,104
SIM-2026-0618,Banda,La Banda,San Martín,Calle Formosa N° 575,50,29-04-2026,,Avanzada,-27.703044,-64.261485,39,2a,Inclusion,Rural,3,,618,"Molina, Juan Francisco",30-68902314-5,medio,,121
SIM-2025-0619,Copo,Monte Quemado,Palermo,Diagonal 9 N° 381,54,22-06-2025,18-02-2026,Adjudicada,-25.78199,-62.843071,100,2b,Inclusion,Urbana,3,,619,"Pereyra, Benicio",30-99765488-6,bajo,,241
SIM-2026-0620,Guasayán,El Charco,4 de Junio,Av. 2 N° 66,46,27-07-2026,,Iniciada,-28.068501,-65.017804,21,5b,Exclusion,Urbana,2,,620,"Sanchez, Luciana",30-99871205-4,bajo,,32
SIM-2026-0621,Silípica,Clodomira,Sur,Avenida Santa Rosa N° 23,50,19-04-2025,,Iniciada,-27.573418,-64.118405,5,1a,Inclusion,Urbana,3,,621,"Vazquez, Luna",30-68902314-5,alto,,496
SIM-2024-0622,Capital,Santiago del Estero,Villa Luján,Blv. Rosario N° 27,32,29-12-2024,06-09-2025,Finalizada,-27.826474,-64.237522,89,5f,Otro,Urbana,3,,622,"Juarez, Joaquina",30-99765488-6,bajo,,251
SIM-2026-0623,Moreno,Quimilí,San Jorge,Calle Ciudad Autónoma de Buenos Aires N° 75,36,14-06-2026,,Iniciada,-27.619414,-62.392719,13,2a,Inclusion,Urbana,2,,623,"Rodriguez, Milagros",30-99812340-1,bajo,,75
SIM-2026-0624,Choya,Frías,Villa Jardín,Avenida La Plata N° 4185,42,31-01-2026,,Iniciada,-28.655395,-65.156903,31,4b,Otro,Urbana,3,,624,"Sanchez, Valentina",30-70945612-8,medio,,209
SIM-2025-0625,Moreno,Quimilí,La Reducción,Camino J.B. Alberdi N° 597,53,01-10-2025,,Iniciada,-27.643545,-62.398966,6,1a,Inclusion,Urbana,2,,625,"Ramirez, Alejo",30-99812340-1,alto,,331
SIM-2024-0626,Silípica,Clodomira,FONAVI,Camino Tierra del Fuego N° 9968,43,05-07-2026,,Avanzada,-27.545878,-64.143119,56,1a,Inclusion,Rural,1,,626,"Gonzalez, Francesca",30-71782995-2,bajo,,54
SIM-2026-0627,Jiménez,Añatuya,Villa Jardín,Avenida J.J. Castelli N° 364,51,03-08-2026,,Avanzada,-28.490302,-62.855506,56,2a,Inclusion,Rural,2,,627,"Fernandez, Sofia",30-99903421-7,bajo,,25
SIM-2024-0628,Copo,Monte Quemado,Villa Jardín,Blv. Misiones N° 214,40,29-12-2025,31-07-2026,Finalizada,-25.77092,-62.853218,91,5b,Exclusion,Económica,3,,628,"Torres, Nicolas",30-70945612-8,bajo,,214
SIM-2025-0629,Capital,Santiago del Estero,Centenario,Av. Buenos Aires N° 2129,38,26-01-2025,29-06-2025,Adjudicada,-27.795475,-64.255957,100,2a,Inclusion,Urbana,2,,629,"Torres, Enzo",30-71782995-2,bajo,,154
SIM-2023-0630,Choya,Frías,Centenario,Avenida 1 N° 422,44,07-10-2023,25-03-2024,Adjudicada,-28.640367,-65.145529,100,1a,Inclusion,Urbana,2,,630,"Garcia, Guadalupe",30-99871205-4,bajo,,170
SIM-2026-0631,Robles,Fernández,San Jorge,Avenida J.J. Castelli N° 455,41,08-08-2026,,Avanzada,-27.917167,-63.886884,60,3a,Inclusion,Rural,2,,631,"Suarez, Clara",30-99871205-4,bajo,,20
SIM-2025-0632,Capital,Santiago del Estero,Santa Rosa,Diagonal Formosa N° 532,41,27-02-2025,02-05-2025,Adjudicada,-27.796973,-64.262591,100,4b,Otro,Urbana,2,,632,"Lopez, Juliana",30-99765488-6,bajo,,64
SIM-2023-0633,Robles,Fernández,4 de Junio,Avenida Río Gallegos N° 67,48,27-03-2025,,Iniciada,-27.931658,-63.858224,12,1a,Inclusion,Rural,2,,633,"Paz, Lorenzo",30-68902314-5,alto,,519
SIM-2025-0634,Silípica,Clodomira,,Diagonal Bahía Blanca N° 1796,42,20-01-2025,,Avanzada,-27.576319,-64.120455,72,2b,Inclusion,Urbana,2,,634,"Juarez, Juliana",30-99765488-6,medio,,585
SIM-2025-0635,Banda,La Banda,Centenario,Av. Catamarca N° 76,43,07-09-2025,,Avanzada,-27.713884,-64.233346,72,2a,Inclusion,Urbana,2,,635,"Gonzalez, Facundo",30-99765488-6,medio,,355
SIM-2025-0636,Banda,La Banda,Sur,Camino Tucumán N° 28,36,09-12-2025,,Avanzada,-27.726941,-64.268276,53,5d,Exclusion,Urbana,3,,636,"Sosa, Bautista Benjamin",30-99765488-6,medio,,262
SIM-2023-0637,Capital,Santiago del Estero,Los Ejidos,Calle 3 N° 401,56,20-10-2023,07-06-2024,Adjudicada,-27.816491,-64.258427,100,1a,Inclusion,Urbana,3,,637,"Morales, Mia Morena",30-99903421-7,bajo,,231
SIM-2025-0638,Capital,Santiago del Estero,Catamarca,Diag. Ciudad Autónoma de Buenos Aires N° 87,48,13-04-2025,,Iniciada,-27.754837,-64.249515,21,4c,Otro,Urbana,2,,638,"Diaz, Catalina",30-99812340-1,alto,,502
SIM-2026-0639,Rivadavia,Pinto,Centro,Calle Rivadavia N° 87,38,02-02-2025,23-09-2025,Finalizada,-29.185419,-61.906768,89,2a,Inclusion,Urbana,1,,639,"Garcia, Benjamin",30-99903421-7,bajo,,233
SIM-2025-0640,Jiménez,Añatuya,Norte,Diag. 1 N° 29,41,03-02-2025,,Avanzada,-28.471175,-62.844027,37,3a,Inclusion,Rural,2,,640,"Gimenez, Lara",30-99903421-7,medio,,571
SIM-2026-0641,Capital,Santiago del Estero,,Avenida San Juan N° 26,36,01-07-2026,,Avanzada,-27.830627,-64.247538,52,OT,Otro,Urbana,2,,641,"Lopez, Martín",30-71782995-2,bajo,,58
SIM-2025-0642,Capital,Santiago del Estero,Norte,Av. Jujuy N° 188,38,09-04-2026,02-07-2026,Adjudicada,-27.790694,-64.223667,100,3a,Inclusion,Urbana,2,,642,"Torres, Vicente",30-59804127-3,bajo,,84
SIM-2025-0643,Capital,Santiago del Estero,San Jorge,Boulevard Chaco N° 58,52,12-02-2025,,Avanzada,-27.840545,-64.266148,45,1a,Inclusion,Económica,1,,643,"Lopez, Francesca",30-99765488-6,medio,,562
SIM-2025-0644,General Taboada,Añatuya,Malvinas,Avenida 2 N° 1476,47,03-06-2026,,Avanzada,-28.43575,-62.851132,96,2b,Inclusion,Rural,2,,644,"Ortiz, Ciro",30-71782995-2,bajo,,86
SIM-2023-0645,Banda,La Banda,Villa Luján,Avenida Chaco N° 6487,63,28-06-2025,18-12-2025,Adjudicada,-27.743376,-64.241907,100,1a,Inclusion,Urbana,2,,645,"Perez, Valentino",30-59804127-3,bajo,,173
SIM-2026-0646,Figueroa,Suncho Corral,Santa Rosa,Diagonal Alem N° 49,47,13-06-2026,,Avanzada,-28.585053,-63.438433,64,2a,Inclusion,Urbana,2,,646,"Guzman, Thiago Benjamin",30-99812340-1,bajo,,76
SIM-2025-0647,Banda,La Banda,La Reducción,Avenida Neuquén N° 923,46,06-06-2025,,Avanzada,-27.715456,-64.238236,63,5d,Exclusion,Urbana,2,,647,"Diaz, Bautista",30-99903421-7,medio,,448
SIM-2024-0648,Banda,La Banda,Sur,Camino La Pampa N° 777,42,27-12-2025,12-05-2026,Adjudicada,-27.74205,-64.235156,100,2a,Inclusion,Rural,2,,648,"Alvarez, Giuliana",30-59804127-3,bajo,,136
SIM-2024-0649,Banda,La Banda,San Jorge,Camino Corrientes N° 8535,47,13-06-2026,,Avanzada,-27.723812,-64.246653,84,1a,Inclusion,Urbana,3,,649,"Gonzalez, Mateo Agustin",30-71782995-2,bajo,,76
SIM-2026-0650,Capital,Santiago del Estero,Centro,Avenida La Rioja N° 9820,44,03-08-2026,,Iniciada,-27.795527,-64.240731,1,2b,Inclusion,Urbana,2,,650,"Torres, Valentina",30-70945612-8,bajo,,25
SIM-2025-0651,Aguirre,Nueva Esperanza,Los Ejidos,Calle 2 N° 764,38,26-07-2025,21-05-2026,Finalizada,-27.683915,-62.395285,83,OT,Otro,Económica,3,,651,"Pereyra, Josefina",30-70945612-8,bajo,,299
SIM-2026-0652,Capital,Santiago del Estero,25 de Mayo,Calle Buenos Aires N° 6328,54,21-07-2024,02-05-2025,Finalizada,-27.806768,-64.271722,83,5b,Exclusion,Rural,1,,652,"Medina, Simon",30-68902314-5,bajo,,285
SIM-2025-0653,Banda,La Banda,25 de Mayo,Camino San Miguel de Tucumán N° 138,51,01-05-2025,18-01-2026,Finalizada,-27.773442,-64.183521,93,1a,Inclusion,Urbana,1,,653,"Rodriguez, Lola",30-99871205-4,bajo,,262
SIM-2026-0654,Capital,Santiago del Estero,4 de Junio,Calle Güemes N° 64,46,31-08-2025,,Iniciada,-27.790982,-64.261988,11,4c,Otro,Urbana,2,,654,"Molina, Tomas",30-68902314-5,alto,,362
SIM-2026-0655,Capital,Santiago del Estero,Los Aromos,Boulevard Mendoza N° 6297,48,02-05-2026,28-07-2026,Adjudicada,-27.78562,-64.249386,100,2a,Inclusion,Urbana,3,,655,"Gonzalez, Lorenzo",30-99812340-1,bajo,,87
SIM-2026-0656,Moreno,Quimilí,Belgrano,Avenida Jujuy N° 552,43,25-06-2026,,Iniciada,-27.636388,-62.416552,16,2b,Inclusion,Urbana,2,,656,"Nuñez, Delfina",30-99765488-6,bajo,,64
SIM-2026-0657,Atamisqui,Villa Atamisqui,Villa Jardín,Avenida Alvear N° 215,48,08-07-2026,,Iniciada,-28.484508,-63.800592,21,4a,Otro,Económica,3,,657,"Gimenez, Emma",30-99812340-1,bajo,,51
SIM-2024-0658,Capital,Santiago del Estero,Belgrano,Av. Tierra del Fuego N° 6660,45,22-09-2025,26-05-2026,Finalizada,-27.847927,-64.249194,100,4c,Otro,Urbana,2,,658,"Vazquez, Jazmin",30-59804127-3,bajo,,246
SIM-2024-0659,Robles,Fernández,Villa Luján,Diagonal 127 A N° 198,52,02-02-2026,06-07-2026,Finalizada,-27.927337,-63.893993,90,4c,Otro,Urbana,2,,659,"Godoy, Benjamin",30-99903421-7,bajo,,154
SIM-2024-0660,Capital,Santiago del Estero,Villa Hogar,Avenida J.B. Alberdi N° 16,47,29-07-2024,23-12-2024,Adjudicada,-27.777945,-64.274912,100,4a,Otro,Urbana,1,,660,"Herrera, Felipe",30-99765488-6,bajo,,147
SIM-2025-0661,Jiménez,Añatuya,Norte,Av. J.J. Castelli N° 5396,40,30-11-2025,,Iniciada,-28.47749,-62.865833,6,1a,Inclusion,Urbana,2,,661,"Gonzalez, Zoe",30-99871205-4,alto,,271
SIM-2025-0662,Capital,Santiago del Estero,Norte,Avenida Mendoza N° 332,48,24-09-2025,29-12-2025,Adjudicada,-27.779477,-64.243844,100,4c,Otro,Urbana,2,,662,"Diaz, Tiziano Benjamin",30-59804127-3,bajo,,96
SIM-2024-0663,Robles,Fernández,Centro,Calle 8 N° 7270,40,29-07-2026,,Avanzada,-27.913948,-63.877709,83,4a,Otro,Urbana,1,,663,"Carrizo, Bruno",30-71782995-2,bajo,,30
SIM-2026-0664,Banda,La Banda,Santa Rosa,Calle Santa Fe N° 97,49,07-01-2026,,Iniciada,-27.727225,-64.225593,33,4b,Otro,Urbana,2,,664,"Miranda, Julieta",30-99765488-6,medio,,233
SIM-2025-0665,Salavina,Los Telares,Norte,Calle Salta N° 3769,46,19-07-2026,,Avanzada,-29.1996,-63.507251,98,4c,Otro,Urbana,2,,665,"Sanchez, Santino",30-71782995-2,bajo,,40
SIM-2023-0666,Atamisqui,Villa Atamisqui,Rivadavia,Diagonal 6 N° 2740,38,09-05-2025,08-12-2025,Finalizada,-28.461737,-63.821477,81,2a,Inclusion,Rural,2,,666,"Caceres, Lautaro Nahuel",30-99903421-7,bajo,,213
SIM-2025-0667,Silípica,Clodomira,Los Aromos,Camino 5 N° 82,39,15-12-2025,,Iniciada,-27.573935,-64.146408,14,3a,Inclusion,Rural,2,,667,"Rios, Thiago Emanuel",30-70945612-8,alto,,256
SIM-2024-0668,Robles,Fernández,La Reducción,Avenida Buenos Aires N° 198,42,16-02-2026,,Avanzada,-27.929601,-63.901264,39,5e,Exclusion,Rural,2,,668,"Hernandez, Lorenzo",30-68902314-5,medio,,193
SIM-2026-0669,Ojo de Agua,Ojo de Agua,San Jorge,Blv. 2 N° 26,44,19-12-2024,02-04-2025,Finalizada,-29.543085,-63.693161,88,4c,Otro,Rural,2,,669,"Ramirez, Emilia",30-68902314-5,bajo,,104
SIM-2026-0670,Capital,Santiago del Estero,Villa del Parque,Blv. Entre Ríos N° 78,51,04-08-2026,,Avanzada,-27.809708,-64.249134,76,1a,Inclusion,Urbana,2,,670,"Dominguez, Mateo Ezequiel",30-99812340-1,bajo,,24
SIM-2025-0671,Capital,Santiago del Estero,Centenario,Diagonal San Ferando del Valle de Catamarca N° 260,39,11-06-2025,,Avanzada,-27.823936,-64.274729,54,1a,Inclusion,Urbana,2,,671,"Rios, Matias",30-99812340-1,medio,,443
SIM-2025-0672,Copo,Monte Quemado,Palermo,Calle 7 N° 977,43,28-09-2025,28-05-2026,Finalizada,-25.816918,-62.816069,94,4b,Otro,Urbana,3,,672,"Rojas, Thiago Ezequiel",30-99812340-1,bajo,,242
SIM-2024-0673,Aguirre,Nueva Esperanza,Catamarca,Avenida Mar del Plata N° 249,48,05-11-2025,04-07-2026,Finalizada,-27.656761,-62.45407,100,1a,Inclusion,Urbana,2,,673,"Maidana, Alma",30-99903421-7,bajo,,241
SIM-2025-0674,Robles,Fernández,4 de Junio,Diagonal Jujuy N° 8591,46,04-04-2025,20-09-2025,Adjudicada,-27.949307,-63.885921,100,2a,Inclusion,Económica,1,,674,"Rodriguez, Juan David",30-59804127-3,bajo,,169
SIM-2025-0675,General Taboada,Añatuya,Villa del Parque,Calle 192 Bis N° 996,30,30-11-2025,21-07-2026,Finalizada,-28.446508,-62.852559,95,2a,Inclusion,Urbana,3,,675,"Herrera, Josefina",30-99765488-6,bajo,,233
SIM-2024-0676,Capital,Santiago del Estero,Centro,Av. 6 N° 126,53,11-01-2024,14-05-2024,Adjudicada,-27.791691,-64.228591,100,1a,Inclusion,Urbana,2,,676,"Gonzalez, Bautista",30-99765488-6,bajo,,124
SIM-2025-0677,Capital,Santiago del Estero,,Calle Santa Rosa N° 598,50,26-03-2026,12-08-2026,Adjudicada,-27.791226,-64.269849,100,2b,Inclusion,Urbana,2,,677,"Rios, Mateo",30-59804127-3,bajo,,139
SIM-2026-0678,Robles,Fernández,Palermo,Calle Río Gallegos N° 363,48,06-08-2026,,Avanzada,-27.944524,-63.878426,43,2a,Inclusion,Rural,1,,678,"Quiroga, Victoria",30-99871205-4,bajo,,22
SIM-2024-0679,Capital,Santiago del Estero,Centro,Diagonal Saavedra N° 7057,47,13-02-2026,29-07-2026,Finalizada,-27.775916,-64.211326,98,5a,Exclusion,Urbana,2,,679,"Avila, Juan Francisco",30-99765488-6,bajo,,166
SIM-2026-0680,Atamisqui,Villa Atamisqui,25 de Mayo,Camino Salta N° 678,32,07-07-2026,,Iniciada,-28.490161,-63.82146,12,5c,Exclusion,Urbana,2,,680,"Rodriguez, Francesca",30-99871205-4,bajo,,52
SIM-2025-0681,Capital,Santiago del Estero,Villa del Parque,Diagonal Viedma N° 366,40,02-06-2025,,Iniciada,-27.807505,-64.268367,29,4b,Otro,Urbana,2,,681,"Ramirez, Facundo",30-99812340-1,alto,,452
SIM-2025-0682,General Taboada,Añatuya,San Martín,Boulevard Viedma N° 57,52,07-06-2025,19-09-2025,Adjudicada,-28.468258,-62.843804,100,2a,Inclusion,Urbana,3,,682,"Molina, Francisco",30-59804127-3,bajo,,104
SIM-2026-0683,Robles,Fernández,,Av. 133 B N° 6336,42,31-03-2026,,Avanzada,-27.926996,-63.887167,36,5a,Exclusion,Urbana,2,,683,"Fernandez, Milo",30-99812340-1,medio,,150
SIM-2025-0684,Salavina,Los Telares,Centro,Diagonal 8 N° 3070,38,21-02-2025,,Iniciada,-29.218207,-63.505148,0,2b,Inclusion,Urbana,1,,684,"Morales, Bruno",30-99812340-1,alto,,553
SIM-2025-0685,Capital,Santiago del Estero,Norte,Calle 3 N° 557,35,06-01-2025,,Avanzada,-27.806846,-64.266467,42,4c,Otro,Urbana,2,,685,"Silva, Alvaro",30-99765488-6,medio,,599
SIM-2026-0686,Banda,La Banda,Malvinas,Avenida Río Gallegos N° 1820,50,26-07-2025,18-12-2025,Adjudicada,-27.749747,-64.248572,100,1a,Inclusion,Rural,1,,686,"Acuña, Isabella",30-59804127-3,bajo,,145
SIM-2025-0687,Pellegrini,Tintina,4 de Junio,Diagonal 7 N° 2019,50,29-01-2025,,Iniciada,-27.029274,-62.712515,1,4b,Otro,Urbana,2,,687,"Sosa, Ignacio",30-99765488-6,alto,,576
SIM-2024-0688,General Taboada,Añatuya,Villa Luján,Blv. Saavedra N° 757,43,04-07-2024,29-12-2024,Adjudicada,-28.473473,-62.821972,100,2a,Inclusion,Rural,2,,688,"Ramirez, Victoria",30-70945612-8,bajo,,178
SIM-2025-0689,Atamisqui,Villa Atamisqui,Santa Rosa,Calle 7 N° 766,30,30-01-2026,12-06-2026,Adjudicada,-28.476223,-63.83149,100,1a,Inclusion,Urbana,2,,689,"Alvarez, Lisandro",30-59804127-3,bajo,,133
SIM-2025-0690,Capital,Santiago del Estero,Rivadavia,Diagonal Malvinas Argentinas N° 833,50,19-06-2026,,Avanzada,-27.797417,-64.235391,81,4c,Otro,Urbana,1,,690,"Carrizo, Francisco",30-71782995-2,bajo,,70
SIM-2026-0691,Robles,Fernández,FONAVI,Av. G. Brown N° 1162,45,02-02-2026,02-07-2026,Finalizada,-27.909623,-63.86475,100,1a,Inclusion,Urbana,3,,691,"Soto, Pedro",30-59804127-3,bajo,,150
SIM-2025-0692,Pellegrini,Tintina,La Reducción,Av. 3 N° 736,42,11-02-2025,18-09-2025,Adjudicada,-27.030448,-62.727118,100,1a,Inclusion,Urbana,1,,692,"Ramos, Lautaro Nahuel",30-59804127-3,bajo,,219
SIM-2026-0693,Banda,La Banda,Norte,Avenida Chaco N° 535,43,15-07-2026,,Iniciada,-27.723916,-64.21833,31,4b,Otro,Urbana,2,,693,"Chavez, Juan Manuel",30-70945612-8,bajo,,44
SIM-2025-0694,Figueroa,Suncho Corral,4 de Junio,Diagonal Mitre N° 363,48,20-03-2025,27-08-2025,Finalizada,-28.566103,-63.44299,100,2b,Inclusion,Urbana,3,,694,"Martin, Maximiliano",30-59804127-3,bajo,,160
SIM-2026-0695,Capital,Santiago del Estero,Norte,Calle J.J. Castelli N° 756,40,13-05-2025,,Iniciada,-27.820989,-64.302331,9,1a,Inclusion,Económica,2,,695,"Garcia, Mia Jazmin",30-68902314-5,alto,,472
SIM-2025-0696,Capital,Santiago del Estero,Catamarca,Calle Entre Ríos N° 58,43,09-10-2025,,Iniciada,-27.816973,-64.270147,8,5d,Exclusion,Urbana,2,,696,"Torres, Sofia",30-99765488-6,alto,,323
SIM-2025-0697,Robles,Fernández,San Jorge,Av. Ushuaia N° 943,46,25-04-2026,02-07-2026,Finalizada,-27.935158,-63.860856,87,1a,Inclusion,Urbana,2,,697,"Fernandez, Lola",30-99871205-4,bajo,,68
SIM-2023-0698,Moreno,Quimilí,4 de Junio,Calle 1 N° 631,36,30-09-2025,19-06-2026,Finalizada,-27.632591,-62.4018,97,5f,Otro,Urbana,3,,698,"Acuña, Alma Valentina",30-99765488-6,bajo,,262
SIM-2025-0699,Banda,La Banda,FONAVI,Calle Alem N° 136,49,10-07-2026,,Avanzada,-27.716296,-64.241364,84,5f,Otro,Urbana,2,,699,"Suarez, Elena",30-71782995-2,bajo,,49
SIM-2026-0700,Banda,La Banda,Villa del Parque,Calle 6 N° 13,50,24-01-2026,,Iniciada,-27.754293,-64.267968,17,1a,Inclusion,Rural,3,,700,"Rodriguez, Emma",30-68902314-5,alto,,216
SIM-2026-0701,Banda,La Banda,Santa Rosa,Av. Rivadavia N° 86,38,05-06-2026,,Iniciada,-27.728225,-64.256237,35,2a,Inclusion,Urbana,2,,701,"Hernandez, Santino",30-71782995-2,bajo,,84
SIM-2026-0702,Banda,La Banda,Norte,Avenida Omar Nuñez N° 882,55,26-07-2026,,Iniciada,-27.714742,-64.261409,1,2a,Inclusion,Urbana,2,,702,"Cordoba, Francisco",30-99812340-1,bajo,,33
SIM-2024-0703,General Taboada,Añatuya,Norte,Avenida Entre Ríos N° 1446,42,15-04-2024,31-10-2024,Adjudicada,-28.487211,-62.817509,100,5c,Exclusion,Urbana,1,,703,"Valdez, Camila",30-99903421-7,bajo,,199
SIM-2024-0704,Atamisqui,Villa Atamisqui,Centenario,Av. Saavedra N° 37,43,12-03-2024,01-12-2024,Adjudicada,-28.470143,-63.830794,100,4c,Otro,Económica,3,,704,"Torres, Maria Luz",30-99871205-4,bajo,,264
SIM-2026-0705,Capital,Santiago del Estero,4 de Junio,Diagonal 8 N° 15,49,18-05-2025,25-08-2025,Adjudicada,-27.794263,-64.279039,100,1a,Inclusion,Rural,2,,705,"Diaz, Isabella",30-59804127-3,bajo,,99
SIM-2026-0706,Banda,La Banda,Belgrano,Av. Mitre N° 53,37,24-09-2025,20-02-2026,Adjudicada,-27.744238,-64.244115,100,4a,Otro,Urbana,2,,706,"Ortiz, Lisandro",30-59804127-3,bajo,,149
SIM-2025-0707,Capital,Santiago del Estero,La Reducción,Diag. Corrientes N° 95,61,06-07-2025,12-01-2026,Finalizada,-27.841122,-64.264438,86,4b,Otro,Económica,1,,707,"Sosa, Valentino",30-99765488-6,bajo,,190
SIM-2025-0708,Moreno,Quimilí,Villa Luján,Diagonal San Martin N° 4852,42,17-11-2025,,Avanzada,-27.623877,-62.413347,63,1a,Inclusion,Rural,2,,708,"Muñoz, Emma",30-99871205-4,medio,,284
SIM-2026-0709,Banda,La Banda,4 de Junio,Calle Jujuy N° 44,36,02-08-2026,,Iniciada,-27.734596,-64.230152,28,2a,Inclusion,Económica,1,,709,"Ojeda, Juan Ignacio",30-99812340-1,bajo,,26
SIM-2026-0710,Banda,La Banda,FONAVI,Avenida Mitre N° 291,49,26-09-2024,26-02-2025,Finalizada,-27.714942,-64.227123,98,5e,Exclusion,Urbana,1,,710,"Torres, Clara",30-70945612-8,bajo,,153
SIM-2025-0711,Capital,Santiago del Estero,Belgrano,Av. Belgrano N° 612,49,27-05-2025,,Avanzada,-27.787107,-64.260647,60,5a,Exclusion,Económica,2,,711,"Alvarez, Facundo",30-70945612-8,medio,,458
SIM-2024-0712,Robles,Fernández,Villa del Parque,Boulevard Chilecito N° 346,40,24-05-2025,24-12-2025,Adjudicada,-27.916347,-63.893373,100,2a,Inclusion,Rural,3,,712,"Perez, Bautista",30-59804127-3,bajo,,214
SIM-2025-0713,Ojo de Agua,Ojo de Agua,Palermo,Avenida 2 N° 3456,35,12-09-2025,,Iniciada,-29.507167,-63.669118,31,2b,Inclusion,Rural,2,,713,"Perez, Sofía",30-99765488-6,medio,,350
SIM-2025-0714,Capital,Santiago del Estero,Villa del Parque,Avenida Tucumán N° 132,44,12-05-2025,,Iniciada,-27.821415,-64.258034,18,2a,Inclusion,Económica,3,,714,"Olivera, Emiliano",30-99812340-1,alto,,473
SIM-2025-0715,Silípica,Clodomira,Villa Jardín,Avenida 5 N° 92,42,06-02-2026,16-08-2026,Finalizada,-27.56788,-64.128609,99,2a,Inclusion,Urbana,2,,715,"Cabrera, Nahuel",30-99871205-4,bajo,,191
SIM-2025-0716,Silípica,Clodomira,25 de Mayo,Calle Güemes N° 7052,38,22-06-2026,,Avanzada,-27.544182,-64.161816,79,2a,Inclusion,Rural,1,,716,"Ledesma, Clara",30-71782995-2,bajo,,67
SIM-2026-0717,Capital,Santiago del Estero,San Jorge,Calle G. Brown N° 11,43,06-08-2026,,Iniciada,-27.796859,-64.290577,17,2a,Inclusion,Rural,2,,717,"Pereyra, Milo",30-99871205-4,bajo,,22
SIM-2026-0718,Jiménez,Añatuya,Rivadavia,Camino J.B. Alberdi N° 96,46,07-01-2026,27-03-2026,Adjudicada,-28.430094,-62.840624,100,1a,Inclusion,Urbana,3,,718,"Cabrera, Lautaro",30-68902314-5,bajo,,79
SIM-2025-0719,Moreno,Quimilí,Rivadavia,Av. 6 N° 2038,41,25-05-2025,,Iniciada,-27.660683,-62.424095,17,2a,Inclusion,Urbana,3,,719,"Rodriguez, Tiziano Benjamin",30-99871205-4,alto,,460
SIM-2025-0720,Choya,Frías,Villa del Parque,Diagonal 6 N° 281,48,01-11-2025,,Avanzada,-28.653719,-65.11393,62,1a,Inclusion,Urbana,2,,720,"Luna, Delfina",30-99871205-4,medio,,300
SIM-2026-0721,Capital,Santiago del Estero,San Jorge,Diagonal Resistencia N° 8262,47,02-04-2026,,Iniciada,-27.815006,-64.256563,33,2a,Inclusion,Urbana,1,,721,"Romero, Jazmin",30-70945612-8,medio,,148
SIM-2026-0722,Silípica,Clodomira,4 de Junio,Av. Mar del Plata N° 3455,37,31-05-2026,,Iniciada,-27.550477,-64.10455,23,5f,Otro,Rural,2,,722,"Dominguez, Angel Gabriel",30-68902314-5,bajo,,89
SIM-2026-0723,Atamisqui,Villa Atamisqui,FONAVI,Calle Alvear N° 841,42,06-01-2025,30-07-2025,Adjudicada,-28.495595,-63.843636,100,4c,Otro,Urbana,3,,723,"Bustos, Samuel",30-59804127-3,bajo,,205
SIM-2026-0724,Salavina,Los Telares,Belgrano,Calle Entre Ríos N° 72,43,19-08-2026,,Iniciada,-29.212606,-63.502228,7,2a,Inclusion,Urbana,2,,724,"Mansilla, Giuliana",30-70945612-8,bajo,,9
SIM-2024-0725,General Taboada,Añatuya,Norte,Diagonal J.J. Castelli N° 245,38,04-07-2026,,Avanzada,-28.476757,-62.826268,71,1a,Inclusion,Urbana,3,,725,"Fernandez, Guillermina",30-71782995-2,bajo,,55
SIM-2025-0726,Capital,Santiago del Estero,Villa del Parque,Calle Ciudad Autónoma de Buenos Aires N° 1639,45,12-09-2025,03-05-2026,Finalizada,-27.757388,-64.289938,100,1a,Inclusion,Rural,3,,726,"Diaz, Juan Cruz",30-59804127-3,bajo,,233
SIM-2026-0727,Figueroa,Suncho Corral,Sur,Boulevard G. Brown N° 315,43,08-02-2026,,Iniciada,-28.521575,-63.442878,12,1a,Inclusion,Rural,2,,727,"Peralta, Delfina",30-68902314-5,alto,,201
SIM-2024-0728,General Taboada,Añatuya,Centenario,Diagonal San Salvador de Jujuy N° 1211,54,10-04-2025,04-10-2025,Adjudicada,-28.477434,-62.832247,100,2b,Inclusion,Urbana,3,,728,"Castro, Thiago Daniel",30-59804127-3,bajo,,177
SIM-2026-0729,Capital,Santiago del Estero,Catamarca,Camino Mitre N° 8281,34,30-07-2026,,Iniciada,-27.834814,-64.233398,13,5b,Exclusion,Urbana,1,,729,"Cordoba, Oriana",30-99765488-6,bajo,,29
SIM-2025-0730,Figueroa,Suncho Corral,Sur,Av. 3 N° 69,48,20-01-2026,13-04-2026,Adjudicada,-28.5628,-63.450726,100,4b,Otro,Urbana,3,,730,"Lucero, Juan Manuel",30-59804127-3,bajo,,83
SIM-2026-0731,Banda,La Banda,Autonomía,Calle J.M. de Rosas N° 464,58,15-08-2026,,Iniciada,-27.763766,-64.231681,23,5e,Exclusion,Urbana,2,,731,"Ledesma, Francisco",30-99903421-7,bajo,,13
SIM-2025-0732,Mitre,Bandera,Autonomía,Calle Paraná N° 767,39,10-09-2025,08-02-2026,Finalizada,-29.298537,-62.264585,100,2b,Inclusion,Urbana,2,,732,"Aguirre, Luciano Benjamin",30-59804127-3,bajo,,151
SIM-2025-0733,Robles,Fernández,Villa del Parque,Avenida Rivadavia N° 973,40,10-06-2025,02-03-2026,Adjudicada,-27.919334,-63.886655,100,2b,Inclusion,Rural,1,,733,"Cardozo, Lola",30-99871205-4,bajo,,265
SIM-2026-0734,Capital,Santiago del Estero,FONAVI,Diagonal Río Negro N° 875,43,28-10-2025,14-07-2026,Finalizada,-27.786218,-64.228522,82,4b,Otro,Urbana,2,,734,"Sanchez, Matias",30-70945612-8,bajo,,259
SIM-2026-0735,Robles,Fernández,Los Aromos,Boulevard La Pampa N° 76,37,22-09-2025,29-06-2026,Finalizada,-27.914044,-63.910279,82,5e,Exclusion,Rural,1,,735,"Valdez, Mora",30-99871205-4,bajo,,280
SIM-2025-0736,Banda,La Banda,Malvinas,Diagonal Santiago del Estero N° 143,46,16-10-2025,,Avanzada,-27.726497,-64.213286,53,5g,Exclusion,Urbana,3,,736,"Benitez, Santino Agustin",30-99903421-7,medio,,316
SIM-2026-0737,Guasayán,El Charco,Rivadavia,Av. 3 N° 5196,35,18-04-2026,,Avanzada,-28.069635,-65.023013,45,4b,Otro,Económica,1,,737,"Fernandez, Catalina",30-99765488-6,medio,,132
SIM-2025-0738,Capital,Santiago del Estero,Santa Rosa,Av. La Rioja N° 66,41,28-04-2025,,Avanzada,-27.784119,-64.245118,40,2a,Inclusion,Económica,2,,738,"Bustos, Simon",30-99765488-6,medio,,487
SIM-2026-0739,Capital,Santiago del Estero,4 de Junio,Diag. Misiones N° 6310,41,25-03-2026,,Iniciada,-27.803461,-64.256214,4,4a,Otro,Urbana,2,,739,"Ponce, Delfina",30-99765488-6,alto,,156
SIM-2026-0740,Capital,Santiago del Estero,Centro,Avenida Mendoza N° 772,42,28-11-2025,29-04-2026,Finalizada,-27.79619,-64.223205,97,2b,Inclusion,Urbana,2,,740,"Gutierrez, Thiago Valentin",30-71782995-2,bajo,,152
SIM-2026-0741,Pellegrini,Tintina,Centro,Av. Alem N° 107,49,21-06-2026,,Avanzada,-27.04045,-62.727656,90,1a,Inclusion,Urbana,1,,741,"Silva, Juan Ignacio",30-71782995-2,bajo,,68
SIM-2025-0742,Capital,Santiago del Estero,Centenario,Calle Belgrano N° 776,53,13-05-2026,14-08-2026,Finalizada,-27.798262,-64.272689,84,4c,Otro,Rural,2,,742,"Bustos, Pedro",30-99903421-7,bajo,,93
SIM-2025-0743,Robles,Fernández,Norte,Av. Neuquén N° 71,31,12-08-2025,11-04-2026,Finalizada,-27.901447,-63.897808,98,3a,Inclusion,Urbana,2,,743,"Pereyra, Catalina",30-99765488-6,bajo,,242
SIM-2026-0744,Choya,Frías,La Reducción,Camino 7 N° 364,50,29-03-2026,,Iniciada,-28.629865,-65.149323,22,1a,Inclusion,Urbana,2,,744,"Diaz, Sol",30-99903421-7,alto,,152
SIM-2026-0745,Capital,Santiago del Estero,Villa Luján,Blv. Córdoba N° 470,36,10-03-2026,,Avanzada,-27.830462,-64.244933,76,1a,Inclusion,Urbana,3,,745,"Ledesma, Olivia",30-99871205-4,medio,,171
SIM-2026-0746,Capital,Santiago del Estero,Centenario,Calle Alem N° 547,37,20-06-2026,,Iniciada,-27.781846,-64.260743,19,2a,Inclusion,Urbana,3,,746,"Romero, Bianca",30-70945612-8,bajo,,69
SIM-2025-0747,Capital,Santiago del Estero,25 de Mayo,Blv. 2 N° 839,45,25-01-2025,,Iniciada,-27.802327,-64.248646,27,2a,Inclusion,Urbana,2,,747,"Arias, Sofia",30-99812340-1,alto,,580
SIM-2026-0748,Capital,Santiago del Estero,Rivadavia,Diagonal Jujuy N° 4529,33,21-07-2026,,Avanzada,-27.784481,-64.225424,42,1a,Inclusion,Urbana,2,,748,"Ayala, Julieta",30-99765488-6,bajo,,38
SIM-2026-0749,Figueroa,Suncho Corral,San Jorge,Av. Alem N° 41,38,17-08-2026,,Iniciada,-28.52889,-63.441122,19,2b,Inclusion,Rural,3,,749,"Rodriguez, Thiago Gabriel",30-99871205-4,bajo,,11
SIM-2024-0750,Capital,Santiago del Estero,Centro,Boulevard Alvear N° 627,50,11-03-2025,03-01-2026,Finalizada,-27.818946,-64.264404,89,5e,Exclusion,Urbana,1,,750,"Gonzalez, Juan Ignacio",30-99903421-7,bajo,,298
SIM-2026-0751,Banda,La Banda,Villa Jardín,Avenida Misiones N° 158,34,21-03-2026,,Avanzada,-27.737296,-64.212799,73,5f,Otro,Rural,1,,751,"Coronel, Santiago",30-70945612-8,medio,,160
SIM-2026-0752,Banda,La Banda,San Jorge,Avenida La Plata N° 75,47,24-02-2026,,Iniciada,-27.735218,-64.262543,19,5f,Otro,Urbana,2,,752,"Moreno, Nicolas",30-99903421-7,alto,,185
SIM-2025-0753,Jiménez,Añatuya,Belgrano,Av. Santiago del Estero N° 498,30,17-09-2025,,Iniciada,-28.444036,-62.848574,5,2a,Inclusion,Urbana,2,,753,"Alvarez, Catalina",30-68902314-5,alto,,345
SIM-2025-0754,Jiménez,Añatuya,Malvinas,Boulevard 3 N° 3272,47,27-10-2025,,Avanzada,-28.456419,-62.833139,65,2a,Inclusion,Urbana,3,,754,"Moyano, Enzo",30-99903421-7,medio,,305
SIM-2024-0755,Choya,Frías,Catamarca,Diagonal Resistencia N° 3625,49,14-07-2025,17-10-2025,Finalizada,-28.625756,-65.156279,100,4c,Otro,Urbana,2,,755,"Gomez, Juana",30-59804127-3,bajo,,95
SIM-2025-0756,Silípica,Clodomira,San Jorge,Av. 5 N° 368,46,31-07-2024,19-03-2025,Finalizada,-27.549535,-64.165015,100,4c,Otro,Rural,3,,756,"Vega, Emilia",30-59804127-3,bajo,,231
SIM-2026-0757,Banda,La Banda,Belgrano,Av. Chaco N° 9222,46,16-10-2025,07-03-2026,Adjudicada,-27.744075,-64.241467,100,1a,Inclusion,Rural,2,,757,"Lopez, Julian",30-59804127-3,bajo,,142
SIM-2026-0758,Banda,La Banda,Villa del Parque,Calle J.M. de Rosas N° 98,44,12-10-2025,27-06-2026,Finalizada,-27.74377,-64.252163,100,2b,Inclusion,Rural,2,,758,"Flores, Thiago Ezequiel",30-59804127-3,bajo,,258
SIM-2025-0759,Banda,La Banda,Belgrano,Av. Alvear N° 4032,49,05-10-2025,,Iniciada,-27.75457,-64.259545,2,5f,Otro,Urbana,2,,759,"Sosa, Lucía",30-99765488-6,alto,,327
SIM-2024-0760,Capital,Santiago del Estero,Villa Luján,Calle Constitución N° 93,47,20-07-2024,31-12-2024,Adjudicada,-27.815678,-64.249006,100,2a,Inclusion,Urbana,2,,760,"Rios, Mia",30-70945612-8,bajo,,164
SIM-2025-0761,Guasayán,El Charco,Norte,Calle Chilecito N° 4930,52,10-02-2025,17-11-2025,Finalizada,-28.095065,-65.035196,83,1a,Inclusion,Urbana,3,,761,"Bravo, Francisco",30-99903421-7,bajo,,280
SIM-2026-0762,Atamisqui,Villa Atamisqui,San Jorge,Calle J.B. Alberdi N° 279,47,04-01-2026,14-07-2026,Adjudicada,-28.498661,-63.829359,100,1a,Inclusion,Rural,2,,762,"Rojas, Josefina",30-59804127-3,bajo,,191
SIM-2025-0763,Capital,Santiago del Estero,Autonomía,Diagonal J.B. Alberdi N° 9598,40,25-10-2025,,Iniciada,-27.780899,-64.265528,3,2a,Inclusion,Urbana,2,,763,"Ramos, Delfina",30-99765488-6,alto,,307
SIM-2026-0764,Banda,La Banda,Norte,Diagonal Merlo N° 786,51,05-03-2026,14-07-2026,Adjudicada,-27.709397,-64.2087,100,2a,Inclusion,Urbana,3,,764,"Arias, Julieta",30-99871205-4,bajo,,131
SIM-2025-0765,Mitre,Bandera,25 de Mayo,Diagonal Constitución N° 3033,38,22-03-2026,19-06-2026,Finalizada,-29.272464,-62.282549,100,1a,Inclusion,Económica,3,,765,"Gomez, Lisandro",30-59804127-3,bajo,,89
SIM-2026-0766,Choya,Frías,Villa Luján,Blv. Alvear N° 812,54,31-07-2026,,Iniciada,-28.638595,-65.129469,15,5d,Exclusion,Urbana,3,,766,"Garcia, Valentina",30-99765488-6,bajo,,28
SIM-2024-0767,Capital,Santiago del Estero,Los Aromos,Av. Formosa N° 942,51,15-10-2024,10-08-2025,Adjudicada,-27.783292,-64.288055,100,5c,Exclusion,Rural,2,,767,"Martinez, Milagros",30-99903421-7,bajo,,299
SIM-2026-0768,Salavina,Los Telares,San Martín,Calle Santiago del Estero N° 895,46,23-03-2026,,Iniciada,-29.238965,-63.526911,2,2b,Inclusion,Urbana,3,,768,"Peralta, Emiliano",30-99903421-7,alto,,158
SIM-2024-0769,Ojo de Agua,Ojo de Agua,Villa del Parque,Av. Omar Nuñez N° 884,48,15-09-2024,16-05-2025,Adjudicada,-29.473078,-63.641021,100,2b,Inclusion,Urbana,3,,769,"Fernandez, Sofia",30-70945612-8,bajo,,243
SIM-2025-0770,Figueroa,Suncho Corral,Centro,Diagonal 4 N° 3012,50,24-06-2026,,Avanzada,-28.561298,-63.433379,61,2a,Inclusion,Rural,3,,770,"Castro, Martina",30-71782995-2,bajo,,65
SIM-2026-0771,Jiménez,Añatuya,Villa Jardín,Av. Río Gallegos N° 1013,46,19-08-2026,,Iniciada,-28.465772,-62.808686,19,2b,Inclusion,Rural,2,,771,"Peralta, Delfina",30-99871205-4,bajo,,9
SIM-2025-0772,Capital,Santiago del Estero,4 de Junio,Boulevard 2 N° 26,47,19-03-2025,,Iniciada,-27.786041,-64.249013,26,2b,Inclusion,Económica,3,,772,"Martinez, Francisca",30-99871205-4,alto,,527
SIM-2025-0773,Silípica,Clodomira,San Martín,Calle 4 N° 9580,40,07-10-2025,02-04-2026,Adjudicada,-27.555899,-64.144111,100,2a,Inclusion,Rural,3,,773,"Flores, Benjamin",30-59804127-3,bajo,,177
SIM-2026-0774,Robles,Fernández,San Martín,Av. 7 N° 942,49,22-02-2026,15-05-2026,Finalizada,-27.946803,-63.879089,100,5a,Exclusion,Económica,1,,774,"Sosa, Juan Cruz",30-59804127-3,bajo,,82
SIM-2025-0775,Rivadavia,Pinto,San Martín,Diagonal San Juan N° 31,44,26-12-2025,,Iniciada,-29.14476,-61.866859,18,4b,Otro,Urbana,2,,775,"Romero, Amparo",30-68902314-5,alto,,245
SIM-2025-0776,Guasayán,El Charco,Rivadavia,Calle San Miguel de Tucumán N° 866,41,12-03-2025,,Iniciada,-28.051963,-65.042651,29,3a,Inclusion,Urbana,2,,776,"Miranda, Franco",30-99765488-6,alto,,534
SIM-2025-0777,Banda,La Banda,San Jorge,Calle Entre Ríos N° 163,42,13-01-2026,,Iniciada,-27.72248,-64.224716,5,5c,Exclusion,Rural,2,,777,"Sosa, Thiago Benjamin",30-68902314-5,alto,,227
SIM-2024-0778,Salavina,Los Telares,FONAVI,Camino 101 B N° 731,42,20-03-2025,11-01-2026,Finalizada,-29.222289,-63.547322,85,5g,Exclusion,Urbana,3,,778,"Ferreyra, Mia Valentina",30-99812340-1,bajo,,297
SIM-2024-0779,Capital,Santiago del Estero,Belgrano,Diag. 3 N° 763,48,26-11-2024,23-06-2025,Adjudicada,-27.778973,-64.250646,100,2a,Inclusion,Urbana,2,,779,"Ramirez, Ivan",30-70945612-8,bajo,,209
SIM-2026-0780,Silípica,Clodomira,San Martín,Av. Río Gallegos N° 8075,39,18-03-2026,23-08-2026,Adjudicada,-27.570104,-64.132873,100,5e,Exclusion,Urbana,2,,780,"Rodriguez, Santino",30-99903421-7,bajo,,158
SIM-2025-0781,Capital,Santiago del Estero,25 de Mayo,Diagonal Chubut N° 587,47,21-06-2026,,Avanzada,-27.782421,-64.253422,60,2a,Inclusion,Urbana,1,,781,"Rios, Simon",30-71782995-2,bajo,,68
SIM-2025-0782,Silípica,Clodomira,25 de Mayo,Avenida Ciudad Autónoma de Buenos Aires N° 362,52,08-10-2025,,Avanzada,-27.580469,-64.17176,38,5e,Exclusion,Rural,2,,782,"Rodriguez, Nahiara",30-68902314-5,medio,,324
SIM-2026-0783,Capital,Santiago del Estero,25 de Mayo,Calle 6 N° 182,49,23-05-2025,,Iniciada,-27.803619,-64.27653,12,2a,Inclusion,Urbana,2,,783,"Fernandez, Clara",30-68902314-5,alto,,462
SIM-2026-0784,Capital,Santiago del Estero,25 de Mayo,Diagonal Alvear N° 78,48,27-04-2026,,Iniciada,-27.802056,-64.241921,27,1a,Inclusion,Rural,3,,784,"Herrera, Juan Cruz",30-99903421-7,alto,,123
SIM-2024-0785,Moreno,Quimilí,Autonomía,Av. G. Brown N° 99,52,10-03-2026,,Avanzada,-27.625696,-62.437587,50,2a,Inclusion,Urbana,1,,785,"Gomez, Milo",30-68902314-5,medio,,171
SIM-2026-0786,Salavina,Los Telares,Norte,Av. Malvinas Argentinas N° 31,45,02-06-2026,,Avanzada,-29.216297,-63.526647,77,5f,Otro,Urbana,2,,786,"Lopez, Olivia",30-71782995-2,bajo,,87
SIM-2025-0787,Banda,La Banda,Centenario,Diagonal Omar Nuñez N° 9386,37,18-09-2025,15-12-2025,Finalizada,-27.766972,-64.232644,94,2b,Inclusion,Económica,1,,787,"Diaz, Morena Jazmin",30-99871205-4,bajo,,88
SIM-2026-0788,Choya,Frías,Villa del Parque,Diagonal Córdoba N° 15,52,02-07-2026,,Avanzada,-28.672348,-65.164402,49,1a,Inclusion,Rural,2,,788,"Acuña, Milo",30-99903421-7,bajo,,57
SIM-2024-0789,Ojo de Agua,Ojo de Agua,Sur,Calle Santiago del Estero N° 3292,40,20-07-2026,,Avanzada,-29.520327,-63.669393,68,5f,Otro,Rural,3,,789,"Gomez, Isabella",30-71782995-2,bajo,,39
SIM-2026-0790,General Taboada,Añatuya,Villa Hogar,Diag. Córdoba N° 54,53,24-07-2026,,Avanzada,-28.501732,-62.849097,79,5c,Exclusion,Urbana,2,,790,"Martinez, Maria Paz",30-71782995-2,bajo,,35
SIM-2025-0791,Figueroa,Suncho Corral,Belgrano,Calle Ciudad Autónoma de Buenos Aires N° 686,45,06-06-2025,,Iniciada,-28.560806,-63.452869,5,2a,Inclusion,Rural,1,,791,"Romero, Benjamin",30-68902314-5,alto,,448
SIM-2025-0792,Capital,Santiago del Estero,Centro,Boulevard La Rioja N° 36,54,26-04-2025,06-08-2025,Finalizada,-27.785968,-64.240887,80,4b,Otro,Urbana,1,,792,"Avila, Mateo",30-99871205-4,bajo,,102
SIM-2026-0793,Jiménez,Añatuya,Centro,Calle Río Gallegos N° 139,41,21-12-2025,11-06-2026,Adjudicada,-28.466476,-62.864869,100,2a,Inclusion,Rural,3,,793,"Diaz, Joaquin",30-59804127-3,bajo,,172
SIM-2026-0794,Copo,Monte Quemado,25 de Mayo,Calle 9 N° 8199,37,30-03-2026,,Iniciada,-25.795315,-62.848348,5,5f,Otro,Rural,2,,794,"Rivero, Constanza",30-99812340-1,alto,,151
SIM-2025-0795,Capital,Santiago del Estero,Villa Hogar,Avenida Resistencia N° 334,44,01-08-2025,10-11-2025,Adjudicada,-27.788812,-64.261876,100,5a,Exclusion,Urbana,1,,795,"Alvarez, Malena",30-99812340-1,bajo,,101
SIM-2025-0796,Jiménez,Añatuya,Catamarca,Diagonal Córdoba N° 932,38,15-11-2025,,Iniciada,-28.473653,-62.845147,5,1a,Inclusion,Urbana,3,,796,"Gomez, Thiago Agustin",30-68902314-5,alto,,286
SIM-2026-0797,Jiménez,Añatuya,San Martín,Av. 7 N° 605,31,22-09-2025,07-04-2026,Finalizada,-28.443976,-62.822366,88,2b,Inclusion,Urbana,1,,797,"Torres, Candela",30-99812340-1,bajo,,197
SIM-2024-0798,General Taboada,Añatuya,4 de Junio,Avenida Alem N° 144,39,28-09-2024,14-03-2025,Finalizada,-28.487731,-62.855938,96,4a,Otro,Urbana,2,,798,"Gimenez, Julieta",30-99871205-4,bajo,,167
SIM-2025-0799,Figueroa,Suncho Corral,Villa Hogar,Calle Chubut N° 393,38,12-08-2024,09-04-2025,Finalizada,-28.559502,-63.469094,96,4b,Otro,Económica,2,,799,"Garcia, Benicio",30-70945612-8,bajo,,240
SIM-2026-0800,Silípica,Clodomira,Sur,Diagonal Alem N° 240,44,03-03-2026,16-06-2026,Finalizada,-27.589071,-64.129269,100,5f,Otro,Urbana,1,,800,"Lopez, Pedro",30-59804127-3,bajo,,105
SIM-2026-0801,Robles,Fernández,4 de Junio,Avenida J.J. Castelli N° 538,40,02-04-2026,,Avanzada,-27.939991,-63.883817,62,3a,Inclusion,Rural,2,,801,"Gutierrez, Maximo",30-70945612-8,medio,,148
SIM-2025-0802,Jiménez,Añatuya,Villa del Parque,Calle Mendoza N° 3573,53,06-06-2025,,Avanzada,-28.46489,-62.810878,43,2a,Inclusion,Urbana,2,,802,"Medina, Nicolas",30-99765488-6,medio,,448
SIM-2023-0803,General Taboada,Añatuya,Santa Rosa,Diagonal Corrientes N° 162,50,11-08-2024,17-05-2025,Finalizada,-28.494392,-62.814065,98,1a,Inclusion,Urbana,3,,803,"Flores, Juan Ignacio",30-99765488-6,bajo,,279
SIM-2025-0804,Robles,Fernández,,Calle Mendoza N° 445,55,22-12-2024,13-04-2025,Finalizada,-27.947669,-63.872262,85,2a,Inclusion,Rural,3,,804,"Medina, Valentino",30-70945612-8,bajo,,112
SIM-2026-0805,Pellegrini,Tintina,Malvinas,Avenida La Plata N° 1320,51,27-06-2025,,Iniciada,-27.054206,-62.732515,17,4b,Otro,Urbana,2,,805,"Gomez, Guillermina",30-68902314-5,alto,,427
SIM-2025-0806,Silípica,Clodomira,Centenario,Avenida G. Brown N° 39,46,27-04-2025,27-12-2025,Finalizada,-27.566113,-64.123073,89,5a,Exclusion,Económica,3,,806,"Cardozo, Mateo",30-99871205-4,bajo,,244
SIM-2026-0807,Figueroa,Suncho Corral,Belgrano,Avenida 1 N° 48,51,01-09-2025,16-11-2025,Finalizada,-28.550967,-63.466876,86,2a,Inclusion,Urbana,2,,807,"Benitez, Julia",30-70945612-8,bajo,,76
SIM-2026-0808,Figueroa,Suncho Corral,San Martín,Diagonal Comodoro Rivadavia N° 226,44,03-05-2025,14-11-2025,Adjudicada,-28.536947,-63.447129,100,1a,Inclusion,Urbana,2,,808,"Gomez, Bruno",30-59804127-3,bajo,,195
SIM-2026-0809,Banda,La Banda,Norte,Avenida Malvinas Argentinas N° 75,48,01-07-2026,,Avanzada,-27.76256,-64.230743,64,2b,Inclusion,Urbana,2,,809,"Sosa, Franco",30-99765488-6,bajo,,58
SIM-2026-0810,Capital,Santiago del Estero,Rivadavia,Av. J.B. Alberdi N° 37,42,26-07-2026,,Avanzada,-27.796119,-64.240762,69,2a,Inclusion,Urbana,3,,810,"Garcia, Nicolas",30-71782995-2,bajo,,33
SIM-2024-0811,Jiménez,Añatuya,Centro,Camino San Ferando del Valle de Catamarca N° 128,44,05-07-2025,25-12-2025,Finalizada,-28.449837,-62.859354,97,5e,Exclusion,Rural,3,,811,"Perez, Tiziano Benjamin",30-99903421-7,bajo,,173
SIM-2025-0812,Silípica,Clodomira,Centenario,Av. Güemes N° 71,41,17-07-2025,02-11-2025,Adjudicada,-27.574138,-64.128944,100,3a,Inclusion,Rural,3,,812,"Cabrera, Guadalupe",30-59804127-3,bajo,,108
SIM-2026-0813,Capital,Santiago del Estero,Norte,Calle Pte. Perón N° 992,41,04-03-2026,,Iniciada,-27.797367,-64.246131,30,3a,Inclusion,Rural,2,,813,"Rodriguez, Ignacio",30-70945612-8,medio,,177
SIM-2026-0814,Jiménez,Añatuya,Catamarca,Diagonal 136 Bis N° 73,54,28-05-2026,03-08-2026,Finalizada,-28.488918,-62.809507,86,2b,Inclusion,Urbana,2,,814,"Gomez, Bautista",30-99765488-6,bajo,,67
SIM-2025-0815,Robles,Fernández,FONAVI,Camino Rawson N° 262,40,14-12-2025,,Avanzada,-27.950261,-63.874585,78,3a,Inclusion,Rural,1,,815,"Rodriguez, Juan Cruz",30-99765488-6,medio,,257
SIM-2025-0816,Atamisqui,Villa Atamisqui,Villa del Parque,Avenida 8 N° 8462,42,10-02-2026,25-06-2026,Finalizada,-28.476257,-63.815704,91,2a,Inclusion,Urbana,1,,816,"Luna, Augusto",30-99765488-6,bajo,,135
SIM-2026-0817,Jiménez,Añatuya,San Jorge,Av. 4 N° 18,38,08-06-2026,,Iniciada,-28.474108,-62.85343,31,4c,Otro,Rural,2,,817,"Farias, Abigail",30-70945612-8,bajo,,81
SIM-2025-0818,Guasayán,El Charco,Santa Rosa,Av. 1 N° 503,39,21-01-2025,,Avanzada,-28.078973,-65.024209,52,2a,Inclusion,Rural,1,,818,"Fernandez, Morena",30-99871205-4,medio,,584
SIM-2025-0819,Capital,Santiago del Estero,Rivadavia,Calle Ciudad Autónoma de Buenos Aires N° 924,40,03-10-2025,13-04-2026,Adjudicada,-27.782723,-64.23423,100,5b,Exclusion,Urbana,2,,819,"Gonzalez, Lautaro Gabriel",30-59804127-3,bajo,,192
SIM-2025-0820,Choya,Frías,FONAVI,Diagonal Chilecito N° 512,47,04-06-2025,,Avanzada,-28.643691,-65.128006,71,5g,Exclusion,Rural,3,,820,"Sosa, Martina",30-99903421-7,medio,,450
SIM-2026-0821,Salavina,Los Telares,Rivadavia,Calle Alem N° 479,47,19-05-2026,07-11-2026,Adjudicada,-29.219633,-63.506632,100,4a,Otro,Urbana,2,,821,"Sanchez, Franco",30-70945612-8,bajo,,172
SIM-2025-0822,General Taboada,Añatuya,Malvinas,Diag. San Miguel de Tucumán N° 211,50,26-04-2025,07-09-2025,Finalizada,-28.493278,-62.813355,83,OT,Otro,Urbana,2,,822,"Medina, Valentin",30-68902314-5,bajo,,134
SIM-2025-0823,Capital,Santiago del Estero,FONAVI,Av. Santa Rosa N° 4265,49,15-11-2025,,Iniciada,-27.808739,-64.260317,31,2a,Inclusion,Rural,3,,823,"Godoy, Bruno",30-70945612-8,medio,,286
SIM-2025-0824,Jiménez,Añatuya,Norte,Calle La Plata N° 953,61,18-06-2025,05-09-2025,Adjudicada,-28.463768,-62.821686,100,1a,Inclusion,Rural,2,,824,"Diaz, Martina",30-59804127-3,bajo,,79
SIM-2025-0825,Banda,La Banda,FONAVI,Av. Santiago del Estero N° 58,46,25-11-2025,15-07-2026,Finalizada,-27.749148,-64.264859,100,1a,Inclusion,Urbana,3,,825,"Campos, Ludmila",30-59804127-3,bajo,,232
SIM-2025-0826,General Taboada,Añatuya,Belgrano,Av. San Luis N° 6718,54,19-05-2025,,Avanzada,-28.458012,-62.833156,65,5f,Otro,Urbana,2,,826,"Avila, Agustin",30-99871205-4,medio,,466
SIM-2024-0827,Robles,Fernández,Villa del Parque,Camino Güemes N° 21,40,20-11-2025,08-05-2026,Finalizada,-27.951095,-63.874527,90,4b,Otro,Urbana,2,,827,"Sanchez, Maria Guadalupe",30-99812340-1,bajo,,169
SIM-2025-0828,Robles,Fernández,San Jorge,Diag. Chilecito N° 4231,39,19-03-2025,,Avanzada,-27.896051,-63.851135,76,1a,Inclusion,Rural,2,,828,"Sanchez, Santino",30-99903421-7,medio,,527
SIM-2025-0829,Robles,Fernández,25 de Mayo,Calle Merlo N° 156,41,02-06-2026,,Avanzada,-27.936892,-63.871527,68,3a,Inclusion,Urbana,3,,829,"Dominguez, Augusto",30-71782995-2,bajo,,87
SIM-2025-0830,Atamisqui,Villa Atamisqui,Centenario,Avenida 4 N° 558,31,26-12-2024,09-03-2025,Finalizada,-28.481817,-63.820543,97,1a,Inclusion,Urbana,3,,830,"Figueroa, Alfonsina",30-99765488-6,bajo,,73
SIM-2025-0831,Banda,La Banda,Villa Luján,Av. Río Gallegos N° 323,41,10-01-2025,04-11-2025,Finalizada,-27.735249,-64.252415,81,4a,Otro,Rural,1,,831,"Lopez, Lisandro",30-99871205-4,bajo,,298
SIM-2023-0832,Mitre,Bandera,Sur,Diagonal 7 N° 8646,50,14-10-2025,14-07-2026,Finalizada,-29.248015,-62.290617,96,1a,Inclusion,Económica,2,,832,"Vazquez, Emma",30-99903421-7,bajo,,273
SIM-2024-0833,Banda,La Banda,,Av. Paraná N° 36,50,12-08-2025,18-05-2026,Finalizada,-27.740021,-64.245036,87,1a,Inclusion,Rural,2,,833,"Ramos, Milagros",30-99903421-7,bajo,,279
SIM-2025-0834,Robles,Fernández,Malvinas,Av. 9 N° 174,51,03-08-2026,,Avanzada,-27.920879,-63.876729,59,4c,Otro,Rural,2,,834,"Diaz, Mateo",30-71782995-2,bajo,,25
SIM-2026-0835,Guasayán,El Charco,Catamarca,Diagonal San Miguel de Tucumán N° 171,36,13-04-2026,10-08-2026,Finalizada,-28.069964,-65.03402,100,3a,Inclusion,Urbana,2,,835,"Nuñez, Jeronimo",30-59804127-3,bajo,,119
SIM-2023-0836,Banda,La Banda,Rivadavia,Av. Güemes N° 986,53,03-12-2025,06-05-2026,Finalizada,-27.749857,-64.186916,100,5f,Otro,Rural,2,,836,"Correa, Lisandro",30-59804127-3,bajo,,154
SIM-2026-0837,Banda,La Banda,San Martín,Diag. San Luis N° 4083,47,09-03-2026,,Avanzada,-27.759319,-64.263804,62,5f,Otro,Urbana,2,,837,"Peralta, Santiago",30-70945612-8,medio,,172
SIM-2024-0838,Capital,Santiago del Estero,25 de Mayo,Diagonal Mitre N° 571,42,05-03-2024,15-09-2024,Adjudicada,-27.785149,-64.25112,100,2b,Inclusion,Urbana,2,,838,"Gomez, Rosario",30-99812340-1,bajo,,194
SIM-2024-0839,Moreno,Quimilí,FONAVI,Av. Pte. Perón N° 881,45,01-07-2025,,Iniciada,-27.640258,-62.407098,19,5g,Exclusion,Rural,1,,839,"Gutierrez, Victoria",30-68902314-5,alto,,423
SIM-2025-0840,Silípica,Clodomira,Norte,Av. 1 N° 549,38,17-12-2025,,Avanzada,-27.610947,-64.137136,49,2b,Inclusion,Económica,2,,840,"Romero, Juan Francisco",30-99765488-6,medio,,254
SIM-2026-0841,Capital,Santiago del Estero,Catamarca,Avenida San Martin N° 7742,47,02-04-2026,,Iniciada,-27.791846,-64.207265,7,3a,Inclusion,Rural,2,,841,"Vega, Santiago Benjamin",30-70945612-8,alto,,148
SIM-2026-0842,Moreno,Quimilí,FONAVI,Diagonal Rivadavia N° 62,47,10-08-2026,,Iniciada,-27.643644,-62.396408,31,1a,Inclusion,Urbana,1,,842,"Valdez, Sol",30-71782995-2,bajo,,18
SIM-2026-0843,Capital,Santiago del Estero,Rivadavia,Av. Pte. Perón N° 51,58,11-06-2026,,Avanzada,-27.787438,-64.250077,59,1a,Inclusion,Rural,1,,843,"Ruiz, Juan Ignacio",30-71782995-2,bajo,,78
SIM-2025-0844,Choya,Frías,Norte,Calle 6 N° 305,38,15-09-2025,,Iniciada,-28.668356,-65.128475,21,1a,Inclusion,Urbana,2,,844,"Mendez, Julieta",30-99812340-1,alto,,347
SIM-2023-0845,Ojo de Agua,Ojo de Agua,FONAVI,Blv. San Luis N° 383,41,13-02-2026,07-06-2026,Finalizada,-29.499001,-63.713536,94,1a,Inclusion,Urbana,3,,845,"Diaz, Antonio",30-99765488-6,bajo,,114
SIM-2026-0846,Salavina,Los Telares,Autonomía,Blv. San Ferando del Valle de Catamarca N° 980,50,04-08-2026,,Iniciada,-29.226312,-63.502435,25,5f,Otro,Rural,2,,846,"Dominguez, Mateo Benjamin",30-99871205-4,bajo,,24
SIM-2026-0847,Capital,Santiago del Estero,Autonomía,Diag. Chaco N° 163,39,18-06-2025,15-09-2025,Finalizada,-27.817423,-64.260011,80,2b,Inclusion,Urbana,2,,847,"Gutierrez, Guadalupe",30-99903421-7,bajo,,89
SIM-2025-0848,Jiménez,Añatuya,Norte,Diag. Santiago del Estero N° 79,42,15-12-2024,20-02-2025,Finalizada,-28.482653,-62.844906,100,1a,Inclusion,Económica,2,,848,"Coronel, Thiago",30-59804127-3,bajo,,67
SIM-2026-0849,Silípica,Clodomira,Centenario,Diagonal San Luis N° 29,34,31-03-2026,08-06-2026,Adjudicada,-27.527319,-64.125207,100,4b,Otro,Urbana,1,,849,"Gonzalez, Victoria",30-59804127-3,bajo,,69
SIM-2025-0850,Ojo de Agua,Ojo de Agua,La Reducción,Boulevard 7 N° 146,59,02-08-2026,,Avanzada,-29.519166,-63.678615,81,1a,Inclusion,Urbana,2,,850,"Mendoza, Bautista",30-71782995-2,bajo,,26
SIM-2026-0851,Robles,Fernández,Villa Hogar,Diagonal Paraná N° 9071,57,27-01-2026,,Iniciada,-27.955548,-63.920839,3,OT,Otro,Urbana,2,,851,"Gonzalez, Amparo",30-68902314-5,alto,,213
SIM-2026-0852,Capital,Santiago del Estero,Belgrano,Calle Constitución N° 87,48,23-07-2025,,Iniciada,-27.787987,-64.276629,11,1a,Inclusion,Urbana,2,,852,"Alvarez, Catalina",30-68902314-5,alto,,401
SIM-2026-0853,Mitre,Bandera,Los Aromos,Av. Mendoza N° 528,46,04-07-2026,,Avanzada,-29.321443,-62.267939,90,1a,Inclusion,Urbana,1,,853,"Ruiz, Thiago Benjamin",30-71782995-2,bajo,,55
SIM-2026-0854,Banda,La Banda,La Reducción,Diag. Alem N° 3926,45,25-02-2026,,Avanzada,-27.718363,-64.25825,53,2a,Inclusion,Urbana,2,,854,"Flores, Alma",30-71782995-2,medio,,184
SIM-2025-0855,Silípica,Clodomira,Palermo,Calle Mitre N° 684,38,28-03-2025,,Avanzada,-27.587658,-64.128403,53,2b,Inclusion,Urbana,2,,855,"Dominguez, Bautista",30-70945612-8,medio,,518
SIM-2024-0856,General Taboada,Añatuya,FONAVI,Avenida 9 N° 959,49,27-07-2025,30-01-2026,Adjudicada,-28.478346,-62.846925,100,1a,Inclusion,Rural,2,,856,"Soria, Bautista",30-59804127-3,bajo,,187
SIM-2024-0857,Banda,La Banda,Belgrano,Calle Catamarca N° 2556,44,25-06-2026,,Avanzada,-27.719548,-64.244223,84,5f,Otro,Urbana,2,,857,"Gonzalez, Bruno",30-71782995-2,bajo,,64
SIM-2024-0858,Copo,Monte Quemado,Los Ejidos,Blv. Río Negro N° 557,44,14-06-2024,28-08-2024,Adjudicada,-25.826075,-62.836394,100,4a,Otro,Rural,2,,858,"Cardozo, Juan Martin",30-99903421-7,bajo,,75
SIM-2025-0859,Banda,La Banda,Centro,Av. San Ferando del Valle de Catamarca N° 29,54,16-10-2024,14-04-2025,Finalizada,-27.687826,-64.260015,96,5g,Exclusion,Rural,2,,859,"Gonzalez, Isabella",30-99903421-7,bajo,,180
SIM-2026-0860,Capital,Santiago del Estero,San Jorge,Av. San Juan N° 832,56,01-01-2026,,Avanzada,-27.777057,-64.255949,71,1a,Inclusion,Urbana,3,,860,"Castillo, Manuel",30-99903421-7,medio,,239
SIM-2025-0861,Capital,Santiago del Estero,Palermo,Avenida Neuquén N° 4895,44,10-09-2025,,Avanzada,-27.788302,-64.253995,64,5f,Otro,Rural,1,,861,"Martinez, Abigail",30-99903421-7,medio,,352
SIM-2025-0862,Jiménez,Añatuya,Los Ejidos,Calle San Luis N° 9550,40,17-01-2026,,Iniciada,-28.437976,-62.821264,15,2a,Inclusion,Económica,2,,862,"Vega, Constantino",30-71782995-2,alto,,223
SIM-2024-0863,Silípica,Clodomira,Autonomía,Calle San Luis N° 959,38,06-12-2024,03-08-2025,Adjudicada,-27.594746,-64.136654,100,4b,Otro,Urbana,1,,863,"Martinez, Maximo",30-99812340-1,bajo,,240
SIM-2024-0864,Capital,Santiago del Estero,Catamarca,Av. Chilecito N° 322,41,23-02-2024,17-11-2024,Adjudicada,-27.796143,-64.238726,100,4b,Otro,Urbana,1,,864,"Gomez, Martina",30-70945612-8,bajo,,268
SIM-2025-0865,Rivadavia,Pinto,4 de Junio,Avenida J.J. Castelli N° 83,50,02-08-2025,,Avanzada,-29.153771,-61.895956,36,4a,Otro,Urbana,3,,865,"Herrera, Juan Cruz",30-70945612-8,medio,,391
SIM-2026-0866,Banda,La Banda,San Martín,Diag. 3 N° 61,45,10-05-2025,28-07-2025,Adjudicada,-27.775444,-64.250921,100,1a,Inclusion,Rural,3,,866,"Sosa, Justina",30-59804127-3,bajo,,79
SIM-2025-0867,Copo,Monte Quemado,Norte,Avenida 1 N° 915,31,28-04-2026,26-07-2026,Finalizada,-25.778399,-62.839854,81,5f,Otro,Urbana,1,,867,"Alvarez, Catalina",30-99903421-7,bajo,,89
SIM-2025-0868,Atamisqui,Villa Atamisqui,Villa Jardín,Av. Salta N° 493,36,13-04-2025,24-07-2025,Finalizada,-28.469845,-63.832437,83,2a,Inclusion,Urbana,3,,868,"Flores, Joaquin",30-99903421-7,bajo,,102
SIM-2025-0869,Silípica,Clodomira,Villa Jardín,Diagonal Mendoza N° 151,40,16-05-2025,,Iniciada,-27.582238,-64.136321,11,2a,Inclusion,Rural,3,,869,"Vargas, Thiago Joaquin",30-70945612-8,alto,,469
SIM-2025-0870,Capital,Santiago del Estero,Santa Rosa,Calle Santiago del Estero N° 67,53,02-05-2026,12-08-2026,Adjudicada,-27.8347,-64.244853,100,2a,Inclusion,Rural,2,,870,"Rios, Santino Agustin",30-59804127-3,bajo,,102
SIM-2025-0871,Capital,Santiago del Estero,San Jorge,Avenida Paraná N° 712,43,28-12-2025,10-10-2026,Adjudicada,-27.783273,-64.281478,100,4b,Otro,Rural,3,,871,"Flores, Ana Paula",30-71782995-2,bajo,,286
SIM-2026-0872,Jiménez,Añatuya,Santa Rosa,Avenida Corrientes N° 864,49,20-03-2026,31-08-2026,Adjudicada,-28.460117,-62.830222,100,1a,Inclusion,Económica,2,,872,"Medina, Milagros",30-70945612-8,bajo,,164
SIM-2026-0873,Choya,Frías,La Reducción,Avenida 8 N° 553,47,14-08-2026,,Avanzada,-28.661215,-65.135524,62,2b,Inclusion,Urbana,3,,873,"Peralta, Lautaro",30-99765488-6,bajo,,14
SIM-2026-0874,Capital,Santiago del Estero,Palermo,Avenida 1 N° 92,50,17-04-2026,,Iniciada,-27.768795,-64.248319,27,1a,Inclusion,Rural,2,,874,"Hernandez, Franco",30-70945612-8,alto,,133
SIM-2025-0875,Capital,Santiago del Estero,25 de Mayo,Diagonal 2 N° 9337,47,30-07-2025,,Iniciada,-27.793491,-64.235612,1,1a,Inclusion,Rural,2,,875,"Lopez, Juan Ignacio",30-99871205-4,alto,,394
SIM-2025-0876,Banda,La Banda,Los Ejidos,Diagonal Pte. Perón N° 56,49,21-12-2025,,Avanzada,-27.7505,-64.214739,51,5d,Exclusion,Rural,3,,876,"Suarez, Juan Manuel",30-70945612-8,medio,,250
SIM-2025-0877,Moreno,Quimilí,La Reducción,Calle 3 N° 272,46,01-09-2025,25-05-2026,Finalizada,-27.645975,-62.421631,81,4a,Otro,Rural,2,,877,"Perez, Santino",30-99812340-1,bajo,,266
SIM-2024-0878,Atamisqui,Villa Atamisqui,San Martín,Diagonal Santa Cruz N° 5881,46,13-09-2024,08-03-2025,Finalizada,-28.472663,-63.817449,89,5f,Otro,Urbana,3,,878,"Gomez, Zoe Jazmin",30-99812340-1,bajo,,176
SIM-2025-0879,Capital,Santiago del Estero,Los Ejidos,Diagonal J.M. de Rosas N° 2938,45,12-01-2026,07-08-2026,Adjudicada,-27.764401,-64.241712,100,1a,Inclusion,Rural,2,,879,"Gimenez, Alejo",30-59804127-3,bajo,,207
SIM-2024-0880,General Taboada,Añatuya,La Reducción,Calle Rosario N° 229,47,13-04-2026,26-07-2026,Finalizada,-28.454056,-62.847585,99,2b,Inclusion,Urbana,2,,880,"Villalba, Zoe Jazmin",30-70945612-8,bajo,,104
SIM-2026-0881,Jiménez,Añatuya,Los Ejidos,Avenida Santa Rosa N° 81,38,01-09-2024,09-04-2025,Finalizada,-28.427432,-62.844925,83,1a,Inclusion,Urbana,2,,881,"Suarez, Jazmin",30-71782995-2,bajo,,220
SIM-2025-0882,Mitre,Bandera,Norte,Diagonal Mar del Plata N° 2131,39,03-12-2025,,Avanzada,-29.285738,-62.287613,58,OT,Otro,Rural,2,,882,"Franco, Mateo Benjamin",30-99812340-1,medio,,268
SIM-2026-0883,Mitre,Bandera,Villa Hogar,Calle Río Negro N° 929,44,12-08-2026,,Avanzada,-29.280669,-62.2933,63,2a,Inclusion,Rural,2,,883,"Peralta, Julian",30-99871205-4,bajo,,16
SIM-2026-0884,Moreno,Quimilí,Centro,Camino 6 N° 954,55,14-07-2025,,Iniciada,-27.621759,-62.42934,14,1a,Inclusion,Urbana,3,,884,"Diaz, Sol",30-68902314-5,alto,,410
SIM-2025-0885,Banda,La Banda,San Martín,Av. Ciudad Autónoma de Buenos Aires N° 51,39,01-03-2025,27-07-2025,Adjudicada,-27.725806,-64.22145,100,3a,Inclusion,Urbana,2,,885,"Pereyra, Bruno",30-59804127-3,bajo,,148
SIM-2024-0886,Banda,La Banda,Los Ejidos,Avenida Ciudad Autónoma de Buenos Aires N° 171,50,12-03-2026,13-07-2026,Finalizada,-27.719619,-64.259655,98,4b,Otro,Económica,2,,886,"Gomez, Catalina",30-99871205-4,bajo,,123
SIM-2026-0887,Banda,La Banda,Centenario,Avenida La Plata N° 634,36,28-10-2025,02-05-2026,Finalizada,-27.731907,-64.230041,100,1a,Inclusion,Rural,1,,887,"Garcia, Emilia",30-59804127-3,bajo,,186
SIM-2024-0888,Banda,La Banda,Villa Luján,Av. 6 N° 5824,37,19-12-2025,25-04-2026,Finalizada,-27.751111,-64.22925,100,2a,Inclusion,Rural,1,,888,"Ledesma, Valentina ",30-59804127-3,bajo,,127
SIM-2024-0889,Capital,Santiago del Estero,4 de Junio,Diagonal J.M. de Rosas N° 128,50,03-08-2024,31-10-2024,Adjudicada,-27.786662,-64.285608,100,2a,Inclusion,Urbana,2,,889,"Gomez, Victoria",30-99903421-7,bajo,,89
SIM-2026-0890,Capital,Santiago del Estero,25 de Mayo,Avenida 2 N° 91,48,04-04-2025,02-09-2025,Adjudicada,-27.817185,-64.251059,100,4c,Otro,Urbana,2,,890,"Acosta, Guillermina",30-59804127-3,bajo,,151
SIM-2026-0891,Mitre,Bandera,Santa Rosa,Diagonal San Martin N° 9829,46,11-07-2026,,Avanzada,-29.286542,-62.257524,99,3a,Inclusion,Urbana,2,,891,"Chavez, Valentina",30-71782995-2,bajo,,48
SIM-2024-0892,Capital,Santiago del Estero,Catamarca,Calle Santa Cruz N° 26,30,10-11-2025,12-05-2026,Finalizada,-27.804699,-64.279154,87,5b,Exclusion,Urbana,2,,892,"Ortiz, Carmela",30-99871205-4,bajo,,183
SIM-2025-0893,Jiménez,Añatuya,FONAVI,Diagonal Alvear N° 9932,45,24-02-2025,05-12-2025,Adjudicada,-28.453706,-62.869166,100,5e,Exclusion,Económica,1,,893,"Lucero, Bautista",30-70945612-8,bajo,,284
SIM-2026-0894,Atamisqui,Villa Atamisqui,Centro,Calle Salta N° 41,42,27-06-2025,09-09-2025,Adjudicada,-28.485742,-63.808775,100,2a,Inclusion,Urbana,3,,894,"Rios, Manuel",30-59804127-3,bajo,,74
SIM-2026-0895,General Taboada,Añatuya,FONAVI,Camino Salta N° 9044,46,23-07-2026,,Avanzada,-28.47693,-62.815826,76,OT,Otro,Urbana,2,,895,"Fernandez, Lisandro",30-99903421-7,bajo,,36
SIM-2025-0896,Salavina,Los Telares,Sur,Camino J.J. Castelli N° 619,33,25-05-2025,,Iniciada,-29.215309,-63.511553,3,5b,Exclusion,Urbana,2,,896,"Diaz, Milena",30-68902314-5,alto,,460
SIM-2025-0897,Robles,Fernández,Sur,Av. 7 N° 829,37,08-01-2025,23-04-2025,Adjudicada,-27.913378,-63.875976,100,4c,Otro,Urbana,2,,897,"Fernandez, Ramiro",30-99871205-4,bajo,,105
SIM-2023-0898,Figueroa,Suncho Corral,Los Aromos,Avenida Rivadavia N° 49,43,28-01-2025,26-08-2025,Finalizada,-28.562393,-63.443708,98,2b,Inclusion,Urbana,2,,898,"Pereyra, Maximo",30-71782995-2,bajo,,210
SIM-2025-0899,Capital,Santiago del Estero,25 de Mayo,Av. Bahía Blanca N° 492,52,31-05-2025,,Iniciada,-27.788991,-64.235235,10,5a,Exclusion,Urbana,2,,899,"Ruiz, Joaquin",30-99871205-4,alto,,454
SIM-2025-0900,Choya,Frías,San Jorge,Calle San Miguel de Tucumán N° 9879,53,13-09-2025,,Iniciada,-28.67162,-65.125803,29,1a,Inclusion,Urbana,2,,900,"Moreno, Valentino",30-99871205-4,alto,,349
SIM-2026-0901,Silípica,Clodomira,25 de Mayo,Calle Alem N° 4266,58,25-09-2025,01-04-2026,Finalizada,-27.564037,-64.113362,100,2a,Inclusion,Urbana,2,,901,"Moreno, Delfina",30-59804127-3,bajo,,188
SIM-2026-0902,Jiménez,Añatuya,Rivadavia,Calle 9 N° 319,51,22-09-2025,17-12-2025,Adjudicada,-28.441573,-62.836512,100,1a,Inclusion,Rural,2,,902,"Hernandez, Tiziano Benjamin",30-59804127-3,bajo,,86
SIM-2026-0903,Capital,Santiago del Estero,Los Aromos,Diagonal Catamarca N° 89,42,18-08-2026,,Avanzada,-27.792392,-64.26057,79,3a,Inclusion,Urbana,3,,903,"Campos, Valentina",30-99903421-7,bajo,,10
SIM-2026-0904,Figueroa,Suncho Corral,Villa Hogar,Avenida Santa Fe N° 16,55,02-07-2026,,Avanzada,-28.529859,-63.457732,64,5g,Exclusion,Rural,3,,904,"Herrera, Thiago Nicolas",30-71782995-2,bajo,,57
SIM-2025-0905,Banda,La Banda,Malvinas,Avenida 7 N° 291,47,14-02-2025,,Iniciada,-27.726002,-64.265188,0,5g,Exclusion,Económica,3,,905,"Moreno, Thiago Gabriel",30-99765488-6,alto,,560
SIM-2025-0906,Choya,Frías,Palermo,Diagonal Ciudad Autónoma de Buenos Aires N° 6251,50,05-11-2025,08-04-2026,Finalizada,-28.6858,-65.125741,86,1a,Inclusion,Urbana,2,,906,"Gomez, Francisco",30-99765488-6,bajo,,154
SIM-2026-0907,Choya,Frías,Los Aromos,Calle Río Negro N° 715,58,17-11-2025,24-07-2026,Finalizada,-28.658662,-65.134776,82,4c,Otro,Rural,2,,907,"Blanco, Santino",30-99871205-4,bajo,,249
SIM-2026-0908,Robles,Fernández,Villa Jardín,Camino 9 N° 166,54,27-01-2026,,Avanzada,-27.936103,-63.90606,48,2a,Inclusion,Urbana,1,,908,"Ruiz, Constanza",30-68902314-5,medio,,213
SIM-2025-0909,Salavina,Los Telares,San Jorge,Diagonal Posadas N° 9494,51,29-01-2025,,Iniciada,-29.185673,-63.519933,14,4c,Otro,Urbana,3,,909,"Gonzalez, Agustín",30-99812340-1,alto,,576
SIM-2026-0910,Figueroa,Suncho Corral,FONAVI,Av. Rivadavia N° 25,41,11-06-2026,,Avanzada,-28.533853,-63.456365,38,4c,Otro,Urbana,2,,910,"Gonzalez, Enzo",30-68902314-5,bajo,,78
SIM-2024-0911,Rivadavia,Pinto,Los Aromos,Calle Mitre N° 6180,48,28-08-2024,22-03-2025,Adjudicada,-29.130844,-61.86667,100,3a,Inclusion,Rural,1,,911,"Godoy, Bautista",30-99812340-1,bajo,,206
SIM-2025-0912,Guasayán,El Charco,Villa del Parque,Avenida Tierra del Fuego N° 495,40,09-06-2025,,Iniciada,-28.079837,-64.987233,19,2a,Inclusion,Urbana,2,,912,"Vega, Alma",30-70945612-8,alto,,445
SIM-2026-0913,Capital,Santiago del Estero,Villa Hogar,Avenida Córdoba N° 19,55,28-07-2026,,Avanzada,-27.801032,-64.254838,40,1a,Inclusion,Rural,2,,913,"Lopez, Martina",30-99812340-1,bajo,,31
SIM-2026-0914,Capital,Santiago del Estero,Villa Luján,Avenida Paraná N° 413,47,20-08-2026,,Iniciada,-27.779628,-64.253532,20,2b,Inclusion,Urbana,2,,914,"Torres, Giuliana",30-99812340-1,bajo,,8
SIM-2025-0915,Capital,Santiago del Estero,Los Aromos,Av. Pte. Perón N° 6826,30,22-12-2025,,Iniciada,-27.794217,-64.250953,19,2b,Inclusion,Urbana,2,,915,"Gomez, Tiziano",30-68902314-5,alto,,249
SIM-2025-0916,Banda,La Banda,Sur,Avenida 7 N° 1152,36,31-01-2026,30-04-2026,Adjudicada,-27.740339,-64.235656,100,4b,Otro,Urbana,2,,916,"Rodriguez, Juan Cruz",30-59804127-3,bajo,,89
SIM-2025-0917,Mitre,Bandera,Sur,Calle Santa Fe N° 5981,56,30-09-2025,26-06-2026,Finalizada,-29.267046,-62.27168,100,2a,Inclusion,Económica,2,,917,"Vera, Federico",30-59804127-3,bajo,,269
SIM-2026-0918,Banda,La Banda,Catamarca,Avenida Santiago del Estero N° 642,43,03-07-2026,,Avanzada,-27.706686,-64.248385,77,2b,Inclusion,Urbana,2,,918,"Medina, Isabella",30-99765488-6,bajo,,56
SIM-2025-0919,Figueroa,Suncho Corral,Villa del Parque,Avenida Comodoro Rivadavia N° 330,45,07-08-2025,18-11-2025,Finalizada,-28.559331,-63.45113,100,2a,Inclusion,Rural,3,,919,"Caceres, Santiago Benjamin",30-59804127-3,bajo,,103
SIM-2024-0920,Atamisqui,Villa Atamisqui,Centenario,Calle 8 N° 4759,48,17-07-2025,17-10-2025,Finalizada,-28.494649,-63.841351,83,2b,Inclusion,Rural,2,,920,"Godoy, Mateo Benjamin",30-99812340-1,bajo,,92
SIM-2026-0921,Guasayán,El Charco,Norte,Avenida G. Brown N° 48,50,31-01-2026,22-04-2026,Adjudicada,-28.052668,-65.037478,100,5a,Exclusion,Urbana,3,,921,"Moyano, Mateo",30-59804127-3,bajo,,81
SIM-2024-0922,Robles,Fernández,4 de Junio,Calle 8 N° 18,50,08-03-2026,03-06-2026,Finalizada,-27.938368,-63.882443,90,1a,Inclusion,Urbana,3,,922,"Garcia, Maximiliano",30-99812340-1,bajo,,87
SIM-2025-0923,Capital,Santiago del Estero,La Reducción,Av. San Ferando del Valle de Catamarca N° 1865,40,02-11-2025,,Iniciada,-27.795605,-64.252815,29,1a,Inclusion,Urbana,3,,923,"Perez, Felipe",30-99812340-1,alto,,299
SIM-2023-0924,Mitre,Bandera,Santa Rosa,Calle Formosa N° 560,39,30-11-2023,19-09-2024,Adjudicada,-29.277536,-62.271705,100,2a,Inclusion,Urbana,2,,924,"Rodriguez, Juan Pablo",30-99871205-4,bajo,,294
SIM-2026-0925,Mitre,Bandera,25 de Mayo,Diagonal 3 N° 258,41,17-02-2026,,Avanzada,-29.277182,-62.295875,44,1a,Inclusion,Urbana,2,,925,"Roldan, Emilia",30-99765488-6,medio,,192
SIM-2025-0926,Ojo de Agua,Ojo de Agua,San Martín,Calle San Ferando del Valle de Catamarca N° 529,42,17-12-2025,,Avanzada,-29.514128,-63.701611,39,1a,Inclusion,Urbana,2,,926,"Roldan, Lara",30-68902314-5,medio,,254
SIM-2025-0927,Figueroa,Suncho Corral,4 de Junio,Boulevard Corrientes N° 277,50,09-08-2025,01-12-2025,Adjudicada,-28.559112,-63.43437,100,2a,Inclusion,Urbana,2,,927,"Torres, Pilar",30-59804127-3,bajo,,114
SIM-2024-0928,Figueroa,Suncho Corral,Centenario,Calle 4 N° 8375,37,15-06-2025,06-04-2026,Finalizada,-28.569696,-63.464658,83,5f,Otro,Rural,3,,928,"Martinez, Emilia",30-99812340-1,bajo,,295
SIM-2025-0929,Banda,La Banda,Los Aromos,Avenida Ciudad Autónoma de Buenos Aires N° 2153,39,03-10-2025,15-07-2026,Finalizada,-27.74377,-64.246335,100,1a,Inclusion,Rural,3,,929,"Olivera, Catalina",30-59804127-3,bajo,,285
SIM-2025-0930,Capital,Santiago del Estero,Santa Rosa,Avenida 5 N° 7778,45,28-09-2025,,Avanzada,-27.81833,-64.26921,50,5e,Exclusion,Urbana,2,,930,"Blanco, Benjamin",30-70945612-8,medio,,334
SIM-2026-0931,Capital,Santiago del Estero,Autonomía,Av. Misiones N° 97,41,09-05-2026,07-08-2026,Adjudicada,-27.784289,-64.271034,100,2a,Inclusion,Urbana,2,,931,"Bustos, Tomàs",30-59804127-3,bajo,,90
SIM-2026-0932,Robles,Fernández,Belgrano,Av. San Martin N° 16,38,02-07-2026,,Avanzada,-27.943681,-63.887566,77,2a,Inclusion,Urbana,2,,932,"Bustos, Maria Emilia",30-99871205-4,bajo,,57
SIM-2025-0933,Robles,Fernández,San Jorge,Avenida Mitre N° 761,41,21-01-2026,16-05-2026,Finalizada,-27.916684,-63.919146,100,1a,Inclusion,Rural,3,,933,"Fernandez, Pedro",30-59804127-3,bajo,,115
SIM-2025-0934,Banda,La Banda,25 de Mayo,Av. J.J. Castelli N° 2998,63,18-12-2025,,Avanzada,-27.72958,-64.236691,72,5e,Exclusion,Urbana,2,,934,"Gonzalez, Juan Bautista",30-68902314-5,medio,,253
SIM-2025-0935,Guasayán,El Charco,Villa del Parque,Diagonal San Miguel de Tucumán N° 85,43,16-08-2025,,Avanzada,-28.057704,-65.041073,44,5e,Exclusion,Rural,3,,935,"Ruiz, Sofia",30-99871205-4,medio,,377
SIM-2024-0936,Jiménez,Añatuya,Villa Luján,Av. San Luis N° 780,38,21-02-2024,15-07-2024,Adjudicada,-28.491972,-62.842451,100,2a,Inclusion,Rural,2,,936,"Diaz, Benjamin",30-99765488-6,bajo,,145
SIM-2025-0937,Choya,Frías,Villa Hogar,Calle 2 N° 86,43,07-07-2025,25-04-2026,Finalizada,-28.631523,-65.146892,99,2b,Inclusion,Rural,2,,937,"Lopez, Paloma",30-70945612-8,bajo,,292
SIM-2025-0938,Banda,La Banda,Villa Luján,Diag. La Pampa N° 3221,42,12-12-2025,,Avanzada,-27.74644,-64.208701,48,2a,Inclusion,Urbana,2,,938,"Benitez, Bruno",30-68902314-5,medio,,259
SIM-2025-0939,Capital,Santiago del Estero,25 de Mayo,Avenida 2 N° 95,47,29-07-2025,,Iniciada,-27.762014,-64.246345,5,5c,Exclusion,Rural,1,,939,"Lopez, Joaquina",30-68902314-5,alto,,395
SIM-2024-0940,Banda,La Banda,Palermo,Camino 2 N° 48,31,23-07-2026,,Avanzada,-27.728363,-64.232912,75,1a,Inclusion,Rural,2,,940,"Gimenez, Mateo",30-71782995-2,bajo,,36
SIM-2026-0941,Ojo de Agua,Ojo de Agua,Los Ejidos,Avenida Río Negro N° 137,44,20-02-2026,16-05-2026,Adjudicada,-29.51402,-63.681787,100,2a,Inclusion,Urbana,1,,941,"Farias, Benicio",30-59804127-3,bajo,,85
SIM-2025-0942,Salavina,Los Telares,Malvinas,Blv. Saavedra N° 334,56,15-07-2026,,Avanzada,-29.246293,-63.520943,76,2a,Inclusion,Rural,2,,942,"Luna, Sara",30-71782995-2,bajo,,44
SIM-2024-0943,Pellegrini,Tintina,Sur,Diagonal Mitre N° 84,51,18-01-2026,07-05-2026,Finalizada,-27.011556,-62.717116,100,1a,Inclusion,Urbana,2,,943,"Coronel, Augusto",30-59804127-3,bajo,,109
SIM-2025-0944,Capital,Santiago del Estero,Villa Hogar,Blv. San Martin N° 926,38,26-10-2025,08-05-2026,Adjudicada,-27.801597,-64.29167,100,2a,Inclusion,Rural,2,,944,"Lucero, Luna",30-59804127-3,bajo,,194
SIM-2026-0945,Banda,La Banda,Villa Luján,Diagonal 3 N° 498,42,11-07-2026,,Avanzada,-27.706868,-64.244932,59,4a,Otro,Urbana,3,,945,"Rodriguez, Julian",30-99812340-1,bajo,,48
SIM-2025-0946,Capital,Santiago del Estero,Villa Luján,Camino Rivadavia N° 451,55,03-06-2026,,Avanzada,-27.800397,-64.226726,62,2b,Inclusion,Rural,3,,946,"Soria, Luisana",30-71782995-2,bajo,,86
SIM-2025-0947,Robles,Fernández,Villa Luján,Calle Santa Fe N° 1054,46,05-06-2025,,Iniciada,-27.887062,-63.889863,11,5b,Exclusion,Urbana,2,,947,"Maldonado, Josefina",30-99903421-7,alto,,449
SIM-2026-0948,Silípica,Clodomira,FONAVI,Calle Santiago del Estero N° 356,36,19-12-2025,18-06-2026,Finalizada,-27.5983,-64.106415,100,2a,Inclusion,Rural,2,,948,"Gonzalez, Tiziano",30-59804127-3,bajo,,181
SIM-2025-0949,Aguirre,Nueva Esperanza,,Calle Rivadavia N° 405,40,28-08-2025,,Iniciada,-27.648098,-62.437751,26,5a,Exclusion,Rural,2,,949,"Gonzalez, Martina",30-99812340-1,alto,,365
SIM-2026-0950,Banda,La Banda,Villa Jardín,Camino 7 N° 897,40,21-07-2026,,Avanzada,-27.750071,-64.250942,43,4a,Otro,Rural,2,,950,"Martinez, Angel Gabriel",30-99812340-1,bajo,,38
SIM-2025-0951,Capital,Santiago del Estero,Malvinas,Calle 9 N° 948,36,04-02-2025,02-08-2025,Finalizada,-27.804869,-64.246,96,5d,Exclusion,Rural,3,,951,"Avila, Lautaro Gabriel",30-99765488-6,bajo,,179
SIM-2024-0952,Figueroa,Suncho Corral,Catamarca,Diagonal 8 N° 11,40,04-06-2026,,Avanzada,-28.55403,-63.421077,92,4b,Otro,Rural,3,,952,"Vargas, Ignacio",30-71782995-2,bajo,,85
SIM-2024-0953,Jiménez,Añatuya,Palermo,Avenida San Juan N° 7196,52,27-07-2024,02-05-2025,Finalizada,-28.472923,-62.845149,84,4b,Otro,Rural,2,,953,"Morales, Emma",30-99903421-7,bajo,,279
SIM-2024-0954,Moreno,Quimilí,Centenario,Diagonal Mendoza N° 5911,47,18-02-2024,29-09-2024,Adjudicada,-27.634506,-62.422562,100,OT,Otro,Urbana,3,,954,"Blanco, Valentin",30-99812340-1,bajo,,224
SIM-2024-0955,Moreno,Quimilí,Centenario,Calle J.J. Castelli N° 96,47,05-04-2024,02-01-2025,Adjudicada,-27.657841,-62.400736,100,2b,Inclusion,Urbana,2,,955,"Gonzalez, Juan Ignacio",30-99903421-7,bajo,,272
SIM-2025-0956,Banda,La Banda,Malvinas,Av. Belgrano N° 9556,38,29-01-2025,13-07-2025,Adjudicada,-27.740541,-64.255095,100,4b,Otro,Urbana,2,,956,"Sanchez, Isabella",30-70945612-8,bajo,,165
SIM-2024-0957,Moreno,Quimilí,Belgrano,Avenida Neuquén N° 5893,40,24-02-2026,04-05-2026,Finalizada,-27.628373,-62.390878,92,5f,Otro,Urbana,2,,957,"Franco, Giovanni",30-99903421-7,bajo,,69
SIM-2024-0958,Pellegrini,Tintina,,Diag. La Pampa N° 794,40,05-06-2025,18-10-2025,Finalizada,-27.025749,-62.753566,93,1a,Inclusion,Urbana,3,,958,"Lucero, Jeronimo",30-99903421-7,bajo,,135
SIM-2025-0959,Robles,Fernández,Villa Jardín,Av. Omar Nuñez N° 52,37,30-06-2025,,Iniciada,-27.927559,-63.903374,7,2a,Inclusion,Urbana,2,,959,"Sanchez, Martina",30-99765488-6,alto,,424
SIM-2026-0960,Copo,Monte Quemado,Malvinas,Diagonal San Luis N° 3881,43,09-07-2026,,Iniciada,-25.81202,-62.825741,26,1a,Inclusion,Urbana,3,,960,"Fernandez, Nina",30-99765488-6,bajo,,50
SIM-2026-0961,Aguirre,Nueva Esperanza,Belgrano,Av. La Pampa N° 6926,40,30-05-2026,,Iniciada,-27.692288,-62.456173,4,4a,Otro,Urbana,2,,961,"Torres, Lucía",30-99871205-4,bajo,,90
SIM-2025-0962,Moreno,Quimilí,Rivadavia,Diagonal 8 N° 702,41,26-04-2025,,Avanzada,-27.629762,-62.462455,36,4b,Otro,Urbana,2,,962,"Figueroa, Lautaro Benjamin",30-71782995-2,medio,,489
SIM-2025-0963,Capital,Santiago del Estero,La Reducción,Diag. Chilecito N° 335,41,12-09-2025,03-04-2026,Finalizada,-27.804472,-64.23601,95,2a,Inclusion,Urbana,1,,963,"Vega, Santiago",30-99765488-6,bajo,,203
SIM-2026-0964,Moreno,Quimilí,Villa Luján,Blv. Alvear N° 187,30,18-08-2026,,Iniciada,-27.631106,-62.410457,23,4b,Otro,Urbana,2,,964,"Diaz, Benjamin",30-99812340-1,bajo,,10
SIM-2025-0965,Moreno,Quimilí,Belgrano,Av. Rawson N° 32,48,19-06-2025,,Iniciada,-27.624172,-62.409123,15,5a,Exclusion,Rural,2,,965,"Castro, Justina",30-68902314-5,alto,,435
SIM-2024-0966,Moreno,Quimilí,Sur,Calle San Luis N° 888,56,23-03-2024,24-08-2024,Adjudicada,-27.567328,-62.450514,100,2a,Inclusion,Rural,3,,966,"Gutierrez, Mia Valentina",30-99765488-6,bajo,,154
SIM-2026-0967,Robles,Fernández,,Diagonal Rivadavia N° 54,44,07-08-2026,,Avanzada,-27.932174,-63.881828,98,5e,Exclusion,Económica,3,,967,"Barrios, Francisco",30-71782995-2,bajo,,21
SIM-2026-0968,Banda,La Banda,Santa Rosa,Avenida 4 N° 8059,46,09-07-2026,,Avanzada,-27.742636,-64.250257,63,4a,Otro,Urbana,3,,968,"Rodriguez, Pedro",30-99765488-6,bajo,,50
SIM-2024-0969,Salavina,Los Telares,Norte,Avenida Posadas N° 382,41,24-02-2026,,Avanzada,-29.248309,-63.50649,33,4c,Otro,Urbana,2,,969,"Mendez, Luana",30-68902314-5,medio,,185
SIM-2026-0970,Copo,Monte Quemado,Norte,Av. 4 N° 39,53,22-07-2026,,Iniciada,-25.820341,-62.8391,28,4b,Otro,Urbana,1,,970,"Chavez, Juan Bautista",30-70945612-8,bajo,,37
SIM-2026-0971,Jiménez,Añatuya,Villa del Parque,Avenida Jujuy N° 7183,39,05-06-2026,,Avanzada,-28.469636,-62.834548,79,2a,Inclusion,Rural,3,,971,"Bustos, Luna",30-71782995-2,bajo,,84
SIM-2025-0972,Aguirre,Nueva Esperanza,Autonomía,Avenida Saavedra N° 624,57,10-12-2025,,Iniciada,-27.638357,-62.405661,7,2a,Inclusion,Urbana,3,,972,"Fernandez, Lola",30-68902314-5,alto,,261
SIM-2025-0973,Jiménez,Añatuya,Malvinas,Calle 5 N° 289,45,04-02-2025,,Avanzada,-28.46316,-62.828964,74,5f,Otro,Urbana,2,,973,"Garcia, Mateo Agustin",30-70945612-8,medio,,570
SIM-2024-0974,Banda,La Banda,Palermo,Avenida San Juan N° 66,49,30-05-2025,13-08-2025,Finalizada,-27.711674,-64.252939,100,4c,Otro,Rural,3,,974,"Nuñez, Thiago Ezequiel",30-59804127-3,bajo,,75
SIM-2026-0975,Banda,La Banda,FONAVI,Av. Mendoza N° 139,45,28-07-2026,,Iniciada,-27.738505,-64.241155,7,1a,Inclusion,Urbana,2,,975,"Gomez, Isabella",30-99871205-4,bajo,,31
SIM-2025-0976,Salavina,Los Telares,San Jorge,Av. Alem N° 365,46,13-07-2025,26-01-2026,Adjudicada,-29.21646,-63.522092,100,3a,Inclusion,Urbana,2,,976,"Sanchez, Catalina",30-99812340-1,bajo,,197
SIM-2025-0977,Banda,La Banda,Villa Luján,Avenida 7 N° 474,50,19-11-2025,,Avanzada,-27.706594,-64.222262,50,4b,Otro,Rural,2,,977,"Gonzalez, Candelaria",30-70945612-8,medio,,282
SIM-2024-0978,Capital,Santiago del Estero,FONAVI,Blv. Alvear N° 9841,51,01-11-2024,25-02-2025,Adjudicada,-27.8032,-64.277006,100,2a,Inclusion,Rural,2,,978,"Martinez, Francisco",30-99765488-6,bajo,,116
SIM-2025-0979,Moreno,Quimilí,25 de Mayo,Av. Rivadavia N° 3167,40,18-01-2025,,Iniciada,-27.622231,-62.386492,19,4b,Otro,Rural,3,,979,"Mendez, Matias",30-70945612-8,alto,,587
SIM-2024-0980,Pellegrini,Tintina,La Reducción,Av. 9 N° 679,41,02-08-2026,,Avanzada,-27.038132,-62.745511,62,2b,Inclusion,Rural,2,,980,"Gimenez, Valentin",30-71782995-2,bajo,,26
SIM-2025-0981,Capital,Santiago del Estero,Norte,Diagonal Mendoza N° 94,48,18-12-2025,13-04-2026,Finalizada,-27.777062,-64.269397,81,OT,Otro,Económica,2,,981,"Gomez, Alma",30-68902314-5,bajo,,116
SIM-2026-0982,Mitre,Bandera,San Jorge,Calle Chaco N° 794,36,08-07-2026,,Iniciada,-29.277429,-62.262167,25,5f,Otro,Rural,2,,982,"Garcia, Bautista",30-99871205-4,bajo,,51
SIM-2026-0983,Figueroa,Suncho Corral,Centenario,Avenida Salta N° 232,43,21-10-2025,14-03-2026,Adjudicada,-28.556466,-63.49684,100,4c,Otro,Urbana,2,,983,"Gomez, Victoria",30-59804127-3,bajo,,144
SIM-2026-0984,Salavina,Los Telares,Malvinas,Av. Rosario N° 236,49,10-01-2026,,Avanzada,-29.250349,-63.498292,55,1a,Inclusion,Rural,2,,984,"Mendez, Agostina",30-99765488-6,medio,,230
SIM-2026-0985,Capital,Santiago del Estero,Catamarca,Blv. 120 B N° 428,37,12-06-2026,,Avanzada,-27.7866,-64.233622,68,4b,Otro,Urbana,2,,985,"Godoy, Enzo",30-71782995-2,bajo,,77
SIM-2026-0986,Mitre,Bandera,Centro,Calle Neuquén N° 213,42,04-05-2026,,Avanzada,-29.242547,-62.251221,63,4b,Otro,Económica,2,,986,"Carrizo, Benjamin",30-68902314-5,medio,,116
SIM-2025-0987,Capital,Santiago del Estero,FONAVI,Calle La Rioja N° 13,38,14-02-2025,28-09-2025,Adjudicada,-27.774559,-64.280913,100,1a,Inclusion,Urbana,1,,987,"Juarez, Isabella",30-99812340-1,bajo,,226
SIM-2025-0988,Jiménez,Añatuya,Centenario,Diagonal 7 N° 884,37,07-03-2025,,Avanzada,-28.470955,-62.850522,47,1a,Inclusion,Urbana,2,,988,"Gomez, Maria Guadalupe",30-99812340-1,medio,,539
SIM-2026-0989,Pellegrini,Tintina,Catamarca,Blv. Córdoba N° 34,46,01-11-2025,21-04-2026,Finalizada,-27.011985,-62.720659,88,1a,Inclusion,Urbana,3,,989,"Alvarez, Maria Victoria",30-99765488-6,bajo,,171
SIM-2026-0990,Capital,Santiago del Estero,Centenario,Calle Neuquén N° 872,46,10-08-2026,,Iniciada,-27.805266,-64.293771,30,1a,Inclusion,Rural,1,,990,"Rodriguez, Joaquin",30-99903421-7,bajo,,18
SIM-2024-0991,Mitre,Bandera,Rivadavia,Diagonal Neuquén N° 25,34,01-07-2025,,Iniciada,-29.308421,-62.269235,18,2a,Inclusion,Urbana,3,,991,"Diaz, Lucas",30-68902314-5,alto,,423
SIM-2025-0992,Banda,La Banda,Autonomía,Avenida Catamarca N° 815,45,17-04-2025,13-01-2026,Finalizada,-27.699229,-64.223595,80,5a,Exclusion,Urbana,2,,992,"Franco, Agustina",30-99812340-1,bajo,,271
SIM-2025-0993,Copo,Monte Quemado,Los Aromos,Calle Buenos Aires N° 784,48,31-08-2025,30-04-2026,Finalizada,-25.777253,-62.846234,100,2b,Inclusion,Urbana,3,,993,"Farias, Valentina",30-70945612-8,bajo,,242
SIM-2024-0994,Rivadavia,Pinto,Rivadavia,Avenida Chaco N° 333,53,29-02-2024,18-09-2024,Adjudicada,-29.149403,-61.892248,100,2a,Inclusion,Rural,2,,994,"Garcia, Pedro",30-99871205-4,bajo,,202
SIM-2026-0995,Capital,Santiago del Estero,Sur,Avenida San Juan N° 114,32,20-03-2026,,Avanzada,-27.781815,-64.255803,41,4b,Otro,Urbana,2,,995,"Leiva, Felicitas",30-70945612-8,medio,,161
SIM-2026-0996,Banda,La Banda,Sur,Av. 6 N° 93,45,07-08-2026,,Avanzada,-27.752281,-64.242209,77,1a,Inclusion,Económica,3,,996,"Romero, Pedro",30-71782995-2,bajo,,21
SIM-2026-0997,Atamisqui,Villa Atamisqui,Centenario,Blv. Buenos Aires N° 405,55,18-07-2025,02-04-2026,Finalizada,-28.501344,-63.77759,100,2b,Inclusion,Urbana,2,,997,"Gonzalez, Giovanni",30-59804127-3,bajo,,258
SIM-2024-0998,Capital,Santiago del Estero,Los Ejidos,Av. La Plata N° 78,43,24-04-2025,,Iniciada,-27.784162,-64.259703,4,2a,Inclusion,Urbana,2,,998,"Gonzalez, Martín",30-68902314-5,alto,,491
SIM-2025-0999,Choya,Frías,Malvinas,Diagonal Corrientes N° 6168,46,13-02-2025,,Avanzada,-28.665135,-65.135605,52,2a,Inclusion,Rural,2,,999,"Ferreyra, Santino Nicolas",30-99812340-1,medio,,561
SIM-2026-1000,Atamisqui,Villa Atamisqui,San Martín,Calle 5 N° 89,43,25-08-2025,24-04-2026,Finalizada,-28.503352,-63.814985,100,1a,Inclusion,Urbana,2,,1000,"Torres, Guadalupe",30-59804127-3,bajo,,242
SIM-2025-1001,Jiménez,Añatuya,San Jorge,Av. J.M. de Rosas N° 69,41,16-09-2025,,Iniciada,-28.494341,-62.856487,15,4a,Otro,Rural,3,,1001,"Nuñez, Lautaro",30-68902314-5,alto,,346
SIM-2026-1002,Ojo de Agua,Ojo de Agua,Autonomía,Diagonal Santa Cruz N° 38,35,09-07-2026,,Iniciada,-29.475022,-63.686982,17,5f,Otro,Urbana,1,,1002,"Suarez, Juan Manuel",30-70945612-8,bajo,,50
SIM-2026-1003,Capital,Santiago del Estero,Palermo,Camino 6 N° 785,52,19-09-2025,,Iniciada,-27.786251,-64.288851,14,1a,Inclusion,Rural,2,,1003,"Gimenez, Valentino",30-68902314-5,alto,,343
SIM-2025-1004,Banda,La Banda,Sur,Diagonal 7 N° 4063,53,11-11-2025,,Iniciada,-27.74348,-64.241685,13,5e,Exclusion,Urbana,1,,1004,"Perez, Joaquín",30-68902314-5,alto,,290
SIM-2025-1005,Mitre,Bandera,Los Ejidos,Diagonal Formosa N° 265,40,21-05-2025,,Iniciada,-29.297169,-62.293148,18,5f,Otro,Urbana,2,,1005,"Diaz, Juan Pablo",30-99903421-7,alto,,464
SIM-2025-1006,Capital,Santiago del Estero,Norte,Diag. 9 N° 3263,30,10-01-2025,,Iniciada,-27.776309,-64.288348,34,2a,Inclusion,Rural,2,,1006,"Leiva, Santino",30-99812340-1,medio,,595
SIM-2026-1007,Moreno,Quimilí,,Avenida Bahía Blanca N° 729,52,07-08-2026,,Iniciada,-27.646121,-62.403069,17,4b,Otro,Rural,3,,1007,"Godoy, Mora",30-71782995-2,bajo,,21
SIM-2025-1008,Jiménez,Añatuya,4 de Junio,Av. 5 N° 145,52,30-07-2025,,Avanzada,-28.468337,-62.848406,64,4c,Otro,Rural,2,,1008,"Garcia, Santiago Nicolas",30-99871205-4,medio,,394
SIM-2026-1009,Silípica,Clodomira,Villa Hogar,Calle Chaco N° 4720,45,16-01-2026,,Iniciada,-27.604655,-64.139993,19,2b,Inclusion,Económica,1,,1009,"Gutierrez, Juan Francisco",30-70945612-8,alto,,224
SIM-2025-1010,Robles,Fernández,San Martín,Avenida Resistencia N° 2036,44,18-07-2026,,Avanzada,-27.918914,-63.896177,63,1a,Inclusion,Urbana,3,,1010,"Correa, Rafael",30-71782995-2,bajo,,41
SIM-2025-1011,Mitre,Bandera,Norte,Av. Salta N° 826,47,09-10-2025,,Avanzada,-29.31879,-62.279848,68,2b,Inclusion,Rural,1,,1011,"Rodriguez, Alma Mia",30-68902314-5,medio,,323
SIM-2025-1012,Silípica,Clodomira,,Blv. San Juan N° 406,47,21-11-2025,08-07-2026,Finalizada,-27.588681,-64.131938,100,4b,Otro,Urbana,2,,1012,"Ledesma, Catalina",30-59804127-3,bajo,,229
SIM-2025-1013,Capital,Santiago del Estero,Los Ejidos,Avenida J.M. de Rosas N° 894,37,25-08-2025,,Avanzada,-27.801166,-64.257932,69,2b,Inclusion,Urbana,1,,1013,"Rojas, Ema",30-71782995-2,medio,,368
SIM-2026-1014,Robles,Fernández,Sur,Diagonal San Juan N° 58,45,28-07-2026,,Iniciada,-27.930719,-63.876016,23,5c,Exclusion,Rural,1,,1014,"Perez, Angel Gabriel",30-68902314-5,bajo,,31
SIM-2026-1015,Banda,La Banda,Villa Hogar,Boulevard 2 N° 550,49,30-05-2026,,Iniciada,-27.745558,-64.235964,15,2b,Inclusion,Urbana,1,,1015,"Fernandez, Thiago Benjamin",30-70945612-8,bajo,,90
SIM-2026-1016,Banda,La Banda,4 de Junio,Diagonal Santa Fe N° 218,42,29-06-2026,,Avanzada,-27.771899,-64.219137,69,2a,Inclusion,Rural,2,,1016,"Leiva, Geronimo",30-71782995-2,bajo,,60
SIM-2026-1017,Atamisqui,Villa Atamisqui,Belgrano,Calle San Luis N° 54,34,15-09-2024,05-06-2025,Finalizada,-28.473341,-63.79945,91,1a,Inclusion,Urbana,2,,1017,"Lopez, Isabella",30-70945612-8,bajo,,263
SIM-2024-1018,Banda,La Banda,San Jorge,Diagonal J.J. Castelli N° 988,39,02-04-2025,,Iniciada,-27.74777,-64.245194,15,2a,Inclusion,Urbana,2,,1018,"Villalba, Benjamin",30-68902314-5,alto,,513
SIM-2025-1019,Capital,Santiago del Estero,San Jorge,Avenida Rosario N° 734,40,30-04-2025,,Avanzada,-27.763771,-64.276422,55,1a,Inclusion,Rural,2,,1019,"Martin, Santiago Nicolas",30-99871205-4,medio,,485
SIM-2026-1020,Atamisqui,Villa Atamisqui,,Avenida 3 N° 7393,41,01-04-2026,,Avanzada,-28.477321,-63.842639,44,2a,Inclusion,Económica,3,,1020,"Rodriguez, Angel Gabriel",30-99871205-4,medio,,149
SIM-2026-1021,Robles,Fernández,,Av. 8 N° 9216,43,08-07-2026,,Avanzada,-27.921286,-63.892991,61,5a,Exclusion,Urbana,2,,1021,"Gomez, Salvador",30-99812340-1,bajo,,51
SIM-2025-1022,Banda,La Banda,Norte,Av. Alvear N° 9644,46,07-06-2025,,Iniciada,-27.744528,-64.26726,7,4b,Otro,Económica,1,,1022,"Benitez, Dylan Benjamin",30-99812340-1,alto,,447
SIM-2026-1023,Choya,Frías,FONAVI,Diagonal 1 N° 89,46,16-07-2024,24-02-2025,Finalizada,-28.616411,-65.136669,92,4b,Otro,Urbana,3,,1023,"Cruz, Ciro",30-99812340-1,bajo,,223
SIM-2025-1024,Capital,Santiago del Estero,Santa Rosa,Calle Ushuaia N° 62,56,12-09-2025,,Iniciada,-27.782531,-64.283848,15,1a,Inclusion,Urbana,2,,1024,"Ruiz, Julia",30-71782995-2,alto,,350
SIM-2026-1025,Ojo de Agua,Ojo de Agua,Palermo,Av. Malvinas Argentinas N° 446,39,19-06-2026,,Avanzada,-29.505358,-63.667627,41,3a,Inclusion,Urbana,2,,1025,"Quiroga, Malena",30-99812340-1,bajo,,70
SIM-2025-1026,Moreno,Quimilí,Los Aromos,Camino Mitre N° 711,48,08-11-2025,02-07-2026,Finalizada,-27.605275,-62.399047,87,2a,Inclusion,Urbana,2,,1026,"Diaz, Valentino",30-99812340-1,bajo,,236
SIM-2024-1027,Silípica,Clodomira,Palermo,Diagonal 5 N° 9443,52,11-01-2026,,Iniciada,-27.566788,-64.137474,10,1a,Inclusion,Rural,3,,1027,"Garcia, Luisina",30-68902314-5,alto,,229
SIM-2026-1028,Capital,Santiago del Estero,Centro,Calle Río Negro N° 27,36,05-08-2026,,Avanzada,-27.792474,-64.296407,48,2a,Inclusion,Urbana,2,,1028,"Duarte, Octavio",30-70945612-8,bajo,,23
SIM-2025-1029,Robles,Fernández,Malvinas,Avenida 5 N° 168,44,18-10-2025,,Avanzada,-27.930345,-63.88142,39,4b,Otro,Económica,2,,1029,"Coronel, Bautista Benjamin",30-99812340-1,medio,,314
SIM-2026-1030,Capital,Santiago del Estero,Centro,Diag. 172 Bis N° 425,45,05-06-2026,,Iniciada,-27.773059,-64.29612,3,2a,Inclusion,Económica,3,,1030,"Coronel, Agustina",30-68902314-5,bajo,,84
SIM-2023-1031,Capital,Santiago del Estero,Villa del Parque,Calle Formosa N° 6626,43,22-02-2026,04-07-2026,Finalizada,-27.827724,-64.247325,83,2a,Inclusion,Urbana,2,,1031,"Benitez, Santiago",30-99812340-1,bajo,,132
SIM-2025-1032,Banda,La Banda,Catamarca,Diag. Santiago del Estero N° 158,53,12-03-2025,,Avanzada,-27.727447,-64.25555,44,2a,Inclusion,Urbana,3,,1032,"Ayala, Ramiro",30-99871205-4,medio,,534
SIM-2025-1033,Mitre,Bandera,San Martín,Av. Chaco N° 45,43,08-11-2025,,Avanzada,-29.255249,-62.257496,49,4c,Otro,Urbana,2,,1033,"Gomez, Santino",30-99812340-1,medio,,293
SIM-2025-1034,Atamisqui,Villa Atamisqui,Centenario,Avenida J.B. Alberdi N° 589,50,16-07-2025,26-10-2025,Adjudicada,-28.470563,-63.833724,100,4c,Otro,Urbana,2,,1034,"Herrera, Catalina",30-59804127-3,bajo,,102
SIM-2025-1035,Robles,Fernández,Centro,Blv. San Miguel de Tucumán N° 82,39,18-03-2026,,Avanzada,-27.897309,-63.867729,34,5c,Exclusion,Rural,2,,1035,"Ramirez, Maria Luz",30-68902314-5,medio,,163
SIM-2025-1036,Capital,Santiago del Estero,Catamarca,Blv. Neuquén N° 647,48,04-12-2025,,Avanzada,-27.788494,-64.284277,71,4b,Otro,Rural,3,,1036,"Figueroa, Salvador",30-99871205-4,medio,,267
SIM-2024-1037,Robles,Fernández,Villa del Parque,Calle Ushuaia N° 995,36,29-04-2026,07-08-2026,Finalizada,-27.918889,-63.920657,96,5b,Exclusion,Urbana,2,,1037,"Rojas, Benicio",30-71782995-2,bajo,,100
SIM-2026-1038,Moreno,Quimilí,Norte,Calle 6 N° 5556,36,02-09-2025,01-05-2026,Finalizada,-27.643097,-62.418415,86,1a,Inclusion,Urbana,2,,1038,"Ramirez, Benjamin",30-99812340-1,bajo,,241
SIM-2026-1039,Figueroa,Suncho Corral,Los Ejidos,Calle Bahía Blanca N° 56,43,15-03-2026,20-08-2026,Adjudicada,-28.550998,-63.438473,100,5e,Exclusion,Urbana,3,,1039,"Diaz, Thiago Daniel",30-99812340-1,bajo,,158
SIM-2026-1040,Banda,La Banda,Sur,Calle Rivadavia N° 62,56,14-05-2026,,Iniciada,-27.748604,-64.221123,32,1a,Inclusion,Urbana,3,,1040,"Campos, Lucía ",30-99765488-6,medio,,106
SIM-2025-1041,Figueroa,Suncho Corral,Centro,Diagonal 8 N° 293,47,07-02-2025,31-07-2025,Adjudicada,-28.566704,-63.454019,100,2a,Inclusion,Urbana,3,,1041,"Quiroga, Salvador",30-59804127-3,bajo,,174
SIM-2026-1042,Choya,Frías,Los Aromos,Boulevard Alvear N° 67,49,12-12-2025,05-03-2026,Adjudicada,-28.654445,-65.139509,100,4a,Otro,Económica,2,,1042,"Bustos, Juan Ignacio",30-59804127-3,bajo,,83
SIM-2026-1043,Choya,Frías,,Camino Santa Rosa N° 38,45,06-06-2026,,Iniciada,-28.682368,-65.113271,35,2a,Inclusion,Rural,2,,1043,"Nuñez, Alma Jazmin",30-99903421-7,bajo,,83
SIM-2025-1044,Capital,Santiago del Estero,,Av. Viedma N° 41,44,20-06-2025,27-09-2025,Finalizada,-27.802407,-64.262606,100,2a,Inclusion,Económica,3,,1044,"Ayala, Felicitas",30-59804127-3,bajo,,99
SIM-2025-1045,Rivadavia,Pinto,Malvinas,Blv. Catamarca N° 67,44,14-03-2025,,Iniciada,-29.184162,-61.870091,6,5e,Exclusion,Urbana,1,,1045,"Rojas, Emilia",30-99812340-1,alto,,532
SIM-2024-1046,Banda,La Banda,Villa Jardín,Diag. Belgrano N° 646,37,17-07-2025,23-04-2026,Finalizada,-27.727026,-64.222872,100,4a,Otro,Urbana,2,,1046,"Ojeda, Benjamin Alejandro",30-59804127-3,bajo,,280
SIM-2023-1047,Jiménez,Añatuya,Norte,Avenida Alvear N° 749,50,19-11-2023,08-05-2024,Adjudicada,-28.451478,-62.845818,100,2a,Inclusion,Urbana,3,,1047,"Sanchez, Carmela",30-68902314-5,bajo,,171
SIM-2025-1048,Capital,Santiago del Estero,Belgrano,Diagonal Santiago del Estero N° 666,40,05-06-2025,,Iniciada,-27.83329,-64.262784,11,2a,Inclusion,Rural,2,,1048,"Rodriguez, Helena",30-99903421-7,alto,,449
SIM-2025-1049,Banda,La Banda,Palermo,Avenida Rawson N° 865,39,10-06-2025,14-09-2025,Adjudicada,-27.727219,-64.231539,100,5f,Otro,Rural,2,,1049,"Rodriguez, Santino",30-99812340-1,bajo,,96
SIM-2023-1050,Silípica,Clodomira,Villa Luján,Calle Tierra del Fuego N° 221,38,06-08-2024,25-02-2025,Finalizada,-27.583819,-64.134992,80,2a,Inclusion,Rural,2,,1050,"Nuñez, Valentino",30-70945612-8,bajo,,203
SIM-2026-1051,Robles,Fernández,FONAVI,Diagonal Santa Fe N° 78,30,07-06-2026,,Iniciada,-27.911844,-63.893646,5,1a,Inclusion,Rural,1,,1051,"Moreno, Catalina",30-99903421-7,bajo,,82
SIM-2025-1052,Aguirre,Nueva Esperanza,Los Aromos,Blv. Malvinas Argentinas N° 432,33,30-04-2025,,Avanzada,-27.658747,-62.436694,57,5f,Otro,Urbana,3,,1052,"Diaz, Valentina",30-70945612-8,medio,,485
SIM-2025-1053,Capital,Santiago del Estero,Centro,Camino Resistencia N° 7754,53,04-12-2025,22-04-2026,Finalizada,-27.817274,-64.259031,100,5b,Exclusion,Rural,2,,1053,"Guzman, Bautista",30-59804127-3,bajo,,139
SIM-2025-1054,Choya,Frías,FONAVI,Calle San Luis N° 4559,47,18-10-2025,,Iniciada,-28.642363,-65.147917,6,3a,Inclusion,Urbana,2,,1054,"Acuña, Julieta",30-99812340-1,alto,,314
SIM-2026-1055,Capital,Santiago del Estero,Norte,Diagonal Río Negro N° 8959,36,04-08-2026,,Iniciada,-27.803264,-64.273503,24,2a,Inclusion,Urbana,2,,1055,"Romero, Sofia Belen",30-70945612-8,bajo,,24
SIM-2025-1056,Capital,Santiago del Estero,San Martín,Diagonal San Martin N° 196,45,08-06-2025,,Iniciada,-27.826533,-64.268019,7,1a,Inclusion,Económica,2,,1056,"Cabrera, Juan Ignacio",30-99871205-4,alto,,446
SIM-2025-1057,Atamisqui,Villa Atamisqui,Santa Rosa,Boulevard Catamarca N° 98,37,17-08-2025,28-05-2026,Finalizada,-28.482739,-63.828487,93,1a,Inclusion,Urbana,2,,1057,"Martinez, Benjamin",30-68902314-5,bajo,,284
SIM-2023-1058,Figueroa,Suncho Corral,Centenario,Calle 4 N° 35,49,02-04-2026,08-07-2026,Finalizada,-28.547052,-63.466708,91,2a,Inclusion,Rural,2,,1058,"Moreno, Catalina",30-99903421-7,bajo,,97
SIM-2023-1059,Copo,Monte Quemado,Villa Luján,Av. J.M. de Rosas N° 7315,34,09-05-2025,08-11-2025,Finalizada,-25.81804,-62.844544,90,5a,Exclusion,Económica,3,,1059,"Perez, Bautista",30-68902314-5,bajo,,183
SIM-2023-1060,Robles,Fernández,San Martín,Calle 2 N° 99,48,17-05-2025,,Iniciada,-27.936025,-63.869444,10,5e,Exclusion,Rural,2,,1060,"Vazquez, Isabella",30-68902314-5,alto,,468
SIM-2025-1061,Banda,La Banda,FONAVI,Camino San Salvador de Jujuy N° 188,36,26-03-2025,,Iniciada,-27.717388,-64.230601,26,4c,Otro,Urbana,2,,1061,"Perez, Lucio",30-99871205-4,alto,,520
SIM-2025-1062,Copo,Monte Quemado,Villa Luján,Diagonal 1 N° 882,53,30-09-2025,25-01-2026,Adjudicada,-25.805954,-62.845044,100,2a,Inclusion,Urbana,2,,1062,"Sanchez, Dante",30-59804127-3,bajo,,117
SIM-2023-1063,Capital,Santiago del Estero,Catamarca,Calle Alem N° 311,50,01-11-2025,09-03-2026,Adjudicada,-27.816542,-64.244913,100,2b,Inclusion,Rural,3,,1063,"Cruz, Juan Cruz",30-59804127-3,bajo,,128
SIM-2023-1064,Capital,Santiago del Estero,Catamarca,Blv. 7 N° 569,49,03-12-2023,23-09-2024,Adjudicada,-27.762067,-64.268374,100,1a,Inclusion,Rural,1,,1064,"Paz, Simon",30-71782995-2,bajo,,295
SIM-2025-1065,Banda,La Banda,Palermo,Calle Alvear N° 867,33,06-05-2026,26-07-2026,Finalizada,-27.69393,-64.251118,97,4c,Otro,Urbana,2,,1065,"Perez, Francisco",30-99812340-1,bajo,,81
SIM-2026-1066,Capital,Santiago del Estero,Catamarca,Avenida Entre Ríos N° 465,31,06-08-2026,,Iniciada,-27.82884,-64.248171,1,4c,Otro,Urbana,3,,1066,"Acosta, Julia",30-99812340-1,bajo,,22
SIM-2026-1067,Capital,Santiago del Estero,FONAVI,Av. Pte. Perón N° 6493,45,07-07-2026,,Iniciada,-27.801702,-64.253128,9,3a,Inclusion,Urbana,2,,1067,"Mendez, Juan Ignacio",30-99871205-4,bajo,,52
SIM-2026-1068,Capital,Santiago del Estero,Norte,Avenida Rosario N° 349,53,14-07-2026,,Iniciada,-27.787342,-64.256999,8,3a,Inclusion,Rural,2,,1068,"Gutierrez, Benjamin",30-99903421-7,bajo,,45
SIM-2026-1069,Robles,Fernández,Sur,Diag. Rawson N° 6891,39,08-04-2026,,Avanzada,-27.944142,-63.899186,49,5f,Otro,Rural,2,,1069,"Martinez, Federico",30-68902314-5,medio,,142
SIM-2025-1070,Capital,Santiago del Estero,Centenario,Camino San Ferando del Valle de Catamarca N° 374,47,05-06-2025,,Avanzada,-27.780057,-64.244793,52,2b,Inclusion,Económica,2,,1070,"Sosa, Juan Ignacio",30-99903421-7,medio,,449
SIM-2024-1071,Banda,La Banda,Los Ejidos,Av. J.B. Alberdi N° 94,56,11-12-2024,13-03-2025,Adjudicada,-27.713697,-64.261205,100,2a,Inclusion,Urbana,2,,1071,"Silva, Juan Martin",30-99812340-1,bajo,,92
SIM-2026-1072,Capital,Santiago del Estero,La Reducción,Diag. 9 N° 88,56,01-08-2026,,Avanzada,-27.767582,-64.247759,65,5f,Otro,Económica,3,,1072,"Hernandez, Juan Ignacio",30-99765488-6,bajo,,27
SIM-2025-1073,Jiménez,Añatuya,Rivadavia,Av. 7 N° 692,39,23-04-2025,,Avanzada,-28.489819,-62.85044,53,2a,Inclusion,Urbana,2,,1073,"Vargas, Lautaro Ezequiel",30-70945612-8,medio,,492
SIM-2023-1074,Capital,Santiago del Estero,Los Aromos,Av. 142 A N° 61,49,14-12-2024,01-10-2025,Finalizada,-27.782013,-64.279903,83,OT,Otro,Urbana,2,,1074,"Maidana, Ambar",30-70945612-8,bajo,,291
SIM-2026-1075,Moreno,Quimilí,San Martín,Avenida San Juan N° 997,46,24-02-2025,10-09-2025,Finalizada,-27.61333,-62.400486,87,2a,Inclusion,Rural,3,,1075,"Carrizo, Antonella",30-99903421-7,bajo,,198
SIM-2026-1076,Rivadavia,Pinto,Catamarca,Diagonal Neuquén N° 5985,53,31-07-2026,,Avanzada,-29.170782,-61.912243,97,3a,Inclusion,Rural,2,,1076,"Nuñez, Nahiara Jazmin",30-71782995-2,bajo,,28
SIM-2025-1077,General Taboada,Añatuya,La Reducción,Av. Posadas N° 846,41,24-03-2025,22-08-2025,Adjudicada,-28.456972,-62.829702,100,2b,Inclusion,Urbana,2,,1077,"Blanco, Ivan",30-70945612-8,bajo,,151
SIM-2026-1078,Robles,Fernández,Villa Jardín,Avenida Santiago del Estero N° 766,57,06-05-2025,13-01-2026,Finalizada,-27.963465,-63.906275,92,1a,Inclusion,Rural,2,,1078,"Sosa, Juan Pablo",30-99765488-6,bajo,,252
SIM-2025-1079,Salavina,Los Telares,Santa Rosa,Avenida Alvear N° 637,51,10-12-2025,08-07-2026,Adjudicada,-29.244048,-63.516589,100,1a,Inclusion,Rural,2,,1079,"Gonzalez, Amparo",30-59804127-3,bajo,,210
SIM-2025-1080,Jiménez,Añatuya,4 de Junio,Diagonal 3 N° 76,51,13-03-2025,18-07-2025,Finalizada,-28.482589,-62.837675,99,1a,Inclusion,Económica,2,,1080,"Figueroa, Sofia",30-99871205-4,bajo,,127
SIM-2026-1081,General Taboada,Añatuya,Los Aromos,Boulevard Salta N° 326,32,06-03-2025,05-09-2025,Adjudicada,-28.470775,-62.777369,100,2a,Inclusion,Rural,2,,1081,"Olivera, Juana",30-59804127-3,bajo,,183
SIM-2024-1082,Pellegrini,Tintina,Villa Hogar,Av. J.J. Castelli N° 59,49,26-08-2025,,Iniciada,-27.014943,-62.71911,17,5d,Exclusion,Rural,1,,1082,"Vazquez, Giuliana",30-68902314-5,alto,,367
SIM-2026-1083,Choya,Frías,Villa del Parque,Diagonal Resistencia N° 2385,46,04-01-2026,24-05-2026,Adjudicada,-28.640056,-65.150197,100,5f,Otro,Urbana,2,,1083,"Soria, Juan Cruz",30-99903421-7,bajo,,140
SIM-2025-1084,Capital,Santiago del Estero,4 de Junio,Av. Pte. Perón N° 618,46,26-12-2025,,Avanzada,-27.828442,-64.250142,66,2a,Inclusion,Urbana,3,,1084,"Sanchez, Catalina",30-99903421-7,medio,,245
SIM-2025-1085,Jiménez,Añatuya,Los Ejidos,Diagonal J.B. Alberdi N° 927,47,05-04-2025,,Iniciada,-28.448504,-62.821954,25,1a,Inclusion,Rural,2,,1085,"Nuñez, Luz Milagros",30-99812340-1,alto,,510
SIM-2026-1086,Aguirre,Nueva Esperanza,25 de Mayo,Av. La Rioja N° 355,39,13-01-2026,,Iniciada,-27.649334,-62.433859,26,2a,Inclusion,Rural,1,,1086,"Fernandez, Thiago Benjamin",30-99765488-6,alto,,227
SIM-2025-1087,Salavina,Los Telares,FONAVI,Diag. Chilecito N° 56,42,10-02-2025,30-10-2025,Adjudicada,-29.199639,-63.494146,100,1a,Inclusion,Económica,2,,1087,"Ramirez, Pilar",30-71782995-2,bajo,,262
SIM-2025-1088,Salavina,Los Telares,Catamarca,Calle Córdoba N° 198,52,17-12-2025,,Iniciada,-29.220172,-63.536283,29,1a,Inclusion,Urbana,2,,1088,"Aguirre, Giovanni",30-70945612-8,alto,,254
SIM-2026-1089,Silípica,Clodomira,San Jorge,Diagonal Buenos Aires N° 978,38,24-12-2024,02-09-2025,Finalizada,-27.559022,-64.098058,83,5b,Exclusion,Urbana,2,,1089,"Gonzalez, Salvador",30-99812340-1,bajo,,252
SIM-2025-1090,Capital,Santiago del Estero,25 de Mayo,Boulevard Rivadavia N° 688,49,11-01-2025,,Iniciada,-27.801804,-64.256834,30,2a,Inclusion,Económica,2,,1090,"Figueroa, Benjamin",30-70945612-8,medio,,594
SIM-2025-1091,Silípica,Clodomira,Centro,Av. 7 N° 7488,50,15-03-2025,,Avanzada,-27.574882,-64.148713,74,5c,Exclusion,Urbana,2,,1091,"Sanchez, Valentino",30-99812340-1,medio,,531
SIM-2025-1092,Aguirre,Nueva Esperanza,25 de Mayo,Avenida San Juan N° 3484,53,03-09-2025,,Avanzada,-27.63902,-62.434493,79,2b,Inclusion,Urbana,2,,1092,"Velazquez, Santino Gabriel",30-99812340-1,medio,,359
SIM-2026-1093,Banda,La Banda,Sur,Calle 6 N° 516,45,31-03-2026,,Iniciada,-27.713936,-64.237583,28,1a,Inclusion,Urbana,2,,1093,"Pereyra, Luciano Benjamin",30-99812340-1,alto,,150
SIM-2024-1094,Capital,Santiago del Estero,Villa del Parque,Calle 8 N° 33,44,23-04-2024,09-10-2024,Adjudicada,-27.785027,-64.276511,100,2a,Inclusion,Urbana,1,,1094,"Peralta, Zoe Valentina",30-99903421-7,bajo,,169
SIM-2025-1095,Capital,Santiago del Estero,Centenario,Camino San Juan N° 915,33,15-01-2025,10-09-2025,Adjudicada,-27.833743,-64.245224,100,2b,Inclusion,Urbana,3,,1095,"Alvarez, Antonia",30-99871205-4,bajo,,238
SIM-2025-1096,Moreno,Quimilí,La Reducción,Diagonal Santa Rosa N° 5212,43,03-01-2026,,Avanzada,-27.610938,-62.418942,51,3a,Inclusion,Rural,2,,1096,"Ramos, Renata",30-68902314-5,medio,,237
SIM-2025-1097,Jiménez,Añatuya,FONAVI,Boulevard Tierra del Fuego N° 78,54,12-09-2025,28-04-2026,Finalizada,-28.471299,-62.846185,84,4c,Otro,Rural,3,,1097,"Ramos, Juan Francisco",30-99765488-6,bajo,,228
SIM-2025-1098,Silípica,Clodomira,Malvinas,Av. Rawson N° 185,46,08-06-2025,,Iniciada,-27.615781,-64.110015,8,5f,Otro,Rural,2,,1098,"Flores, Benicio",30-68902314-5,alto,,446
SIM-2025-1099,Robles,Fernández,Los Aromos,Blv. 8 N° 41,56,17-11-2025,03-05-2026,Adjudicada,-27.948726,-63.906356,100,1a,Inclusion,Urbana,1,,1099,"Leiva, Josefina",30-99812340-1,bajo,,167
SIM-2025-1100,Banda,La Banda,Villa Hogar,Boulevard Alvear N° 534,52,08-08-2026,,Avanzada,-27.752019,-64.26076,96,5e,Exclusion,Rural,2,,1100,"Franco, Sofia",30-71782995-2,bajo,,20
SIM-2025-1101,Atamisqui,Villa Atamisqui,Catamarca,Camino Pte. Perón N° 2950,46,21-12-2025,,Avanzada,-28.474906,-63.837883,62,5a,Exclusion,Rural,3,,1101,"Garcia, Isabella",30-99871205-4,medio,,250
SIM-2025-1102,Ojo de Agua,Ojo de Agua,Autonomía,Diagonal J.M. de Rosas N° 878,51,06-04-2025,,Avanzada,-29.527464,-63.677185,59,5e,Exclusion,Urbana,1,,1102,"Soto, Zoe Jazmin",30-68902314-5,medio,,509
SIM-2025-1103,Moreno,Quimilí,San Martín,Av. Santa Fe N° 22,56,16-12-2025,,Avanzada,-27.628424,-62.40649,54,2a,Inclusion,Rural,3,,1103,"Soria, Julian",30-70945612-8,medio,,255
SIM-2025-1104,Copo,Monte Quemado,Malvinas,Avenida La Pampa N° 67,47,21-07-2025,,Iniciada,-25.800006,-62.852274,34,4a,Otro,Rural,2,,1104,"Suarez, Matias",30-70945612-8,medio,,403
SIM-2026-1105,Robles,Fernández,Rivadavia,Blv. Rivadavia N° 534,41,20-06-2026,,Avanzada,-27.889451,-63.905266,65,1a,Inclusion,Urbana,2,,1105,"Lopez, Santino",30-99812340-1,bajo,,69
SIM-2025-1106,Capital,Santiago del Estero,Belgrano,Avenida 8 N° 979,37,17-11-2025,,Avanzada,-27.787504,-64.26197,77,1a,Inclusion,Económica,1,,1106,"Ramirez, Lautaro Benjamin",30-99812340-1,medio,,284
SIM-2025-1107,Aguirre,Nueva Esperanza,Belgrano,Av. Merlo N° 4293,45,24-09-2025,26-04-2026,Finalizada,-27.631807,-62.376239,100,2b,Inclusion,Urbana,3,,1107,"Bravo, Morena Jazmin",30-59804127-3,bajo,,214
SIM-2025-1108,Atamisqui,Villa Atamisqui,La Reducción,Av. Río Negro N° 2196,46,20-08-2025,,Avanzada,-28.497273,-63.848881,74,1a,Inclusion,Urbana,2,,1108,"Alvarez, Milagros",30-99871205-4,medio,,373
SIM-2025-1109,Capital,Santiago del Estero,Villa Jardín,Calle 9 N° 261,44,30-07-2026,,Avanzada,-27.77513,-64.252447,95,2b,Inclusion,Rural,2,,1109,"Figueroa, Clara",30-71782995-2,bajo,,29
SIM-2025-1110,Robles,Fernández,Palermo,Blv. 175 Bis N° 6492,50,21-10-2025,11-03-2026,Adjudicada,-27.937607,-63.906659,100,2a,Inclusion,Rural,2,,1110,"Lopez, Valentin",30-99812340-1,bajo,,141
SIM-2024-1111,Capital,Santiago del Estero,Autonomía,Avenida Saavedra N° 375,55,16-02-2025,01-12-2025,Finalizada,-27.778552,-64.288823,100,2b,Inclusion,Rural,3,,1111,"Martinez, Alma Jazmin",30-99903421-7,bajo,,288
SIM-2025-1112,Capital,Santiago del Estero,Los Ejidos,Av. 6 N° 94,35,06-07-2026,,Avanzada,-27.784667,-64.235807,80,1a,Inclusion,Urbana,2,,1112,"Martinez, Ian",30-71782995-2,bajo,,53
SIM-2023-1113,Figueroa,Suncho Corral,Villa del Parque,Av. Mar del Plata N° 8248,48,01-09-2023,03-12-2023,Adjudicada,-28.582585,-63.445681,100,1a,Inclusion,Urbana,3,,1113,"Duarte, Valentina",30-99871205-4,bajo,,93
SIM-2026-1114,Banda,La Banda,Santa Rosa,Avenida San Juan N° 371,42,07-02-2026,24-10-2026,Adjudicada,-27.702666,-64.227291,100,2a,Inclusion,Urbana,2,,1114,"Correa, Abril",30-99903421-7,bajo,,259
SIM-2026-1115,Capital,Santiago del Estero,Los Ejidos,Av. 4 N° 582,37,17-04-2026,,Iniciada,-27.813475,-64.23886,7,1a,Inclusion,Urbana,1,,1115,"Godoy, Benjamin",30-99765488-6,alto,,133
SIM-2025-1116,Capital,Santiago del Estero,Rivadavia,Diagonal Alem N° 561,55,14-01-2025,,Iniciada,-27.765688,-64.266119,13,2a,Inclusion,Urbana,2,,1116,"Castillo, Benjamin",30-99812340-1,alto,,591
SIM-2025-1117,Silípica,Clodomira,Malvinas,Avenida J.M. de Rosas N° 307,40,20-09-2025,,Iniciada,-27.558779,-64.135466,24,1a,Inclusion,Económica,2,,1117,"Herrera, Lucía",30-99871205-4,alto,,342
SIM-2025-1118,Atamisqui,Villa Atamisqui,Rivadavia,Diagonal Catamarca N° 133,45,19-07-2026,,Avanzada,-28.487136,-63.81329,92,1a,Inclusion,Urbana,2,,1118,"Martin, Agustin",30-71782995-2,bajo,,40
SIM-2024-1119,Rivadavia,Pinto,Los Aromos,Diag. Pte. Perón N° 283,45,19-04-2024,28-07-2024,Adjudicada,-29.163689,-61.899981,100,2b,Inclusion,Rural,2,,1119,"Ramirez, Bautista",30-70945612-8,bajo,,100
SIM-2026-1120,Moreno,Quimilí,La Reducción,Av. Ciudad Autónoma de Buenos Aires N° 652,37,30-06-2026,,Avanzada,-27.676317,-62.404753,68,2b,Inclusion,Rural,2,,1120,"Vazquez, Mia Valentina",30-71782995-2,bajo,,59
SIM-2026-1121,Capital,Santiago del Estero,Centenario,Diagonal Bahía Blanca N° 99,31,11-07-2026,,Iniciada,-27.81576,-64.291372,5,4b,Otro,Urbana,2,,1121,"Escobar, Thiago Benjamin",30-99871205-4,bajo,,48
SIM-2025-1122,Choya,Frías,Villa del Parque,Diagonal Rivadavia N° 89,58,12-12-2025,,Iniciada,-28.672398,-65.149762,12,4c,Otro,Urbana,2,,1122,"Martinez, Juliana",30-99903421-7,alto,,259
SIM-2025-1123,Capital,Santiago del Estero,Villa del Parque,Av. La Pampa N° 7836,47,04-02-2026,18-07-2026,Finalizada,-27.804466,-64.2578,98,4b,Otro,Económica,2,,1123,"Romero, Renata",30-99903421-7,bajo,,164
SIM-2025-1124,Copo,Monte Quemado,Los Ejidos,Boulevard Pte. Perón N° 255,36,31-05-2025,06-02-2026,Adjudicada,-25.797641,-62.832394,100,2b,Inclusion,Rural,2,,1124,"Carrizo, Martina",30-99871205-4,bajo,,251
SIM-2025-1125,Capital,Santiago del Estero,Centro,Av. 2 N° 29,32,17-09-2025,,Iniciada,-27.768883,-64.22847,5,2a,Inclusion,Urbana,1,,1125,"Villalba, Ignacio",30-68902314-5,alto,,345
SIM-2025-1126,Guasayán,El Charco,Villa Luján,Avenida 6 N° 14,37,06-04-2025,,Iniciada,-28.082433,-65.028037,33,2a,Inclusion,Rural,1,,1126,"Figueroa, Francesca",30-99871205-4,medio,,509
SIM-2026-1127,Capital,Santiago del Estero,FONAVI,Calle Santa Rosa N° 49,59,20-06-2026,,Iniciada,-27.785893,-64.274109,23,2a,Inclusion,Rural,2,,1127,"Hernandez, Francesco",30-99871205-4,bajo,,69
SIM-2025-1128,General Taboada,Añatuya,Autonomía,Diagonal San Martin N° 74,51,31-08-2025,24-11-2025,Adjudicada,-28.44957,-62.825174,100,2a,Inclusion,Urbana,2,,1128,"Figueroa, Facundo",30-59804127-3,bajo,,85
SIM-2026-1129,Capital,Santiago del Estero,Santa Rosa,Avenida J.J. Castelli N° 225,38,16-02-2026,,Iniciada,-27.775094,-64.271151,4,2a,Inclusion,Urbana,2,,1129,"Perez, Santiago",30-99812340-1,alto,,193
SIM-2025-1130,General Taboada,Añatuya,Rivadavia,Camino Pte. Perón N° 431,45,12-02-2025,,Iniciada,-28.469593,-62.813491,17,2a,Inclusion,Urbana,3,,1130,"Coronel, Benjamin",30-99812340-1,alto,,562
SIM-2026-1131,Capital,Santiago del Estero,Villa Hogar,Calle San Miguel de Tucumán N° 9284,43,07-06-2026,,Iniciada,-27.823386,-64.275451,0,2a,Inclusion,Urbana,2,,1131,"Diaz, Olivia",30-99765488-6,bajo,,82
SIM-2024-1132,Capital,Santiago del Estero,Norte,Boulevard Entre Ríos N° 6350,34,04-05-2024,27-09-2024,Adjudicada,-27.796362,-64.225494,100,1a,Inclusion,Urbana,2,,1132,"Alvarez, Juan Cruz",30-70945612-8,bajo,,146
SIM-2024-1133,Capital,Santiago del Estero,Norte,Calle G. Brown N° 724,60,12-03-2026,18-08-2026,Finalizada,-27.785899,-64.234196,82,4b,Otro,Urbana,3,,1133,"Escobar, Martina",30-99871205-4,bajo,,159
SIM-2025-1134,Moreno,Quimilí,Los Ejidos,Av. Belgrano N° 63,48,25-12-2025,,Avanzada,-27.645279,-62.404154,43,4b,Otro,Urbana,3,,1134,"Moyano, Santino Benjamin",30-99871205-4,medio,,246
SIM-2026-1135,Capital,Santiago del Estero,Villa del Parque,Diagonal 3 N° 197,47,03-12-2025,17-07-2026,Finalizada,-27.791481,-64.262779,100,5f,Otro,Urbana,1,,1135,"Leiva, Tobias",30-59804127-3,bajo,,226
SIM-2024-1136,Capital,Santiago del Estero,Centro,Diagonal Jujuy N° 11,45,11-09-2024,29-05-2025,Finalizada,-27.84058,-64.248723,81,5f,Otro,Rural,2,,1136,"Rodriguez, Lara",30-99903421-7,bajo,,260
SIM-2024-1137,Capital,Santiago del Estero,Centenario,Diagonal 1 N° 9570,39,16-10-2024,10-07-2025,Adjudicada,-27.799005,-64.224156,100,1a,Inclusion,Urbana,3,,1137,"Barrios, Santiago",30-99903421-7,bajo,,267
SIM-2025-1138,Capital,Santiago del Estero,Santa Rosa,Av. Salta N° 146,38,12-09-2025,,Iniciada,-27.802255,-64.225152,26,2b,Inclusion,Urbana,1,,1138,"Fernandez, Camila",30-99765488-6,alto,,350
SIM-2026-1139,Capital,Santiago del Estero,San Martín,Calle Río Negro N° 123,50,27-01-2026,16-06-2026,Finalizada,-27.804902,-64.263646,100,3a,Inclusion,Rural,1,,1139,"Mansilla, Santino Benjamin",30-59804127-3,bajo,,140
SIM-2025-1140,Banda,La Banda,San Martín,Diagonal 7 N° 139,40,08-09-2025,,Iniciada,-27.73126,-64.263267,13,1a,Inclusion,Rural,1,,1140,"Guzman, Maia",30-70945612-8,alto,,354
SIM-2026-1141,Rivadavia,Pinto,Los Aromos,Diagonal 7 N° 361,47,07-08-2026,,Iniciada,-29.163932,-61.89839,6,1a,Inclusion,Urbana,3,,1141,"Diaz, Luciano",30-99871205-4,bajo,,21
SIM-2023-1142,Copo,Monte Quemado,Sur,Avenida Córdoba N° 287,51,11-07-2025,,Iniciada,-25.792472,-62.862968,3,2b,Inclusion,Urbana,1,,1142,"Morales, Victoria",30-68902314-5,alto,,413
SIM-2025-1143,Capital,Santiago del Estero,Los Aromos,Calle Rivadavia N° 382,47,26-04-2025,,Iniciada,-27.790454,-64.236078,12,5b,Exclusion,Urbana,2,,1143,"Gimenez, Martín",30-99812340-1,alto,,489
SIM-2026-1144,Capital,Santiago del Estero,,Av. Belgrano N° 42,53,22-07-2026,,Avanzada,-27.775176,-64.252602,65,4b,Otro,Económica,2,,1144,"Juarez, Pedro",30-70945612-8,bajo,,37
SIM-2025-1145,Capital,Santiago del Estero,Rivadavia,Diag. Corrientes N° 91,60,24-11-2025,,Iniciada,-27.785599,-64.262762,22,2b,Inclusion,Urbana,2,,1145,"Mendoza, Benjamin",30-99903421-7,alto,,277
SIM-2025-1146,Aguirre,Nueva Esperanza,25 de Mayo,Camino Tucumán N° 755,35,07-06-2025,,Iniciada,-27.635997,-62.407673,3,2b,Inclusion,Urbana,2,,1146,"Quiroga, Lautaro",30-99765488-6,alto,,447
SIM-2026-1147,Banda,La Banda,Sur,Avenida 9 N° 544,45,10-08-2026,,Iniciada,-27.75819,-64.234731,11,2a,Inclusion,Rural,2,,1147,"Cabrera, Martina",30-99903421-7,bajo,,18
SIM-2026-1148,Moreno,Quimilí,Centro,Avenida Jujuy N° 960,55,01-06-2026,,Avanzada,-27.649054,-62.410462,43,1a,Inclusion,Urbana,2,,1148,"Cabrera, Elena",30-71782995-2,bajo,,88
SIM-2026-1149,Moreno,Quimilí,Villa Luján,Diagonal Ciudad Autónoma de Buenos Aires N° 5642,43,03-01-2026,,Iniciada,-27.625483,-62.433538,25,2b,Inclusion,Urbana,1,,1149,"Rojas, Malena",30-99812340-1,alto,,237
SIM-2025-1150,Capital,Santiago del Estero,Malvinas,Calle San Miguel de Tucumán N° 476,41,13-11-2025,21-06-2026,Finalizada,-27.809489,-64.267979,86,5a,Exclusion,Urbana,2,,1150,"Gonzalez, Lucía",30-99871205-4,bajo,,220
SIM-2026-1151,Banda,La Banda,Centenario,Diag. Ciudad Autónoma de Buenos Aires N° 826,43,20-03-2026,,Avanzada,-27.743598,-64.262592,66,4c,Otro,Urbana,2,,1151,"Acosta, Alma",30-99903421-7,medio,,161
SIM-2026-1152,Banda,La Banda,San Jorge,Boulevard Santiago del Estero N° 655,58,16-07-2026,,Iniciada,-27.745091,-64.29273,0,1a,Inclusion,Urbana,1,,1152,"Paz, Luciano Benjamin",30-99765488-6,bajo,,43
SIM-2025-1153,Banda,La Banda,Villa Jardín,Av. Corrientes N° 16,44,09-11-2025,,Iniciada,-27.715402,-64.246773,22,2a,Inclusion,Urbana,3,,1153,"Sanchez, Ciro",30-99765488-6,alto,,292
SIM-2025-1154,Capital,Santiago del Estero,Sur,Calle Catamarca N° 436,57,17-10-2025,04-02-2026,Finalizada,-27.81609,-64.230477,100,2b,Inclusion,Urbana,2,,1154,"Mendoza, Guadalupe",30-59804127-3,bajo,,110
SIM-2025-1155,Silípica,Clodomira,,Blv. 6 N° 381,45,25-11-2025,05-06-2026,Finalizada,-27.56818,-64.114576,94,4c,Otro,Urbana,3,,1155,"Juarez, Lorenzo",30-99765488-6,bajo,,192
SIM-2025-1156,Banda,La Banda,Sur,Av. 7 N° 67,45,19-06-2025,,Avanzada,-27.759061,-64.247413,55,4b,Otro,Urbana,2,,1156,"Lucero, Ludmila",30-99871205-4,medio,,435
SIM-2026-1157,General Taboada,Añatuya,San Jorge,Av. 5 N° 129,43,07-01-2026,30-08-2026,Adjudicada,-28.479182,-62.832936,100,5b,Exclusion,Rural,2,,1157,"Maidana, Geronimo",30-68902314-5,bajo,,235
SIM-2024-1158,Salavina,Los Telares,Los Aromos,Diagonal Ushuaia N° 72,37,29-11-2025,31-07-2026,Finalizada,-29.222456,-63.519059,93,1a,Inclusion,Urbana,2,,1158,"Luna, Julieta",30-99871205-4,bajo,,244
SIM-2025-1159,Mitre,Bandera,Sur,Av. Ciudad Autónoma de Buenos Aires N° 71,51,15-12-2025,,Iniciada,-29.286906,-62.291123,34,5d,Exclusion,Rural,1,,1159,"Rivero, Matias",30-99765488-6,medio,,256
SIM-2025-1160,Capital,Santiago del Estero,Centro,Diag. Santa Fe N° 6057,54,09-03-2025,23-05-2025,Finalizada,-27.832902,-64.240235,100,2a,Inclusion,Urbana,2,,1160,"Morales, Máximo",30-59804127-3,bajo,,75
SIM-2025-1161,Moreno,Quimilí,Rivadavia,Avenida Chaco N° 315,41,08-09-2024,30-04-2025,Finalizada,-27.643439,-62.459856,91,OT,Otro,Urbana,3,,1161,"Acosta, Ciro Benjamin",30-99903421-7,bajo,,234
SIM-2025-1162,Rivadavia,Pinto,Villa Hogar,Blv. Ushuaia N° 722,40,09-01-2025,,Avanzada,-29.154155,-61.915191,75,4b,Otro,Urbana,2,,1162,"Sanchez, Valentina ",30-68902314-5,medio,,596
SIM-2025-1163,Silípica,Clodomira,Norte,Diagonal Formosa N° 261,38,09-06-2026,,Avanzada,-27.543456,-64.121031,83,2a,Inclusion,Urbana,2,,1163,"Gomez, Joaquin",30-71782995-2,bajo,,80
SIM-2026-1164,Banda,La Banda,San Martín,Avenida Bahía Blanca N° 737,43,18-02-2026,,Avanzada,-27.763757,-64.245886,38,4b,Otro,Urbana,2,,1164,"Castillo, Ambar",30-68902314-5,medio,,191
SIM-2026-1165,Mitre,Bandera,Catamarca,Diagonal Santa Cruz N° 9478,48,03-07-2026,,Iniciada,-29.265068,-62.277636,2,4c,Otro,Urbana,1,,1165,"Rodriguez, Renzo",30-99765488-6,bajo,,56
SIM-2025-1166,Banda,La Banda,Los Ejidos,Av. Paraná N° 482,44,20-04-2025,22-06-2025,Finalizada,-27.700167,-64.225321,88,2a,Inclusion,Urbana,1,,1166,"Maidana, Ambar",30-99903421-7,bajo,,63
SIM-2025-1167,Banda,La Banda,FONAVI,Boulevard Rosario N° 58,52,06-01-2025,,Avanzada,-27.738297,-64.24642,48,4b,Otro,Urbana,2,,1167,"Lopez, Juan Pablo",30-99903421-7,medio,,599
SIM-2025-1168,Robles,Fernández,San Jorge,Diagonal Santa Fe N° 35,44,11-09-2025,,Iniciada,-27.938292,-63.886186,11,2a,Inclusion,Urbana,1,,1168,"Perez, Juan Cruz",30-99812340-1,alto,,351
SIM-2025-1169,Capital,Santiago del Estero,4 de Junio,Avenida Santa Rosa N° 328,46,28-09-2025,,Avanzada,-27.804032,-64.285704,58,4b,Otro,Urbana,3,,1169,"Perez, Victoria",30-99812340-1,medio,,334
SIM-2025-1170,Robles,Fernández,Palermo,Calle 7 N° 88,40,22-01-2025,,Avanzada,-27.928098,-63.877996,44,1a,Inclusion,Rural,1,,1170,"Nuñez, Lucia",30-99903421-7,medio,,583
SIM-2026-1171,Moreno,Quimilí,Villa Luján,Avenida Pte. Perón N° 654,56,18-08-2026,,Avanzada,-27.616025,-62.428782,61,4a,Otro,Rural,1,,1171,"Torres, Jazmín",30-68902314-5,bajo,,10
SIM-2026-1172,Figueroa,Suncho Corral,La Reducción,Av. 4 N° 578,47,14-07-2026,,Avanzada,-28.589457,-63.435174,53,4c,Otro,Urbana,3,,1172,"Coronel, Pedro",30-70945612-8,bajo,,45
SIM-2025-1173,Moreno,Quimilí,Centenario,Blv. 6 N° 312,53,18-07-2025,04-05-2026,Finalizada,-27.65232,-62.405361,98,3a,Inclusion,Rural,1,,1173,"Fernandez, Francesca",30-71782995-2,bajo,,290
SIM-2025-1174,Capital,Santiago del Estero,Malvinas,Avenida J.J. Castelli N° 634,30,07-05-2025,,Iniciada,-27.834903,-64.251951,9,4c,Otro,Urbana,2,,1174,"Mendoza, Julieta",30-99903421-7,alto,,478
SIM-2024-1175,Banda,La Banda,FONAVI,Avenida Saavedra N° 942,40,09-06-2026,,Avanzada,-27.752382,-64.210675,61,1a,Inclusion,Urbana,3,,1175,"Garcia, Ignacio",30-71782995-2,bajo,,80
SIM-2025-1176,Moreno,Quimilí,Centro,Avenida Pte. Perón N° 84,58,18-09-2025,,Iniciada,-27.65913,-62.416563,28,1a,Inclusion,Urbana,2,,1176,"Gutierrez, Felipe",30-99812340-1,alto,,344
SIM-2025-1177,Aguirre,Nueva Esperanza,Santa Rosa,Avenida 1 N° 342,54,22-04-2025,,Iniciada,-27.68497,-62.436924,16,2b,Inclusion,Urbana,2,,1177,"Ruiz, Maria Guadalupe",30-99765488-6,alto,,493
SIM-2025-1178,Moreno,Quimilí,Norte,Calle Río Negro N° 7687,35,09-03-2025,28-08-2025,Finalizada,-27.604561,-62.414862,100,4a,Otro,Urbana,3,,1178,"Pereyra, Maximo",30-59804127-3,bajo,,172
SIM-2026-1179,Silípica,Clodomira,4 de Junio,Calle Paraná N° 21,49,15-08-2026,,Iniciada,-27.533275,-64.1043,24,1a,Inclusion,Rural,2,,1179,"Fernandez, Valentin",30-70945612-8,bajo,,13
SIM-2026-1180,Robles,Fernández,Malvinas,Avenida 8 N° 846,43,29-07-2026,,Avanzada,-27.941623,-63.887883,97,1a,Inclusion,Urbana,2,,1180,"Correa, Francesco",30-71782995-2,bajo,,30
SIM-2025-1181,Jiménez,Añatuya,25 de Mayo,Av. Ciudad Autónoma de Buenos Aires N° 32,50,25-08-2025,30-01-2026,Finalizada,-28.454045,-62.814882,94,2b,Inclusion,Rural,2,,1181,"Romero, Luciano",30-99765488-6,bajo,,158
SIM-2025-1182,Capital,Santiago del Estero,Sur,Avenida San Miguel de Tucumán N° 9052,46,25-08-2025,,Iniciada,-27.814393,-64.236223,33,2b,Inclusion,Rural,2,,1182,"Paz, Rafael",30-99812340-1,medio,,368
SIM-2026-1183,Capital,Santiago del Estero,Santa Rosa,Camino 2 N° 9613,36,15-12-2024,04-08-2025,Finalizada,-27.782633,-64.234602,84,2a,Inclusion,Rural,2,,1183,"Lopez, Josefina",30-99903421-7,bajo,,232
SIM-2025-1184,Banda,La Banda,Villa Jardín,Av. San Miguel de Tucumán N° 743,33,09-03-2026,,Avanzada,-27.735645,-64.249566,52,5b,Exclusion,Rural,2,,1184,"Dominguez, Thiago Emanuel",30-68902314-5,medio,,172
SIM-2026-1185,Figueroa,Suncho Corral,Villa Jardín,Avenida Salta N° 44,31,30-04-2026,,Avanzada,-28.551759,-63.397792,73,4b,Otro,Urbana,3,,1185,"Gonzalez, Martina",30-99871205-4,medio,,120
SIM-2026-1186,Moreno,Quimilí,Santa Rosa,Calle 8 N° 63,45,17-07-2026,,Avanzada,-27.638581,-62.40147,42,1a,Inclusion,Rural,2,,1186,"Molina, Samuel",30-99765488-6,bajo,,42
SIM-2023-1187,Silípica,Clodomira,,Calle Chaco N° 805,46,31-07-2025,,Iniciada,-27.573036,-64.156386,8,5e,Exclusion,Rural,3,,1187,"Gomez, Gonzalo",30-68902314-5,alto,,393
SIM-2025-1188,Atamisqui,Villa Atamisqui,4 de Junio,Av. 3 N° 568,52,07-10-2025,10-04-2026,Finalizada,-28.494622,-63.860419,81,2b,Inclusion,Urbana,3,,1188,"Bustos, Delfina",30-70945612-8,bajo,,185
SIM-2025-1189,General Taboada,Añatuya,FONAVI,Calle Salta N° 827,46,14-08-2025,06-04-2026,Finalizada,-28.453749,-62.82807,94,OT,Otro,Rural,2,,1189,"Aguirre, Alma Valentina",30-99812340-1,bajo,,235
SIM-2026-1190,Pellegrini,Tintina,San Jorge,Calle 1 N° 78,50,31-01-2026,,Iniciada,-27.014662,-62.711962,11,2a,Inclusion,Urbana,2,,1190,"Ledesma, Jazmin",30-68902314-5,alto,,209
SIM-2025-1191,Copo,Monte Quemado,Centro,Diagonal San Juan N° 1859,46,17-01-2026,07-04-2026,Finalizada,-25.805355,-62.807384,100,2a,Inclusion,Rural,3,,1191,"Castro, Juan Ignacio",30-59804127-3,bajo,,80
SIM-2024-1192,Copo,Monte Quemado,Santa Rosa,Diagonal Güemes N° 37,46,27-05-2025,,Iniciada,-25.796507,-62.853861,16,2a,Inclusion,Urbana,2,,1192,"Garcia, Gino",30-68902314-5,alto,,458
SIM-2026-1193,Mitre,Bandera,Catamarca,Calle 8 N° 7043,38,24-02-2026,18-09-2026,Adjudicada,-29.288975,-62.279489,100,4a,Otro,Urbana,3,,1193,"Luna, Dylan",30-99871205-4,bajo,,206
SIM-2025-1194,Moreno,Quimilí,FONAVI,Av. Malvinas Argentinas N° 2396,53,08-01-2025,,Avanzada,-27.657192,-62.374754,40,1a,Inclusion,Urbana,2,,1194,"Castillo, Mateo",30-70945612-8,medio,,597
SIM-2026-1195,General Taboada,Añatuya,25 de Mayo,Diagonal La Rioja N° 58,44,07-06-2026,,Iniciada,-28.436433,-62.851012,14,1a,Inclusion,Urbana,3,,1195,"Avila, Gael",30-99903421-7,bajo,,82
SIM-2025-1196,Robles,Fernández,Villa Luján,Calle Comodoro Rivadavia N° 3717,38,23-10-2025,,Avanzada,-27.950283,-63.899523,51,5a,Exclusion,Urbana,2,,1196,"Martinez, Mora",30-99903421-7,medio,,309
SIM-2025-1197,Moreno,Quimilí,Centro,Av. 2 N° 439,51,06-02-2025,,Avanzada,-27.615687,-62.420132,77,5b,Exclusion,Rural,1,,1197,"Gomez, Francesca",30-71782995-2,medio,,568
SIM-2025-1198,Banda,La Banda,Palermo,Avenida San Martin N° 1575,34,05-07-2026,,Avanzada,-27.724126,-64.198535,55,2a,Inclusion,Rural,2,,1198,"Navarro, Thiago Agustin",30-71782995-2,bajo,,54
SIM-2024-1199,Silípica,Clodomira,San Martín,Diag. 5 N° 221,37,10-12-2025,23-06-2026,Finalizada,-27.548334,-64.112364,81,3a,Inclusion,Rural,3,,1199,"Gomez, Thiago Nahuel",30-99871205-4,bajo,,195
SIM-2025-1200,Guasayán,El Charco,Rivadavia,Avenida Salta N° 9530,42,04-08-2026,,Avanzada,-28.045872,-65.016949,81,4a,Otro,Urbana,2,,1200,"Gomez, Lara",30-71782995-2,bajo,,24
SIM-2025-1201,Capital,Santiago del Estero,Centro,Boulevard 5 N° 707,58,16-01-2025,,Avanzada,-27.809831,-64.273944,50,4b,Otro,Urbana,2,,1201,"Barrios, Lautaro",30-71782995-2,medio,,589
SIM-2025-1202,Capital,Santiago del Estero,Centro,Diagonal San Martin N° 472,38,28-07-2025,06-02-2026,Finalizada,-27.794988,-64.246922,80,2a,Inclusion,Rural,2,,1202,"Caceres, Lucia",30-99765488-6,bajo,,193
SIM-2026-1203,Robles,Fernández,Catamarca,Blv. Constitución N° 68,35,06-08-2026,,Avanzada,-27.941037,-63.867524,43,1a,Inclusion,Rural,2,,1203,"Mendez, Salvador",30-99871205-4,bajo,,22
SIM-2026-1204,Capital,Santiago del Estero,Belgrano,Blv. San Juan N° 659,45,05-08-2026,,Avanzada,-27.802474,-64.260388,77,1a,Inclusion,Urbana,2,,1204,"Rojas, Isabella",30-71782995-2,bajo,,23
SIM-2026-1205,Salavina,Los Telares,Los Ejidos,Diagonal 1 N° 2666,49,18-06-2026,,Iniciada,-29.224224,-63.512875,20,1a,Inclusion,Urbana,2,,1205,"Soria, Thiago Joaquin",30-99871205-4,bajo,,71
SIM-2026-1206,Jiménez,Añatuya,25 de Mayo,Diagonal Omar Nuñez N° 7473,42,14-08-2026,,Iniciada,-28.446777,-62.858744,4,2a,Inclusion,Rural,2,,1206,"Medina, Ivan",30-70945612-8,bajo,,14
SIM-2025-1207,Aguirre,Nueva Esperanza,Catamarca,Blv. San Miguel de Tucumán N° 824,34,09-12-2025,,Iniciada,-27.630494,-62.401896,28,4b,Otro,Rural,1,,1207,"Paz, Julieta",30-99903421-7,alto,,262
SIM-2025-1208,General Taboada,Añatuya,Centro,Avenida 2 N° 671,44,24-07-2025,,Iniciada,-28.464673,-62.864608,32,4b,Otro,Urbana,2,,1208,"Ramirez, Pilar",30-70945612-8,medio,,400
SIM-2025-1209,Banda,La Banda,Villa Hogar,Av. Güemes N° 1639,38,21-09-2024,01-07-2025,Finalizada,-27.70084,-64.257062,100,5d,Exclusion,Urbana,2,,1209,"Ojeda, Gino",30-59804127-3,bajo,,283
SIM-2025-1210,Mitre,Bandera,Rivadavia,Av. Pte. Perón N° 65,40,21-07-2025,,Iniciada,-29.260247,-62.29577,28,2a,Inclusion,Rural,2,,1210,"Flores, Juan Cruz",30-99765488-6,alto,,403
SIM-2025-1211,Capital,Santiago del Estero,Los Ejidos,Calle San Martin N° 2735,42,08-01-2025,18-03-2025,Finalizada,-27.784264,-64.272417,81,2a,Inclusion,Rural,2,,1211,"Cabrera, Ramiro",30-99903421-7,bajo,,69
SIM-2025-1212,Robles,Fernández,Santa Rosa,Avenida 3 N° 6565,46,09-06-2026,,Avanzada,-27.913605,-63.879412,56,2a,Inclusion,Urbana,2,,1212,"Diaz, Victoria",30-71782995-2,bajo,,80
SIM-2025-1213,Banda,La Banda,Belgrano,Boulevard 7 N° 619,43,23-10-2025,14-02-2026,Adjudicada,-27.741104,-64.233339,100,2a,Inclusion,Urbana,3,,1213,"Aguirre, Valentino",30-59804127-3,bajo,,114
SIM-2024-1214,Banda,La Banda,Autonomía,Avenida 159 Bis N° 658,43,23-07-2025,07-01-2026,Finalizada,-27.726759,-64.248945,81,2b,Inclusion,Urbana,3,,1214,"Romero, Antonio",30-70945612-8,bajo,,168
SIM-2024-1215,Robles,Fernández,Villa del Parque,Calle 8 N° 471,38,10-01-2026,09-08-2026,Finalizada,-27.944819,-63.88763,93,4b,Otro,Rural,1,,1215,"Rodriguez, Lautaro",30-99903421-7,bajo,,211
SIM-2026-1216,Rivadavia,Pinto,San Martín,Camino Chilecito N° 2641,45,29-06-2026,,Avanzada,-29.173053,-61.892344,79,5g,Exclusion,Urbana,1,,1216,"Ruiz, Ian Ezequiel",30-99903421-7,bajo,,60
SIM-2024-1217,Pellegrini,Tintina,Santa Rosa,Diagonal 8 N° 5026,47,24-10-2025,04-05-2026,Finalizada,-27.019908,-62.72376,91,2a,Inclusion,Rural,2,,1217,"Castro, Ana Paula",30-99903421-7,bajo,,192
SIM-2025-1218,Banda,La Banda,Villa del Parque,Camino 4 N° 730,38,12-02-2026,30-04-2026,Finalizada,-27.725086,-64.231994,90,4c,Otro,Urbana,2,,1218,"Herrera, Guillermina",30-99903421-7,bajo,,77
SIM-2025-1219,Robles,Fernández,San Jorge,Av. 9 N° 29,44,14-12-2025,04-07-2026,Finalizada,-27.924311,-63.880445,100,1a,Inclusion,Urbana,2,,1219,"Rios, Ciro Benjamin",30-59804127-3,bajo,,202
SIM-2025-1220,Capital,Santiago del Estero,25 de Mayo,Boulevard Posadas N° 491,59,01-01-2026,,Iniciada,-27.832557,-64.258111,12,2a,Inclusion,Rural,2,,1220,"Rios, Bruno",30-68902314-5,alto,,239
SIM-2026-1221,General Taboada,Añatuya,Rivadavia,Camino Santiago del Estero N° 93,47,25-10-2025,15-02-2026,Finalizada,-28.477481,-62.842105,100,5a,Exclusion,Urbana,3,,1221,"Sosa, Catalina",30-59804127-3,bajo,,113
SIM-2025-1222,Jiménez,Añatuya,Centenario,Av. 3 N° 59,35,19-06-2026,,Avanzada,-28.454377,-62.819531,65,2b,Inclusion,Urbana,2,,1222,"Sanchez, Alejo",30-71782995-2,bajo,,70
SIM-2024-1223,Pellegrini,Tintina,Catamarca,Avenida Güemes N° 3059,43,09-10-2025,21-03-2026,Adjudicada,-27.020835,-62.705372,100,1a,Inclusion,Rural,3,,1223,"Ortiz, Gael",30-59804127-3,bajo,,163
SIM-2025-1224,Capital,Santiago del Estero,San Martín,Diagonal Alvear N° 437,50,20-11-2025,,Avanzada,-27.788904,-64.24247,79,1a,Inclusion,Urbana,2,,1224,"Quiroga, Lautaro",30-99812340-1,medio,,281
SIM-2024-1225,Jiménez,Añatuya,Norte,Calle J.B. Alberdi N° 947,44,31-01-2024,24-06-2024,Adjudicada,-28.480574,-62.826237,100,1a,Inclusion,Urbana,3,,1225,"Gimenez, Mia",30-99871205-4,bajo,,145
SIM-2026-1226,Guasayán,El Charco,Los Ejidos,Av. San Juan N° 57,43,23-07-2026,,Iniciada,-28.062688,-65.021682,1,1a,Inclusion,Urbana,2,,1226,"Rodriguez, Agustín",30-70945612-8,bajo,,36
SIM-2026-1227,Capital,Santiago del Estero,Villa Jardín,Calle 130 Bis N° 71,36,19-04-2026,,Iniciada,-27.773549,-64.262507,13,4b,Otro,Rural,3,,1227,"Soria, Francisca",30-99812340-1,alto,,131
SIM-2025-1228,Capital,Santiago del Estero,Autonomía,Diagonal 1 N° 179,53,23-07-2025,06-11-2025,Finalizada,-27.802084,-64.257783,87,2a,Inclusion,Económica,2,,1228,"Rodriguez, Dylan Benjamin",30-99812340-1,bajo,,106
SIM-2025-1229,Mitre,Bandera,La Reducción,Calle Salta N° 218,61,11-09-2025,08-06-2026,Finalizada,-29.263144,-62.28331,96,2b,Inclusion,Urbana,2,,1229,"Martin, Ciro",30-99765488-6,bajo,,270
SIM-2024-1230,Banda,La Banda,4 de Junio,Av. Posadas N° 59,43,22-09-2025,26-01-2026,Adjudicada,-27.730234,-64.217043,100,2a,Inclusion,Urbana,2,,1230,"Ayala, Luana",30-59804127-3,bajo,,126
SIM-2026-1231,Banda,La Banda,Catamarca,Avenida Mendoza N° 956,53,04-01-2026,17-06-2026,Adjudicada,-27.7254,-64.22489,100,4b,Otro,Urbana,1,,1231,"Aguero, Delfina",30-70945612-8,bajo,,164
SIM-2026-1232,Choya,Frías,Autonomía,Camino Santa Fe N° 9036,42,09-11-2025,,Iniciada,-28.628967,-65.1213,11,2a,Inclusion,Urbana,2,,1232,"Moreno, Mora",30-68902314-5,alto,,292
SIM-2025-1233,Banda,La Banda,La Reducción,Avenida Salta N° 622,51,19-10-2025,09-07-2026,Adjudicada,-27.745291,-64.234013,100,4b,Otro,Rural,3,,1233,"Perez, Emilia",30-99871205-4,bajo,,263
SIM-2025-1234,Capital,Santiago del Estero,4 de Junio,Av. 4 N° 2550,54,14-04-2026,,Avanzada,-27.799009,-64.241827,43,2b,Inclusion,Urbana,2,,1234,"Cabrera, Facundo",30-68902314-5,medio,,136
SIM-2026-1235,Capital,Santiago del Estero,San Jorge,Av. Malvinas Argentinas N° 874,43,12-07-2026,,Avanzada,-27.811494,-64.276065,82,2a,Inclusion,Rural,1,,1235,"Herrera, Mateo Benjamin",30-71782995-2,bajo,,47
SIM-2025-1236,Capital,Santiago del Estero,FONAVI,Diagonal J.M. de Rosas N° 1336,53,27-02-2025,,Iniciada,-27.789463,-64.270442,27,1a,Inclusion,Urbana,2,,1236,"Ruiz, Francisco",30-99871205-4,alto,,547
SIM-2025-1237,Robles,Fernández,,Av. San Juan N° 7420,34,08-02-2025,,Avanzada,-27.919367,-63.88629,73,4b,Otro,Urbana,1,,1237,"Paz, Maria Guadalupe",30-70945612-8,medio,,566
SIM-2023-1238,Capital,Santiago del Estero,Norte,Calle 5 N° 902,30,03-02-2025,21-05-2025,Finalizada,-27.818685,-64.255942,93,2a,Inclusion,Urbana,2,,1238,"Acosta, Alma",30-99903421-7,bajo,,107
SIM-2025-1239,Figueroa,Suncho Corral,Belgrano,Camino Formosa N° 6416,67,24-11-2025,,Iniciada,-28.539773,-63.445847,13,4b,Otro,Rural,3,,1239,"Suarez, Santino",30-68902314-5,alto,,277
SIM-2025-1240,Moreno,Quimilí,Rivadavia,Blv. Río Negro N° 43,43,16-04-2025,,Avanzada,-27.596458,-62.416266,73,4a,Otro,Urbana,2,,1240,"Aguero, Santino",30-99903421-7,medio,,499
SIM-2026-1241,Banda,La Banda,La Reducción,Diagonal Alem N° 483,33,03-05-2026,,Avanzada,-27.71708,-64.209343,63,1a,Inclusion,Urbana,2,,1241,"Navarro, Paulina",30-99903421-7,medio,,117
SIM-2025-1242,Robles,Fernández,Sur,Diagonal Alem N° 484,48,06-11-2025,24-04-2026,Finalizada,-27.959155,-63.898197,86,5d,Exclusion,Urbana,1,,1242,"Fernandez, Tomas",30-99812340-1,bajo,,169
SIM-2023-1243,Banda,La Banda,4 de Junio,Camino J.J. Castelli N° 8821,36,06-09-2023,17-01-2024,Adjudicada,-27.726056,-64.220744,100,2a,Inclusion,Urbana,2,,1243,"Herrera, Joaquina",30-99765488-6,bajo,,133
SIM-2026-1244,Banda,La Banda,FONAVI,Diagonal San Juan N° 2878,38,06-06-2026,,Iniciada,-27.776691,-64.224556,14,5c,Exclusion,Urbana,3,,1244,"Rivero, Tiziano Benjamin",30-99903421-7,bajo,,83
SIM-2026-1245,Capital,Santiago del Estero,Belgrano,Avenida Belgrano N° 48,50,19-08-2025,01-11-2025,Adjudicada,-27.831333,-64.258389,100,2b,Inclusion,Urbana,2,,1245,"Ledesma, Mateo",30-59804127-3,bajo,,74
SIM-2025-1246,Silípica,Clodomira,4 de Junio,Diagonal San Ferando del Valle de Catamarca N° 997,43,21-01-2026,,Avanzada,-27.573197,-64.141241,34,2a,Inclusion,Urbana,1,,1246,"Dominguez, Santiago",30-68902314-5,medio,,219
SIM-2025-1247,Banda,La Banda,FONAVI,Diagonal Chilecito N° 1230,39,05-11-2025,,Iniciada,-27.74167,-64.264265,16,4b,Otro,Rural,2,,1247,"Rios, Sofía",30-70945612-8,alto,,296
SIM-2025-1248,Pellegrini,Tintina,La Reducción,Av. 9 N° 563,45,13-08-2025,10-04-2026,Finalizada,-27.024617,-62.71021,87,1a,Inclusion,Urbana,2,,1248,"Dominguez, Luciana",30-70945612-8,bajo,,240
SIM-2026-1249,Capital,Santiago del Estero,San Jorge,Calle 4 N° 922,30,22-07-2026,,Avanzada,-27.812913,-64.264267,68,2b,Inclusion,Rural,3,,1249,"Caceres, Juan Manuel",30-71782995-2,bajo,,37
SIM-2025-1250,Capital,Santiago del Estero,Malvinas,Avenida Neuquén N° 1227,34,17-06-2026,,Avanzada,-27.791787,-64.235281,74,2b,Inclusion,Urbana,2,,1250,"Gonzalez, Felipe",30-71782995-2,bajo,,72
SIM-2026-1251,Jiménez,Añatuya,Norte,Boulevard 3 N° 174,53,23-01-2026,,Iniciada,-28.470547,-62.835076,13,3a,Inclusion,Rural,2,,1251,"Gimenez, Clara",30-68902314-5,alto,,217
SIM-2026-1252,Copo,Monte Quemado,San Jorge,Calle Mitre N° 478,30,06-07-2026,,Avanzada,-25.808068,-62.843461,65,2a,Inclusion,Urbana,1,,1252,"Olivera, Antonio",30-71782995-2,bajo,,53
SIM-2026-1253,Capital,Santiago del Estero,Malvinas,Diagonal Rivadavia N° 559,46,26-05-2025,10-01-2026,Finalizada,-27.793138,-64.224243,100,2a,Inclusion,Urbana,2,,1253,"Peralta, Bautista",30-59804127-3,bajo,,229
SIM-2025-1254,Banda,La Banda,Norte,Avenida Resistencia N° 832,44,24-03-2025,,Avanzada,-27.735401,-64.234203,78,5d,Exclusion,Rural,3,,1254,"Perez, Martina",30-99765488-6,medio,,522
SIM-2026-1255,Copo,Monte Quemado,4 de Junio,Av. Mitre N° 616,46,06-08-2026,,Avanzada,-25.814634,-62.816181,54,2a,Inclusion,Urbana,2,,1255,"Mendez, Luca",30-99812340-1,bajo,,22
SIM-2024-1256,Banda,La Banda,Centenario,Calle 1 N° 4327,53,10-12-2025,20-06-2026,Finalizada,-27.734683,-64.257557,91,1a,Inclusion,Urbana,2,,1256,"Pereyra, Luciano Benjamin",30-99812340-1,bajo,,192
SIM-2023-1257,Capital,Santiago del Estero,Villa Hogar,Avenida La Rioja N° 661,51,09-06-2026,,Avanzada,-27.783035,-64.270953,59,OT,Otro,Rural,3,,1257,"Ponce, Clara",30-71782995-2,bajo,,80
SIM-2026-1258,Banda,La Banda,Villa Luján,Avenida La Plata N° 362,39,19-06-2026,,Iniciada,-27.743956,-64.254076,20,OT,Otro,Urbana,2,,1258,"Medina, Mateo Benjamin",30-99812340-1,bajo,,70
SIM-2026-1259,Copo,Monte Quemado,Villa Hogar,Diagonal Alem N° 668,31,01-08-2026,,Avanzada,-25.831879,-62.822512,82,2a,Inclusion,Urbana,2,,1259,"Gomez, Thiago Ezequiel",30-71782995-2,bajo,,27
SIM-2026-1260,Robles,Fernández,Los Ejidos,Calle La Rioja N° 3699,43,06-05-2025,,Iniciada,-27.949112,-63.924361,9,5a,Exclusion,Urbana,3,,1260,"Paez, Sol",30-68902314-5,alto,,479
SIM-2025-1261,Choya,Frías,Malvinas,Av. La Rioja N° 665,37,24-10-2025,18-03-2026,Adjudicada,-28.650706,-65.142881,100,1a,Inclusion,Urbana,3,,1261,"Gomez, Felipe",30-70945612-8,bajo,,145
SIM-2025-1262,Capital,Santiago del Estero,Villa del Parque,Boulevard J.B. Alberdi N° 815,40,12-02-2025,,Iniciada,-27.8161,-64.252641,14,2b,Inclusion,Económica,3,,1262,"Perez, Sofía",30-99903421-7,alto,,562
SIM-2026-1263,Aguirre,Nueva Esperanza,Sur,Diagonal Tierra del Fuego N° 957,45,22-08-2026,,Iniciada,-27.646306,-62.433934,1,2a,Inclusion,Rural,1,,1263,"Fernandez, Joaquina",30-70945612-8,bajo,,6
SIM-2025-1264,Robles,Fernández,25 de Mayo,Diag. 4 N° 841,41,06-08-2026,,Avanzada,-27.903541,-63.876449,70,1a,Inclusion,Urbana,2,,1264,"Lopez, Catalina",30-71782995-2,bajo,,22
SIM-2024-1265,Mitre,Bandera,San Martín,Camino Tucumán N° 532,44,16-04-2025,25-12-2025,Finalizada,-29.26937,-62.272332,88,2a,Inclusion,Urbana,3,,1265,"Diaz, Luciano",30-70945612-8,bajo,,253
SIM-2024-1266,Capital,Santiago del Estero,Rivadavia,Avenida Comodoro Rivadavia N° 96,45,01-09-2025,,Iniciada,-27.800861,-64.263958,18,4c,Otro,Urbana,2,,1266,"Martinez, Jazmín",30-68902314-5,alto,,361
SIM-2024-1267,Mitre,Bandera,Villa Hogar,Calle Chaco N° 579,34,12-06-2026,,Avanzada,-29.29188,-62.286286,84,2a,Inclusion,Rural,2,,1267,"Martinez, Juan Gabriel",30-71782995-2,bajo,,77
SIM-2026-1268,Banda,La Banda,San Jorge,Blv. Güemes N° 6138,45,24-05-2025,16-10-2025,Adjudicada,-27.763805,-64.261911,100,2a,Inclusion,Rural,2,,1268,"Benitez, Tiziano",30-59804127-3,bajo,,145
SIM-2026-1269,Choya,Frías,Catamarca,Avenida Pte. Perón N° 29,44,14-06-2026,,Avanzada,-28.66407,-65.127755,67,5b,Exclusion,Urbana,2,,1269,"Martinez, Victoria",30-99812340-1,bajo,,75
SIM-2024-1270,General Taboada,Añatuya,Catamarca,Diag. San Juan N° 48,50,05-11-2025,25-04-2026,Finalizada,-28.506433,-62.81721,87,2b,Inclusion,Rural,2,,1270,"Garcia, Florencia",30-99765488-6,bajo,,171
SIM-2026-1271,Silípica,Clodomira,Los Aromos,Calle Belgrano N° 867,38,17-07-2026,,Iniciada,-27.58889,-64.125437,35,2a,Inclusion,Urbana,3,,1271,"Rodriguez, Valentina",30-68902314-5,bajo,,42
SIM-2025-1272,Salavina,Los Telares,Centro,Diagonal Buenos Aires N° 155,31,17-01-2026,13-08-2026,Finalizada,-29.219242,-63.542761,100,2a,Inclusion,Urbana,3,,1272,"Ramirez, Lautaro Ezequiel",30-59804127-3,bajo,,208
SIM-2026-1273,General Taboada,Añatuya,25 de Mayo,Calle Santiago del Estero N° 7817,41,30-07-2026,,Avanzada,-28.477891,-62.831227,91,2a,Inclusion,Urbana,2,,1273,"Paez, Violeta",30-71782995-2,bajo,,29
SIM-2024-1274,Figueroa,Suncho Corral,4 de Junio,Calle San Luis N° 939,46,15-10-2025,28-06-2026,Finalizada,-28.579313,-63.450198,87,5f,Otro,Urbana,2,,1274,"Barrios, Benjamin",30-99871205-4,bajo,,256
SIM-2026-1275,Figueroa,Suncho Corral,FONAVI,Calle Salta N° 665,39,29-06-2026,,Avanzada,-28.558808,-63.439715,40,OT,Otro,Económica,2,,1275,"Garcia, Santiago Nicolas",30-99812340-1,bajo,,60
SIM-2025-1276,General Taboada,Añatuya,Norte,Camino Rivadavia N° 577,47,21-10-2025,,Iniciada,-28.449909,-62.850171,2,4c,Otro,Urbana,2,,1276,"Godoy, Uma ",30-99812340-1,alto,,311
SIM-2024-1277,Capital,Santiago del Estero,Rivadavia,Av. Santa Fe N° 54,43,09-10-2025,19-05-2026,Finalizada,-27.773726,-64.252344,80,2b,Inclusion,Rural,2,,1277,"Ortiz, Valentino",30-99903421-7,bajo,,222
SIM-2025-1278,Robles,Fernández,FONAVI,Av. 1 N° 14,34,19-02-2026,,Avanzada,-27.936509,-63.86835,37,5c,Exclusion,Rural,2,,1278,"Ojeda, Josefina",30-68902314-5,medio,,190
SIM-2024-1279,Banda,La Banda,4 de Junio,Diagonal Santiago del Estero N° 4384,53,16-02-2025,18-09-2025,Finalizada,-27.752462,-64.247156,88,5f,Otro,Económica,2,,1279,"Rivero, Thiago Benjamin",30-99765488-6,bajo,,214
SIM-2026-1280,Capital,Santiago del Estero,La Reducción,Diagonal Santa Fe N° 72,42,29-06-2026,,Avanzada,-27.788164,-64.278425,76,4c,Otro,Económica,1,,1280,"Vera, Benjamin",30-71782995-2,bajo,,60
SIM-2026-1281,Robles,Fernández,La Reducción,Calle Ciudad Autónoma de Buenos Aires N° 743,51,03-07-2026,,Iniciada,-27.938058,-63.899776,6,1a,Inclusion,Económica,2,,1281,"Barrios, Lucía ",30-99765488-6,bajo,,56
SIM-2025-1282,Capital,Santiago del Estero,Malvinas,Avenida G. Brown N° 786,50,09-08-2025,13-01-2026,Finalizada,-27.819691,-64.232042,87,3a,Inclusion,Urbana,3,,1282,"Mendoza, Valentina",30-99871205-4,bajo,,157
SIM-2025-1283,Capital,Santiago del Estero,25 de Mayo,Diagonal Rawson N° 7234,43,31-05-2025,,Iniciada,-27.775364,-64.269333,23,2a,Inclusion,Rural,2,,1283,"Gonzalez, Delfina",30-99812340-1,alto,,454
SIM-2023-1284,Choya,Frías,25 de Mayo,Av. Merlo N° 612,47,22-01-2026,,Avanzada,-28.673797,-65.146444,51,2a,Inclusion,Rural,2,,1284,"Lopez, Guadalupe",30-68902314-5,medio,,218
SIM-2025-1285,Choya,Frías,Los Aromos,Diagonal Chubut N° 701,41,02-08-2025,,Iniciada,-28.624671,-65.156929,17,2b,Inclusion,Rural,2,,1285,"Fernandez, Victoria",30-99765488-6,alto,,391
SIM-2026-1286,Capital,Santiago del Estero,Norte,Boulevard Santa Cruz N° 35,48,13-12-2025,,Iniciada,-27.797723,-64.286124,10,5e,Exclusion,Urbana,3,,1286,"Mendoza, Lautaro Ezequiel",30-68902314-5,alto,,258
SIM-2025-1287,Salavina,Los Telares,Villa Hogar,Calle Bahía Blanca N° 4568,41,14-05-2025,,Iniciada,-29.234032,-63.523517,30,5b,Exclusion,Urbana,2,,1287,"Ruiz, Violeta",30-99871205-4,medio,,471
SIM-2025-1288,Silípica,Clodomira,Sur,Calle San Salvador de Jujuy N° 4529,42,27-04-2025,,Iniciada,-27.585208,-64.133127,19,3a,Inclusion,Urbana,2,,1288,"Franco, Felipe",30-99871205-4,alto,,488
SIM-2024-1289,Capital,Santiago del Estero,Autonomía,Calle Mitre N° 658,46,28-12-2025,09-07-2026,Finalizada,-27.801693,-64.274112,84,2a,Inclusion,Urbana,3,,1289,"Mansilla, Milena",30-99812340-1,bajo,,193
SIM-2023-1290,Robles,Fernández,Belgrano,Calle 4 N° 355,51,18-07-2025,20-12-2025,Finalizada,-27.897235,-63.884482,91,2a,Inclusion,Urbana,1,,1290,"Diaz, Jazmin",30-68902314-5,bajo,,155
SIM-2024-1291,Salavina,Los Telares,Catamarca,Av. Santiago del Estero N° 7677,36,28-01-2024,01-09-2024,Adjudicada,-29.246024,-63.51716,100,4c,Otro,Urbana,2,,1291,"Gonzalez, Santino",30-99812340-1,bajo,,217
SIM-2024-1292,Capital,Santiago del Estero,La Reducción,Calle Mitre N° 969,52,16-08-2025,11-04-2026,Finalizada,-27.821585,-64.274309,98,1a,Inclusion,Urbana,2,,1292,"Molina, Sofia",30-99903421-7,bajo,,238
SIM-2026-1293,Capital,Santiago del Estero,Villa Luján,Calle G. Brown N° 637,33,24-06-2026,,Avanzada,-27.7779,-64.256626,53,2a,Inclusion,Rural,3,,1293,"Ramirez, Santino Gabriel",30-99765488-6,bajo,,65
SIM-2025-1294,Capital,Santiago del Estero,Los Ejidos,Avenida 5 N° 464,45,18-04-2025,16-09-2025,Finalizada,-27.798533,-64.255569,80,2a,Inclusion,Rural,1,,1294,"Mendez, Facundo",30-99765488-6,bajo,,151
SIM-2026-1295,Jiménez,Añatuya,Belgrano,Avenida Córdoba N° 2457,44,12-04-2026,,Avanzada,-28.493188,-62.857026,38,2b,Inclusion,Rural,3,,1295,"Gonzalez, Thiago Emanuel",30-99871205-4,medio,,138
SIM-2023-1296,Moreno,Quimilí,Centro,Diag. La Rioja N° 85,43,18-02-2026,08-08-2026,Finalizada,-27.628347,-62.45253,93,4b,Otro,Urbana,1,,1296,"Flores, Geronimo",30-70945612-8,bajo,,171
SIM-2023-1297,Robles,Fernández,La Reducción,Avenida Formosa N° 52,49,03-07-2026,,Avanzada,-27.924425,-63.871707,89,2a,Inclusion,Rural,2,,1297,"Farias, Emilia",30-71782995-2,bajo,,56
SIM-2026-1298,Ojo de Agua,Ojo de Agua,Santa Rosa,Av. Santiago del Estero N° 727,31,02-08-2024,31-03-2025,Finalizada,-29.498514,-63.711399,91,2a,Inclusion,Rural,1,,1298,"Ruiz, Julian",30-71782995-2,bajo,,241
SIM-2024-1299,Robles,Fernández,San Martín,Diagonal 6 N° 98,54,01-08-2025,28-01-2026,Finalizada,-27.934075,-63.868971,84,4b,Otro,Urbana,3,,1299,"Alvarez, Luciano Benjamin",30-99903421-7,bajo,,180
SIM-2025-1300,Capital,Santiago del Estero,25 de Mayo,Calle Omar Nuñez N° 645,47,07-02-2025,,Iniciada,-27.78221,-64.253272,0,4a,Otro,Rural,2,,1300,"Ortiz, Bruno",30-99903421-7,alto,,567
SIM-2025-1301,Choya,Frías,San Martín,Calle Mitre N° 493,56,20-10-2025,,Iniciada,-28.65801,-65.139341,5,2b,Inclusion,Rural,2,,1301,"Acosta, Valentino",30-70945612-8,alto,,312
SIM-2026-1302,Capital,Santiago del Estero,Malvinas,Calle 8 N° 767,42,08-03-2026,27-07-2026,Finalizada,-27.811966,-64.231934,100,2a,Inclusion,Rural,2,,1302,"Gonzalez, Thiago Joaquin",30-59804127-3,bajo,,141
SIM-2026-1303,Banda,La Banda,Villa Hogar,Diag. 122 A N° 9468,48,22-01-2026,,Iniciada,-27.711142,-64.265323,9,4b,Otro,Urbana,3,,1303,"Leiva, Morena",30-68902314-5,alto,,218
SIM-2024-1304,Capital,Santiago del Estero,Los Aromos,Diagonal La Plata N° 747,46,13-08-2025,28-04-2026,Finalizada,-27.808262,-64.286475,86,1a,Inclusion,Urbana,2,,1304,"Soria, Mateo",30-99903421-7,bajo,,258
SIM-2025-1305,Capital,Santiago del Estero,Malvinas,Av. Malvinas Argentinas N° 957,34,18-07-2025,,Iniciada,-27.77683,-64.276209,22,4b,Otro,Urbana,2,,1305,"Vazquez, Juliana",30-99765488-6,alto,,406
SIM-2025-1306,Figueroa,Suncho Corral,Malvinas,Calle Constitución N° 5524,48,20-10-2025,,Iniciada,-28.559653,-63.444574,27,5c,Exclusion,Rural,2,,1306,"Ferreyra, Santino",30-99871205-4,alto,,312
SIM-2026-1307,Copo,Monte Quemado,Sur,Avenida Rosario N° 347,57,27-01-2026,27-06-2026,Finalizada,-25.782907,-62.832069,88,2a,Inclusion,Rural,2,,1307,"Diaz, Faustino",30-70945612-8,bajo,,151
SIM-2025-1308,General Taboada,Añatuya,FONAVI,Diagonal Omar Nuñez N° 963,33,09-02-2025,,Iniciada,-28.466964,-62.835236,11,2b,Inclusion,Urbana,2,,1308,"Benitez, Lautaro Benjamin",30-99765488-6,alto,,565
SIM-2026-1309,Silípica,Clodomira,Belgrano,Avenida 6 N° 46,51,04-07-2026,,Iniciada,-27.575728,-64.139055,6,3a,Inclusion,Rural,1,,1309,"Maldonado, Alma",30-99871205-4,bajo,,55
SIM-2026-1310,Capital,Santiago del Estero,Autonomía,Avenida San Salvador de Jujuy N° 379,45,05-04-2026,,Avanzada,-27.786675,-64.282229,46,2a,Inclusion,Rural,2,,1310,"Castro, Santino",30-99765488-6,medio,,145
SIM-2026-1311,Capital,Santiago del Estero,Palermo,Calle Pte. Perón N° 3586,50,20-04-2026,,Iniciada,-27.782912,-64.233495,25,5f,Otro,Urbana,2,,1311,"Morales, Lucía",30-99765488-6,alto,,130
SIM-2025-1312,Banda,La Banda,San Jorge,Calle Güemes N° 722,47,21-05-2025,,Avanzada,-27.721305,-64.238918,50,2a,Inclusion,Rural,2,,1312,"Gonzalez, Dante",30-70945612-8,medio,,464
SIM-2026-1313,Robles,Fernández,Villa Jardín,Avenida Corrientes N° 17,42,27-02-2025,30-08-2025,Adjudicada,-27.904509,-63.91099,100,3a,Inclusion,Rural,2,,1313,"Luna, Alma",30-59804127-3,bajo,,184
SIM-2026-1314,General Taboada,Añatuya,4 de Junio,Av. 6 N° 415,53,20-06-2026,,Iniciada,-28.484906,-62.822175,9,2a,Inclusion,Económica,1,,1314,"Garcia, Bruno",30-99871205-4,bajo,,69
SIM-2026-1315,Robles,Fernández,Los Aromos,Avenida San Juan N° 87,41,27-03-2025,14-09-2025,Adjudicada,-27.937746,-63.930025,100,4b,Otro,Urbana,2,,1315,"Maldonado, Maria Victoria",30-59804127-3,bajo,,171
SIM-2026-1316,Robles,Fernández,Catamarca,Diagonal San Luis N° 828,47,08-02-2026,,Iniciada,-27.910557,-63.877323,16,1a,Inclusion,Rural,3,,1316,"Rodriguez, Catalina",30-68902314-5,alto,,201
SIM-2025-1317,Capital,Santiago del Estero,Rivadavia,Diagonal San Luis N° 644,48,27-03-2025,10-10-2025,Adjudicada,-27.80004,-64.284023,100,2a,Inclusion,Urbana,2,,1317,"Garcia, Victoria",30-59804127-3,bajo,,197
SIM-2026-1318,Robles,Fernández,Autonomía,Calle Neuquén N° 89,48,03-06-2026,,Iniciada,-27.942017,-63.847686,27,5c,Exclusion,Urbana,2,,1318,"Godoy, Juliana",30-99812340-1,bajo,,86
SIM-2026-1319,Capital,Santiago del Estero,Catamarca,Diagonal Río Negro N° 8969,43,03-01-2026,,Avanzada,-27.805452,-64.272005,51,4c,Otro,Rural,2,,1319,"Sosa, Mateo",30-99871205-4,medio,,237
SIM-2023-1320,Banda,La Banda,Norte,Avenida Formosa N° 176,45,20-08-2025,,Iniciada,-27.739311,-64.219897,15,4a,Otro,Rural,1,,1320,"Rodriguez, Mateo",30-68902314-5,alto,,373
SIM-2026-1321,Capital,Santiago del Estero,Villa Luján,Calle Santiago del Estero N° 14,44,18-04-2026,,Iniciada,-27.808169,-64.226972,18,2b,Inclusion,Urbana,3,,1321,"Flores, Juan Ignacio",30-99903421-7,alto,,132
SIM-2025-1322,Figueroa,Suncho Corral,4 de Junio,Diagonal Pte. Perón N° 811,47,13-08-2025,,Avanzada,-28.544161,-63.453948,69,2a,Inclusion,Económica,2,,1322,"Mansilla, Santiago",30-70945612-8,medio,,380
SIM-2025-1323,Copo,Monte Quemado,FONAVI,Avenida Belgrano N° 21,58,17-02-2025,,Iniciada,-25.7944,-62.865014,10,4c,Otro,Rural,2,,1323,"Blanco, Francesca",30-99871205-4,alto,,557
SIM-2025-1324,Moreno,Quimilí,San Jorge,Avenida Resistencia N° 127,36,25-08-2025,,Avanzada,-27.614768,-62.42015,39,2b,Inclusion,Urbana,1,,1324,"Soto, Juan Ignacio",30-99903421-7,medio,,368
SIM-2025-1325,Banda,La Banda,Autonomía,Camino La Plata N° 378,46,17-11-2025,06-08-2026,Finalizada,-27.728744,-64.238439,95,4a,Otro,Rural,2,,1325,"Roldan, Ludmila",30-99871205-4,bajo,,262
SIM-2025-1326,Rivadavia,Pinto,Belgrano,Blv. San Juan N° 7615,54,16-09-2025,,Iniciada,-29.149552,-61.887888,18,1a,Inclusion,Urbana,3,,1326,"Dominguez, Ambar",30-68902314-5,alto,,346
SIM-2025-1327,Banda,La Banda,Centro,Blv. 170 Bis N° 943,54,30-04-2025,01-01-2026,Adjudicada,-27.724774,-64.258894,100,3a,Inclusion,Urbana,3,,1327,"Gomez, Salvador",30-99812340-1,bajo,,246
SIM-2025-1328,Silípica,Clodomira,San Jorge,Avenida Corrientes N° 222,36,23-11-2025,,Iniciada,-27.541469,-64.076263,23,5a,Exclusion,Urbana,2,,1328,"Ruiz, Tiziano",30-99903421-7,alto,,278
SIM-2026-1329,Banda,La Banda,La Reducción,Av. 8 N° 17,48,20-04-2026,,Iniciada,-27.730628,-64.277478,1,5f,Otro,Urbana,2,,1329,"Silva, Bautista",30-99765488-6,alto,,130
SIM-2025-1330,Banda,La Banda,Autonomía,Diagonal Constitución N° 109,39,04-07-2025,,Iniciada,-27.744868,-64.205378,11,1a,Inclusion,Rural,2,,1330,"Gomez, Lucas",30-70945612-8,alto,,420
SIM-2025-1331,Capital,Santiago del Estero,,Av. San Juan N° 404,30,16-02-2026,06-07-2026,Adjudicada,-27.825405,-64.269483,100,4a,Otro,Urbana,2,,1331,"Rodriguez, Sofia",30-59804127-3,bajo,,140
SIM-2025-1332,Ojo de Agua,Ojo de Agua,Villa Luján,Avenida Chubut N° 197,44,13-12-2025,,Avanzada,-29.49548,-63.734171,76,1a,Inclusion,Urbana,2,,1332,"Castro, Ian",30-70945612-8,medio,,258
SIM-2025-1333,Choya,Frías,,Diagonal Alvear N° 3715,56,25-11-2025,,Iniciada,-28.685401,-65.142765,15,2a,Inclusion,Rural,2,,1333,"Fernandez, Maite",30-68902314-5,alto,,276
SIM-2024-1334,Banda,La Banda,Villa Hogar,Diag. San Salvador de Jujuy N° 633,44,25-06-2024,28-02-2025,Finalizada,-27.728508,-64.255543,86,5b,Exclusion,Rural,2,,1334,"Paez, Mateo Benjamin",30-99903421-7,bajo,,248
SIM-2025-1335,Moreno,Quimilí,25 de Mayo,Diag. Santa Fe N° 212,34,11-11-2025,,Avanzada,-27.637676,-62.404493,49,5f,Otro,Rural,2,,1335,"Herrera, Santino",30-99812340-1,medio,,290
SIM-2024-1336,Mitre,Bandera,25 de Mayo,Boulevard 6 N° 329,40,30-11-2024,16-05-2025,Finalizada,-29.263334,-62.316679,85,2a,Inclusion,Rural,3,,1336,"Arias, Ezequiel",30-99903421-7,bajo,,167
SIM-2025-1337,Capital,Santiago del Estero,Palermo,Diagonal Alem N° 733,44,27-04-2025,,Iniciada,-27.803789,-64.2496,20,5f,Otro,Rural,2,,1337,"Juarez, Bautista",30-70945612-8,alto,,488
SIM-2025-1338,Banda,La Banda,Malvinas,Diagonal Mitre N° 1463,45,06-08-2024,25-03-2025,Finalizada,-27.7603,-64.25773,94,2a,Inclusion,Rural,3,,1338,"Ponce, Santino Benjamin",30-99812340-1,bajo,,231
SIM-2026-1339,Moreno,Quimilí,4 de Junio,Calle La Pampa N° 56,41,05-02-2026,,Iniciada,-27.639423,-62.423424,15,2b,Inclusion,Rural,2,,1339,"Arias, Paloma",30-68902314-5,alto,,204
SIM-2026-1340,Salavina,Los Telares,Malvinas,Camino 9 N° 970,43,09-03-2026,,Avanzada,-29.208469,-63.529318,78,2b,Inclusion,Urbana,2,,1340,"Hernandez, Paloma",30-70945612-8,medio,,172
SIM-2025-1341,Silípica,Clodomira,4 de Junio,Diagonal Catamarca N° 7196,31,31-03-2025,15-08-2025,Adjudicada,-27.531941,-64.158626,100,1a,Inclusion,Rural,2,,1341,"Gutierrez, Felipe",30-99871205-4,bajo,,137
SIM-2025-1342,Figueroa,Suncho Corral,Autonomía,Calle J.B. Alberdi N° 708,42,12-05-2025,,Iniciada,-28.543895,-63.455216,1,4a,Otro,Urbana,2,,1342,"Rodriguez, Santino Benjamin",30-99903421-7,alto,,473
SIM-2025-1343,Mitre,Bandera,Villa Luján,Blv. Santa Rosa N° 489,55,20-03-2025,22-12-2025,Adjudicada,-29.288061,-62.272676,100,2a,Inclusion,Urbana,2,,1343,"Romero, Benicio",30-70945612-8,bajo,,277
SIM-2024-1344,Capital,Santiago del Estero,Catamarca,Diag. 3 N° 7626,34,06-09-2024,23-05-2025,Adjudicada,-27.780562,-64.24548,100,3a,Inclusion,Urbana,2,,1344,"Ledesma, Antonella",30-99812340-1,bajo,,259
SIM-2026-1345,General Taboada,Añatuya,Sur,Camino Santa Fe N° 686,38,21-07-2026,,Avanzada,-28.491721,-62.880103,79,3a,Inclusion,Urbana,2,,1345,"Flores, Mateo Ezequiel",30-99871205-4,bajo,,38
SIM-2025-1346,Choya,Frías,Villa del Parque,Calle Belgrano N° 573,42,24-01-2026,,Avanzada,-28.630779,-65.127695,33,OT,Otro,Urbana,2,,1346,"Fernandez, Franco",30-68902314-5,medio,,216
SIM-2026-1347,Robles,Fernández,Villa Jardín,Calle 8 N° 46,45,13-05-2026,,Iniciada,-27.927401,-63.8994,6,5f,Otro,Rural,3,,1347,"Luna, Juan Bautista",30-99812340-1,alto,,107
SIM-2025-1348,Jiménez,Añatuya,Belgrano,Diag. 1 N° 9636,46,13-06-2025,16-09-2025,Adjudicada,-28.446214,-62.870086,100,2a,Inclusion,Rural,3,,1348,"Juarez, Mateo Benjamin",30-99812340-1,bajo,,95
SIM-2025-1349,Banda,La Banda,Villa del Parque,Camino Saavedra N° 225,49,28-03-2026,27-05-2026,Adjudicada,-27.718216,-64.247472,100,3a,Inclusion,Urbana,2,,1349,"Ruiz, Tomàs",30-59804127-3,bajo,,60
SIM-2025-1350,Silípica,Clodomira,Villa Hogar,Avenida Bahía Blanca N° 783,47,04-06-2025,,Iniciada,-27.520336,-64.134878,16,2a,Inclusion,Urbana,3,,1350,"Romero, Santino",30-68902314-5,alto,,450
SIM-2025-1351,Capital,Santiago del Estero,4 de Junio,Avenida 4 N° 686,47,15-01-2026,,Avanzada,-27.808285,-64.257737,48,3a,Inclusion,Urbana,3,,1351,"Rios, Salvador",30-68902314-5,medio,,225
SIM-2026-1352,Silípica,Clodomira,Belgrano,Diagonal Saavedra N° 127,45,21-07-2026,,Iniciada,-27.567493,-64.151355,29,4a,Otro,Urbana,1,,1352,"Farias, Ciro",30-70945612-8,bajo,,38
SIM-2024-1353,Mitre,Bandera,25 de Mayo,Diag. 7 N° 7183,51,05-03-2026,12-05-2026,Finalizada,-29.24768,-62.259925,82,2a,Inclusion,Urbana,2,,1353,"Juarez, Juan Martin",30-99812340-1,bajo,,68
SIM-2025-1354,Atamisqui,Villa Atamisqui,,Diagonal J.M. de Rosas N° 307,46,04-09-2025,,Avanzada,-28.485266,-63.807502,64,4b,Otro,Rural,1,,1354,"Romero, Mia Morena",30-99765488-6,medio,,358
SIM-2024-1355,Capital,Santiago del Estero,San Jorge,Avenida Santiago del Estero N° 438,37,18-11-2025,20-04-2026,Finalizada,-27.812116,-64.255267,96,5f,Otro,Rural,2,,1355,"Herrera, Valentina",30-99765488-6,bajo,,153
SIM-2025-1356,General Taboada,Añatuya,San Jorge,Calle San Martin N° 147,46,26-09-2025,,Iniciada,-28.482392,-62.825592,10,OT,Otro,Rural,2,,1356,"Lopez, Agostina",30-99871205-4,alto,,336
SIM-2026-1357,Jiménez,Añatuya,Centenario,Calle La Pampa N° 849,48,30-05-2026,,Iniciada,-28.481406,-62.822028,4,2a,Inclusion,Urbana,2,,1357,"Torres, Candela",30-99765488-6,bajo,,90
SIM-2025-1358,Silípica,Clodomira,Los Ejidos,Camino Salta N° 4915,43,12-09-2025,,Iniciada,-27.583685,-64.160677,16,2a,Inclusion,Urbana,2,,1358,"Rios, Benicio",30-99903421-7,alto,,350
SIM-2025-1359,Capital,Santiago del Estero,Centenario,Avenida 2 N° 272,41,13-08-2025,,Iniciada,-27.803027,-64.258963,18,2b,Inclusion,Urbana,1,,1359,"Perez, Luciano Benjamin",30-99903421-7,alto,,380
SIM-2024-1360,Capital,Santiago del Estero,Los Ejidos,Diagonal 6 N° 180,42,16-10-2025,09-07-2026,Finalizada,-27.831134,-64.26799,84,2b,Inclusion,Urbana,2,,1360,"Maldonado, Antonella",30-68902314-5,bajo,,266
SIM-2026-1361,Banda,La Banda,25 de Mayo,Diagonal Neuquén N° 868,56,23-06-2026,,Avanzada,-27.723594,-64.252568,73,4a,Otro,Urbana,2,,1361,"Martinez, Salvador",30-71782995-2,bajo,,66
SIM-2025-1362,Banda,La Banda,Villa Jardín,Boulevard Pte. Perón N° 22,42,03-03-2026,,Avanzada,-27.76941,-64.216399,42,5a,Exclusion,Urbana,2,,1362,"Medina, Zoe Jazmin",30-68902314-5,medio,,178
SIM-2026-1363,Salavina,Los Telares,Villa del Parque,Av. Tucumán N° 1754,52,09-08-2026,,Iniciada,-29.205527,-63.518564,33,2a,Inclusion,Rural,2,,1363,"Rodriguez, Santino Nicolas",30-99765488-6,bajo,,19
SIM-2026-1364,Silípica,Clodomira,Los Ejidos,Calle Córdoba N° 1047,54,02-06-2026,,Avanzada,-27.577973,-64.152775,45,4b,Otro,Urbana,2,,1364,"Castillo, Angel Gabriel",30-99903421-7,bajo,,87
SIM-2026-1365,General Taboada,Añatuya,,Diagonal Alvear N° 9944,53,14-07-2026,,Avanzada,-28.473043,-62.825012,85,4a,Otro,Urbana,2,,1365,"Dominguez, Abril",30-71782995-2,bajo,,45
SIM-2024-1366,Ojo de Agua,Ojo de Agua,Malvinas,Avenida Neuquén N° 253,40,03-02-2025,21-08-2025,Finalizada,-29.527575,-63.686281,81,2b,Inclusion,Urbana,2,,1366,"Molina, Antonella",30-99812340-1,bajo,,199
SIM-2025-1367,Capital,Santiago del Estero,4 de Junio,Diagonal Córdoba N° 408,33,18-12-2025,,Iniciada,-27.797379,-64.259699,5,1a,Inclusion,Rural,2,,1367,"Castillo, Julian",30-71782995-2,alto,,253
SIM-2026-1368,Choya,Frías,Centenario,Av. Santa Rosa N° 2154,50,07-10-2024,18-04-2025,Finalizada,-28.662019,-65.112681,100,2a,Inclusion,Rural,3,,1368,"Torres, Juliana",30-59804127-3,bajo,,193
SIM-2026-1369,Mitre,Bandera,Sur,Avenida San Miguel de Tucumán N° 213,42,07-06-2025,,Iniciada,-29.275128,-62.263624,5,5e,Exclusion,Urbana,2,,1369,"Gonzalez, Luca",30-68902314-5,alto,,447
SIM-2026-1370,Banda,La Banda,Malvinas,Calle 4 N° 98,46,13-07-2026,,Iniciada,-27.710581,-64.243606,3,2a,Inclusion,Rural,2,,1370,"Gomez, Matias",30-99871205-4,bajo,,46
SIM-2025-1371,Capital,Santiago del Estero,Villa Hogar,Boulevard Alem N° 969,55,30-11-2025,,Avanzada,-27.774371,-64.274993,74,2b,Inclusion,Urbana,2,,1371,"Blanco, Felipe",30-99765488-6,medio,,271
SIM-2026-1372,Choya,Frías,Belgrano,Diag. Paraná N° 974,41,01-04-2026,,Avanzada,-28.675548,-65.107666,48,5a,Exclusion,Urbana,1,,1372,"Rodriguez, Nina",30-99765488-6,medio,,149
SIM-2025-1373,Banda,La Banda,25 de Mayo,Diagonal Resistencia N° 4284,41,04-12-2025,,Avanzada,-27.739369,-64.27402,54,2a,Inclusion,Rural,2,,1373,"Gutierrez, Tomàs",30-99903421-7,medio,,267
SIM-2025-1374,Salavina,Los Telares,Belgrano,Diag. Malvinas Argentinas N° 872,43,27-08-2025,,Iniciada,-29.239717,-63.530938,11,2a,Inclusion,Rural,2,,1374,"Guzman, Delfina",30-99765488-6,alto,,366
SIM-2026-1375,Banda,La Banda,4 de Junio,Av. Corrientes N° 2642,46,22-05-2026,08-11-2026,Adjudicada,-27.71776,-64.236263,100,2b,Inclusion,Urbana,2,,1375,"Herrera, Lorenzo",30-70945612-8,bajo,,170
SIM-2026-1376,Banda,La Banda,Sur,Avenida 135 A N° 883,57,09-10-2024,16-05-2025,Finalizada,-27.754719,-64.255854,86,5f,Otro,Urbana,2,,1376,"Gomez, Morena",30-99903421-7,bajo,,219
SIM-2024-1377,Banda,La Banda,La Reducción,Av. Mendoza N° 252,42,01-12-2025,,Iniciada,-27.748234,-64.210188,4,2b,Inclusion,Rural,1,,1377,"Rios, Victoria",30-68902314-5,alto,,270
SIM-2024-1378,Capital,Santiago del Estero,Malvinas,Calle G. Brown N° 458,53,11-04-2025,19-11-2025,Finalizada,-27.794959,-64.241733,90,5f,Otro,Rural,3,,1378,"Villalba, Mateo Benjamin",30-99765488-6,bajo,,222
SIM-2025-1379,Moreno,Quimilí,FONAVI,Diagonal San Ferando del Valle de Catamarca N° 757,44,31-07-2025,,Avanzada,-27.639995,-62.419988,55,4b,Otro,Urbana,2,,1379,"Pereyra, Milagros",30-99871205-4,medio,,393
SIM-2025-1380,Banda,La Banda,Belgrano,Av. J.M. de Rosas N° 430,44,08-12-2025,26-06-2026,Finalizada,-27.728917,-64.223957,92,5f,Otro,Urbana,2,,1380,"Perez, Olivia",30-99812340-1,bajo,,200
SIM-2025-1381,General Taboada,Añatuya,Centenario,Calle Santa Fe N° 75,47,19-07-2026,,Avanzada,-28.45986,-62.79951,87,5d,Exclusion,Urbana,3,,1381,"Carrizo, Bruno",30-71782995-2,bajo,,40
SIM-2024-1382,Capital,Santiago del Estero,Autonomía,Avenida Chilecito N° 513,30,24-02-2026,03-08-2026,Finalizada,-27.78939,-64.28834,92,2a,Inclusion,Rural,2,,1382,"Lucero, Thiago Agustin",30-99871205-4,bajo,,160
SIM-2026-1383,Choya,Frías,La Reducción,Calle Constitución N° 83,40,02-03-2026,,Avanzada,-28.641009,-65.138707,32,2a,Inclusion,Urbana,1,,1383,"Benitez, Guillermina",30-68902314-5,medio,,179
SIM-2026-1384,Mitre,Bandera,Palermo,Av. G. Brown N° 6912,52,15-04-2026,30-12-2026,Adjudicada,-29.269616,-62.269087,100,3a,Inclusion,Económica,1,,1384,"Ponce, Mia Valentina",30-99765488-6,bajo,,259
SIM-2023-1385,Banda,La Banda,4 de Junio,Avenida Neuquén N° 793,51,03-07-2025,15-10-2025,Finalizada,-27.73345,-64.253445,97,2a,Inclusion,Urbana,3,,1385,"Juarez, Thiago Benjamin",30-99871205-4,bajo,,104
SIM-2026-1386,Aguirre,Nueva Esperanza,FONAVI,Diagonal Jujuy N° 9485,41,13-01-2026,,Avanzada,-27.655908,-62.408522,33,1a,Inclusion,Rural,2,,1386,"Diaz, Victoria",30-68902314-5,medio,,227
SIM-2026-1387,Moreno,Quimilí,Autonomía,Diagonal J.J. Castelli N° 5229,44,06-02-2026,,Avanzada,-27.649697,-62.411485,78,3a,Inclusion,Urbana,2,,1387,"Gutierrez, Catalina",30-99903421-7,medio,,203
SIM-2025-1388,Choya,Frías,4 de Junio,Avenida Posadas N° 1629,31,03-04-2025,,Iniciada,-28.639363,-65.141836,20,1a,Inclusion,Rural,2,,1388,"Leiva, Lucas",30-99871205-4,alto,,512
SIM-2026-1389,Mitre,Bandera,Los Ejidos,Avenida 2 N° 94,42,08-07-2026,,Iniciada,-29.28179,-62.253711,16,2a,Inclusion,Urbana,2,,1389,"Rodriguez, Julian",30-99903421-7,bajo,,51
SIM-2026-1390,Mitre,Bandera,Sur,Blv. Güemes N° 84,39,13-06-2026,,Avanzada,-29.278435,-62.250245,68,1a,Inclusion,Urbana,2,,1390,"Sanchez, Agustina",30-71782995-2,bajo,,76
SIM-2026-1391,Banda,La Banda,Villa Hogar,Diagonal San Luis N° 4955,41,19-07-2026,,Avanzada,-27.76277,-64.242891,70,5g,Exclusion,Económica,1,,1391,"Gonzalez, Isabella",30-99765488-6,bajo,,40
SIM-2024-1392,Moreno,Quimilí,Sur,Diag. 9 N° 7681,47,12-01-2026,,Iniciada,-27.655392,-62.416157,15,4c,Otro,Rural,1,,1392,"Miranda, Victoria",30-68902314-5,alto,,228
SIM-2026-1393,Ojo de Agua,Ojo de Agua,4 de Junio,Av. 1 N° 9814,57,08-03-2026,,Iniciada,-29.509167,-63.691474,27,5c,Exclusion,Rural,1,,1393,"Cordoba, Julieta",30-99903421-7,alto,,173
SIM-2023-1394,Silípica,Clodomira,Sur,Avenida Río Gallegos N° 63,40,25-09-2023,07-05-2024,Adjudicada,-27.577172,-64.12799,100,4c,Otro,Rural,2,,1394,"Aguirre, Isabella",30-99765488-6,bajo,,225
SIM-2024-1395,General Taboada,Añatuya,Belgrano,Avenida 7 N° 389,41,19-02-2025,29-06-2025,Finalizada,-28.486234,-62.839528,80,5c,Exclusion,Rural,2,,1395,"Luna, Agustín",30-99812340-1,bajo,,130
SIM-2025-1396,Capital,Santiago del Estero,Malvinas,Blv. Resistencia N° 3862,39,30-09-2025,,Iniciada,-27.788529,-64.218717,34,1a,Inclusion,Rural,2,,1396,"Castillo, Juan Martin",30-99765488-6,medio,,332
SIM-2026-1397,Jiménez,Añatuya,Los Aromos,Avenida J.B. Alberdi N° 6452,47,04-01-2026,,Iniciada,-28.467499,-62.842136,5,3a,Inclusion,Urbana,1,,1397,"Caceres, Jeremias",30-68902314-5,alto,,236
SIM-2026-1398,General Taboada,Añatuya,San Martín,Avenida 183 Bis N° 93,30,12-05-2026,,Iniciada,-28.466256,-62.805886,8,2a,Inclusion,Urbana,3,,1398,"Perez, Juan Francisco",30-99871205-4,alto,,108
SIM-2026-1399,Banda,La Banda,Los Aromos,Av. 6 N° 7961,52,13-07-2025,20-11-2025,Finalizada,-27.777965,-64.248926,100,2a,Inclusion,Urbana,2,,1399,"Romero, Fausto",30-59804127-3,bajo,,130
SIM-2026-1400,General Taboada,Añatuya,,Diagonal San Luis N° 642,48,01-01-2026,,Iniciada,-28.499182,-62.883137,1,5a,Exclusion,Económica,2,,1400,"Suarez, Luz Milagros",30-99765488-6,alto,,239
SIM-2025-1401,Salavina,Los Telares,Villa del Parque,Diagonal Comodoro Rivadavia N° 124,37,18-07-2025,,Iniciada,-29.216614,-63.539624,7,1a,Inclusion,Urbana,2,,1401,"Velazquez, Miguel Angel",30-70945612-8,alto,,406
SIM-2025-1402,Silípica,Clodomira,,Calle San Juan N° 6490,40,26-10-2025,,Avanzada,-27.588455,-64.13101,74,2b,Inclusion,Urbana,2,,1402,"Medina, Tiziana",30-99871205-4,medio,,306
SIM-2026-1403,Pellegrini,Tintina,4 de Junio,Diagonal 7 N° 217,38,31-01-2026,,Avanzada,-27.025107,-62.767383,68,2a,Inclusion,Urbana,2,,1403,"Caceres, Fausto",30-70945612-8,medio,,209
SIM-2025-1404,Capital,Santiago del Estero,San Jorge,Calle 7 N° 9040,40,28-01-2025,,Avanzada,-27.815269,-64.265614,55,2b,Inclusion,Económica,2,,1404,"Benitez, Guillermina",30-70945612-8,medio,,577
SIM-2024-1405,Guasayán,El Charco,Belgrano,Camino Belgrano N° 172,44,19-12-2025,31-05-2026,Finalizada,-28.049639,-65.056468,92,2a,Inclusion,Rural,3,,1405,"Peralta, Thiago Benjamin",30-99765488-6,bajo,,163
SIM-2026-1406,Guasayán,El Charco,Sur,Blv. 5 N° 2086,41,21-01-2026,,Avanzada,-28.05395,-64.98958,52,4a,Otro,Urbana,2,,1406,"Acosta, Agustin",30-68902314-5,medio,,219
SIM-2023-1407,Capital,Santiago del Estero,Los Ejidos,Diagonal 7 N° 7039,30,13-08-2025,08-06-2026,Finalizada,-27.78916,-64.29347,89,4c,Otro,Urbana,3,,1407,"Rios, Thiago Ezequiel",30-99871205-4,bajo,,299
SIM-2025-1408,Robles,Fernández,Rivadavia,Blv. Ciudad Autónoma de Buenos Aires N° 2197,52,23-08-2025,,Iniciada,-27.911794,-63.8871,11,1a,Inclusion,Económica,1,,1408,"Ojeda, Juan Pablo",30-99871205-4,alto,,370
SIM-2026-1409,General Taboada,Añatuya,Belgrano,Calle 2 N° 5225,57,29-07-2026,,Avanzada,-28.495721,-62.819642,61,2a,Inclusion,Urbana,2,,1409,"Romero, Sofia",30-71782995-2,bajo,,30
SIM-2023-1410,Banda,La Banda,Villa del Parque,Av. J.B. Alberdi N° 4029,44,02-04-2025,,Iniciada,-27.727445,-64.235022,8,1a,Inclusion,Rural,1,,1410,"Chavez, Tiziano",30-68902314-5,alto,,513
SIM-2025-1411,Capital,Santiago del Estero,Autonomía,Calle J.B. Alberdi N° 262,40,23-06-2025,,Iniciada,-27.823276,-64.2366,29,2a,Inclusion,Urbana,2,,1411,"Silva, Valentino",30-99812340-1,alto,,431
SIM-2026-1412,Robles,Fernández,La Reducción,Av. San Salvador de Jujuy N° 218,36,08-02-2026,25-11-2026,Adjudicada,-27.917919,-63.915135,100,5f,Otro,Urbana,2,,1412,"Fernandez, Bastian",30-68902314-5,bajo,,290
SIM-2025-1413,Jiménez,Añatuya,FONAVI,Avenida J.B. Alberdi N° 389,54,10-02-2026,04-07-2026,Finalizada,-28.434168,-62.847251,100,4a,Otro,Rural,2,,1413,"Nuñez, Juan Ignacio",30-59804127-3,bajo,,144
SIM-2026-1414,Capital,Santiago del Estero,Los Ejidos,Diagonal 158 A N° 428,50,27-06-2026,,Iniciada,-27.796408,-64.294154,25,5c,Exclusion,Urbana,2,,1414,"Villalba, Josefina",30-99903421-7,bajo,,62
SIM-2026-1415,Capital,Santiago del Estero,FONAVI,Avenida La Rioja N° 16,44,15-05-2026,,Iniciada,-27.805618,-64.248424,33,2a,Inclusion,Rural,2,,1415,"Rojas, Vicente",30-99903421-7,medio,,105
SIM-2025-1416,Banda,La Banda,Los Aromos,Diagonal La Rioja N° 5686,59,18-07-2026,,Avanzada,-27.762776,-64.237043,97,1a,Inclusion,Rural,1,,1416,"Moreno, Thiago Valentin",30-71782995-2,bajo,,41
SIM-2026-1417,Rivadavia,Pinto,Norte,Diagonal 2 N° 396,52,30-03-2026,,Iniciada,-29.144126,-61.898035,0,4a,Otro,Rural,2,,1417,"Medina, Constanza",30-99765488-6,alto,,151
SIM-2025-1418,Salavina,Los Telares,Autonomía,Calle Tucumán N° 192,36,08-06-2025,,Iniciada,-29.217208,-63.516228,29,5a,Exclusion,Económica,2,,1418,"Martinez, Renzo",30-99903421-7,alto,,446
SIM-2023-1419,Robles,Fernández,La Reducción,Blv. 5 N° 992,38,26-10-2025,11-04-2026,Finalizada,-27.922791,-63.868362,85,4b,Otro,Urbana,2,,1419,"Benitez, Juan Ignacio",30-99903421-7,bajo,,167
SIM-2026-1420,Copo,Monte Quemado,San Martín,Diag. 4 N° 72,38,24-07-2026,,Avanzada,-25.774359,-62.832651,69,3a,Inclusion,Rural,3,,1420,"Molina, Joaquina",30-99903421-7,bajo,,35
SIM-2025-1421,General Taboada,Añatuya,Autonomía,Av. Belgrano N° 48,49,22-03-2025,,Avanzada,-28.453043,-62.834162,43,1a,Inclusion,Urbana,2,,1421,"Perez, Juan Bautista",30-70945612-8,medio,,524
SIM-2026-1422,Mitre,Bandera,Villa Luján,Avenida G. Brown N° 11,47,10-04-2026,,Avanzada,-29.279252,-62.269077,51,2a,Inclusion,Urbana,2,,1422,"Vera, Julieta",30-68902314-5,medio,,140
SIM-2023-1423,Ojo de Agua,Ojo de Agua,,Diag. Entre Ríos N° 2270,36,16-02-2026,15-07-2026,Finalizada,-29.503764,-63.73292,100,2b,Inclusion,Urbana,3,,1423,"Fernandez, Ian Ezequiel",30-59804127-3,bajo,,149
SIM-2026-1424,Mitre,Bandera,Autonomía,Blv. Ciudad Autónoma de Buenos Aires N° 273,40,01-08-2026,,Avanzada,-29.257271,-62.270378,70,4c,Otro,Rural,2,,1424,"Valdez, Ezequiel",30-99871205-4,bajo,,27
SIM-2024-1425,Banda,La Banda,Autonomía,Diag. Belgrano N° 815,30,16-06-2025,,Iniciada,-27.759454,-64.259435,16,2b,Inclusion,Urbana,2,,1425,"Rojas, Bautista",30-68902314-5,alto,,438
SIM-2025-1426,Guasayán,El Charco,Sur,Diag. Formosa N° 802,37,22-10-2024,09-05-2025,Finalizada,-28.065823,-65.033772,89,OT,Otro,Urbana,1,,1426,"Torres, Simon",30-99812340-1,bajo,,199
SIM-2023-1427,Rivadavia,Pinto,Centenario,Diagonal Malvinas Argentinas N° 78,59,12-10-2023,11-12-2023,Adjudicada,-29.154226,-61.890449,100,2b,Inclusion,Urbana,1,,1427,"Guzman, Catalina",30-99903421-7,bajo,,60
SIM-2026-1428,Choya,Frías,FONAVI,Av. Rivadavia N° 311,51,23-11-2025,,Iniciada,-28.675214,-65.116131,7,5c,Exclusion,Rural,1,,1428,"Lopez, Emma",30-68902314-5,alto,,278
SIM-2025-1429,Silípica,Clodomira,Villa Luján,Avenida 7 N° 723,41,29-09-2025,,Iniciada,-27.585024,-64.129342,10,5e,Exclusion,Económica,1,,1429,"Castro, Malena",30-99812340-1,alto,,333
SIM-2026-1430,Moreno,Quimilí,,Avenida Resistencia N° 448,48,21-07-2026,,Iniciada,-27.634658,-62.385836,25,2a,Inclusion,Urbana,1,,1430,"Vazquez, Pilar",30-70945612-8,bajo,,38
SIM-2024-1431,Mitre,Bandera,Malvinas,Calle Malvinas Argentinas N° 98,34,14-07-2026,,Avanzada,-29.264845,-62.275746,62,1a,Inclusion,Urbana,3,,1431,"Romero, Bautista",30-71782995-2,bajo,,45
SIM-2026-1432,Capital,Santiago del Estero,Autonomía,Diag. 6 N° 749,33,10-02-2026,,Iniciada,-27.798752,-64.239281,19,1a,Inclusion,Rural,2,,1432,"Gimenez, Francisco",30-70945612-8,alto,,199
SIM-2026-1433,Mitre,Bandera,Villa Luján,Diagonal 1 N° 2682,37,08-08-2026,,Avanzada,-29.292992,-62.265727,97,1a,Inclusion,Económica,1,,1433,"Navarro, Alma",30-71782995-2,bajo,,20
SIM-2025-1434,Ojo de Agua,Ojo de Agua,Palermo,Boulevard 1 N° 22,34,07-08-2025,,Iniciada,-29.523265,-63.704625,31,4a,Otro,Urbana,2,,1434,"Dominguez, Santino",30-99903421-7,medio,,386
SIM-2026-1435,Choya,Frías,San Jorge,Av. 2 N° 77,35,12-07-2026,,Iniciada,-28.665534,-65.124338,31,4c,Otro,Económica,1,,1435,"Ramirez, Victoria",30-99812340-1,bajo,,47
SIM-2026-1436,Capital,Santiago del Estero,San Jorge,Diagonal G. Brown N° 22,49,24-03-2026,,Iniciada,-27.823762,-64.27234,32,4c,Otro,Rural,3,,1436,"Rivero, Bianca",30-99871205-4,medio,,157
SIM-2025-1437,Jiménez,Añatuya,Villa Jardín,Diagonal 8 N° 576,44,06-05-2025,10-11-2025,Adjudicada,-28.463545,-62.849362,100,2a,Inclusion,Urbana,3,,1437,"Leiva, Ana Paula",30-59804127-3,bajo,,188
SIM-2025-1438,Robles,Fernández,Centro,Av. Misiones N° 7627,47,25-06-2025,,Iniciada,-27.958423,-63.878095,24,5g,Exclusion,Rural,2,,1438,"Suarez, Thiago Ezequiel",30-99812340-1,alto,,429
SIM-2026-1439,Moreno,Quimilí,Villa Jardín,Calle Santiago del Estero N° 656,36,07-08-2026,,Avanzada,-27.645368,-62.394893,51,5f,Otro,Económica,2,,1439,"Navarro, Federico",30-99871205-4,bajo,,21
SIM-2025-1440,Figueroa,Suncho Corral,Villa Jardín,Av. Posadas N° 79,42,03-11-2025,31-03-2026,Adjudicada,-28.537698,-63.440219,100,2b,Inclusion,Urbana,3,,1440,"Aguirre, Bautista",30-99765488-6,bajo,,148
SIM-2026-1441,Salavina,Los Telares,Villa Jardín,Avenida 3 N° 27,53,26-09-2025,10-07-2026,Finalizada,-29.221358,-63.521931,100,2a,Inclusion,Rural,3,,1441,"Sanchez, Benjamin",30-59804127-3,bajo,,287
SIM-2026-1442,Capital,Santiago del Estero,Catamarca,Diagonal Merlo N° 769,51,22-07-2025,21-04-2026,Finalizada,-27.81438,-64.274725,94,2a,Inclusion,Urbana,2,,1442,"Sanchez, Agostina",30-99903421-7,bajo,,273
SIM-2026-1443,Copo,Monte Quemado,Villa del Parque,Av. 7 N° 282,56,01-06-2026,,Iniciada,-25.81072,-62.81479,29,5e,Exclusion,Urbana,2,,1443,"Romero, Pilar",30-99903421-7,bajo,,88
SIM-2024-1444,Capital,Santiago del Estero,San Martín,Diag. Chilecito N° 3885,36,03-02-2026,03-07-2026,Finalizada,-27.802232,-64.248735,85,3a,Inclusion,Urbana,2,,1444,"Ruiz, Benjamin",30-99765488-6,bajo,,150
SIM-2025-1445,Banda,La Banda,,Calle Santa Cruz N° 830,47,03-03-2026,05-07-2026,Finalizada,-27.721415,-64.23641,89,4c,Otro,Rural,2,,1445,"Peralta, Julieta",30-70945612-8,bajo,,124
SIM-2026-1446,Capital,Santiago del Estero,La Reducción,Calle Constitución N° 4761,48,15-06-2026,,Avanzada,-27.80662,-64.2909,67,4a,Otro,Rural,3,,1446,"Castillo, Guillermina",30-99871205-4,bajo,,74
SIM-2026-1447,Copo,Monte Quemado,Sur,Av. Córdoba N° 724,51,19-03-2026,15-06-2026,Adjudicada,-25.837141,-62.836712,100,4c,Otro,Económica,2,,1447,"Gonzalez, Florencia",30-99903421-7,bajo,,88
SIM-2026-1448,Figueroa,Suncho Corral,San Martín,Av. Alvear N° 801,51,20-03-2026,,Avanzada,-28.554546,-63.40793,48,4c,Otro,Urbana,2,,1448,"Diaz, Nicolas",30-70945612-8,medio,,161
SIM-2025-1449,Mitre,Bandera,FONAVI,Avenida Saavedra N° 756,44,03-07-2025,27-11-2025,Adjudicada,-29.28577,-62.267508,100,4b,Otro,Rural,2,,1449,"Fernandez, Dante",30-99812340-1,bajo,,147
SIM-2026-1450,Aguirre,Nueva Esperanza,Palermo,Avenida 1 N° 819,40,11-08-2026,,Iniciada,-27.680479,-62.434927,5,5d,Exclusion,Rural,1,,1450,"Acosta, Santino",30-99871205-4,bajo,,17
SIM-2025-1451,Robles,Fernández,Palermo,Diagonal Posadas N° 389,42,06-10-2025,15-03-2026,Adjudicada,-27.963652,-63.886145,100,3a,Inclusion,Rural,2,,1451,"Gomez, Gino",30-59804127-3,bajo,,160
SIM-2024-1452,Robles,Fernández,4 de Junio,Av. Salta N° 6110,49,29-01-2025,28-10-2025,Finalizada,-27.957112,-63.879724,99,1a,Inclusion,Urbana,1,,1452,"Gomez, Carmela",30-99765488-6,bajo,,272
SIM-2026-1453,Robles,Fernández,,Diagonal Alem N° 870,48,23-02-2026,,Avanzada,-27.922913,-63.892833,76,3a,Inclusion,Urbana,3,,1453,"Herrera, Zoe Jazmin",30-99812340-1,medio,,186
SIM-2025-1454,Banda,La Banda,Autonomía,Avenida Formosa N° 757,38,14-10-2025,10-04-2026,Finalizada,-27.722756,-64.234467,87,2a,Inclusion,Rural,2,,1454,"Lopez, Santiago",30-99871205-4,bajo,,178
SIM-2025-1455,Banda,La Banda,Sur,Blv. Viedma N° 9930,40,27-03-2025,28-07-2025,Adjudicada,-27.730021,-64.218481,100,1a,Inclusion,Rural,1,,1455,"Diaz, Manuel",30-70945612-8,bajo,,123
SIM-2026-1456,Figueroa,Suncho Corral,4 de Junio,Calle Entre Ríos N° 25,44,04-11-2025,13-04-2026,Adjudicada,-28.520237,-63.452461,100,1a,Inclusion,Rural,2,,1456,"Juarez, Lucas Benjamin",30-59804127-3,bajo,,160
SIM-2026-1457,Banda,La Banda,Autonomía,Calle 6 N° 905,32,07-08-2026,,Avanzada,-27.747105,-64.235981,85,2b,Inclusion,Urbana,2,,1457,"Flores, Emilia",30-71782995-2,bajo,,21
SIM-2023-1458,Robles,Fernández,,Av. Santiago del Estero N° 59,45,23-05-2025,02-01-2026,Finalizada,-27.936829,-63.906658,91,5b,Exclusion,Urbana,3,,1458,"Diaz, Mia Morena",30-70945612-8,bajo,,224
SIM-2026-1459,Banda,La Banda,Los Aromos,Diagonal Saavedra N° 636,30,13-04-2026,,Iniciada,-27.7171,-64.228372,8,5b,Exclusion,Urbana,2,,1459,"Escobar, Ambar",30-99812340-1,alto,,137
SIM-2025-1460,Jiménez,Añatuya,FONAVI,Avenida Catamarca N° 32,39,24-08-2025,,Iniciada,-28.423243,-62.835685,32,4b,Otro,Urbana,2,,1460,"Pereyra, Santino Benjamin",30-99812340-1,medio,,369
SIM-2026-1461,General Taboada,Añatuya,San Martín,Diagonal 3 N° 1731,39,06-05-2026,18-07-2026,Adjudicada,-28.468172,-62.825829,100,3a,Inclusion,Rural,1,,1461,"Gonzalez, Francisco",30-70945612-8,bajo,,73
SIM-2025-1462,Moreno,Quimilí,Belgrano,Diagonal La Plata N° 7172,41,31-01-2025,,Avanzada,-27.634437,-62.423935,47,4c,Otro,Rural,2,,1462,"Lopez, Santino Benjamin",30-68902314-5,medio,,574
SIM-2026-1463,Jiménez,Añatuya,San Jorge,Av. Merlo N° 9334,45,12-05-2026,,Avanzada,-28.472353,-62.866788,79,1a,Inclusion,Urbana,1,,1463,"Benitez, Simon",30-99812340-1,medio,,108
SIM-2026-1464,Robles,Fernández,Norte,Av. San Juan N° 8320,50,07-08-2026,,Avanzada,-27.916465,-63.877732,63,OT,Otro,Urbana,2,,1464,"Martinez, Mia Valentina",30-99903421-7,bajo,,21
SIM-2026-1465,Capital,Santiago del Estero,Sur,Avenida 7 N° 7263,50,16-07-2026,,Iniciada,-27.789162,-64.270589,28,2a,Inclusion,Urbana,3,,1465,"Muñoz, Valentina",30-70945612-8,bajo,,43
SIM-2026-1466,Banda,La Banda,Sur,Av. Güemes N° 71,37,25-01-2026,19-04-2026,Adjudicada,-27.759435,-64.256212,100,1a,Inclusion,Rural,3,,1466,"Gomez, Mateo",30-71782995-2,bajo,,84
SIM-2025-1467,Capital,Santiago del Estero,Los Aromos,Diagonal Córdoba N° 488,47,12-05-2025,,Iniciada,-27.775559,-64.24403,17,2a,Inclusion,Rural,2,,1467,"Martinez, Santino",30-68902314-5,alto,,473
SIM-2025-1468,Jiménez,Añatuya,Villa Jardín,Av. Chubut N° 38,46,27-11-2025,,Avanzada,-28.440705,-62.856827,45,2b,Inclusion,Económica,2,,1468,"Ramirez, Julieta",30-99871205-4,medio,,274
SIM-2026-1469,Capital,Santiago del Estero,Los Ejidos,Camino Santiago del Estero N° 292,43,17-04-2026,,Avanzada,-27.797253,-64.245756,64,OT,Otro,Rural,2,,1469,"Gimenez, Lautaro Benjamin",30-71782995-2,medio,,133
SIM-2026-1470,Capital,Santiago del Estero,Catamarca,Diag. Omar Nuñez N° 4334,50,02-07-2026,,Avanzada,-27.801929,-64.251264,54,5d,Exclusion,Económica,3,,1470,"Gonzalez, Francesca",30-70945612-8,bajo,,57
SIM-2026-1471,Figueroa,Suncho Corral,4 de Junio,Diagonal Resistencia N° 267,37,26-06-2026,,Avanzada,-28.57003,-63.444099,75,1a,Inclusion,Urbana,2,,1471,"Gimenez, Delfina",30-99871205-4,bajo,,63
SIM-2025-1472,Aguirre,Nueva Esperanza,Catamarca,Av. Jujuy N° 822,48,29-08-2025,22-12-2025,Adjudicada,-27.696965,-62.414392,100,2a,Inclusion,Urbana,2,,1472,"Perez, Maria Paz",30-59804127-3,bajo,,115
SIM-2025-1473,Capital,Santiago del Estero,Sur,Calle 8 N° 39,42,01-10-2025,15-12-2025,Adjudicada,-27.790283,-64.296092,100,2b,Inclusion,Rural,2,,1473,"Cabrera, Juan Ignacio",30-70945612-8,bajo,,75
SIM-2025-1474,Capital,Santiago del Estero,Villa Hogar,Calle G. Brown N° 222,36,13-09-2025,29-11-2025,Finalizada,-27.83493,-64.236345,100,5b,Exclusion,Rural,3,,1474,"Acuña, Francesca",30-59804127-3,bajo,,77
SIM-2026-1475,Banda,La Banda,Belgrano,Camino Tucumán N° 341,38,17-04-2026,,Avanzada,-27.712403,-64.222974,41,2a,Inclusion,Económica,2,,1475,"Gomez, Emilia",30-99765488-6,medio,,133
SIM-2026-1476,Silípica,Clodomira,Sur,Boulevard Tierra del Fuego N° 102,38,05-07-2026,,Avanzada,-27.59139,-64.126693,79,2b,Inclusion,Urbana,2,,1476,"Maidana, Valentino",30-71782995-2,bajo,,54
SIM-2025-1477,Ojo de Agua,Ojo de Agua,,Av. 145 A N° 73,32,13-05-2025,,Iniciada,-29.507155,-63.705691,11,1a,Inclusion,Rural,3,,1477,"Perez, Federico",30-99871205-4,alto,,472
SIM-2025-1478,Capital,Santiago del Estero,Sur,Avenida Chubut N° 22,40,28-12-2025,,Iniciada,-27.835148,-64.25692,14,5d,Exclusion,Urbana,2,,1478,"Soto, Tiziano Valentin",30-68902314-5,alto,,243
SIM-2024-1479,Banda,La Banda,San Martín,Calle Río Gallegos N° 737,52,06-03-2025,28-11-2025,Finalizada,-27.744956,-64.227474,87,5b,Exclusion,Urbana,1,,1479,"Soria, Juan Cruz",30-99871205-4,bajo,,267
SIM-2026-1480,Mitre,Bandera,Belgrano,Calle Alvear N° 745,48,18-05-2026,,Avanzada,-29.278906,-62.274131,43,3a,Inclusion,Rural,2,,1480,"Barrios, Benjamin",30-99903421-7,medio,,102
SIM-2025-1481,Atamisqui,Villa Atamisqui,Villa Luján,Diagonal 1 N° 44,48,22-03-2025,04-08-2025,Finalizada,-28.505425,-63.816983,87,5b,Exclusion,Urbana,2,,1481,"Ramirez, Ciro",30-99871205-4,bajo,,135
SIM-2026-1482,Capital,Santiago del Estero,Malvinas,Av. 5 N° 579,39,29-07-2025,23-01-2026,Finalizada,-27.782756,-64.295862,100,2a,Inclusion,Rural,1,,1482,"Gonzalez, Thiago Agustin",30-59804127-3,bajo,,178
SIM-2026-1483,Mitre,Bandera,25 de Mayo,Av. Ushuaia N° 854,47,15-08-2026,,Iniciada,-29.289809,-62.266202,12,4b,Otro,Urbana,2,,1483,"Godoy, Isabella",30-99765488-6,bajo,,13
SIM-2026-1484,Moreno,Quimilí,Malvinas,Calle 4 N° 957,41,15-12-2025,01-04-2026,Finalizada,-27.611059,-62.421909,87,2a,Inclusion,Rural,2,,1484,"Rodriguez, Agustín",30-70945612-8,bajo,,107
SIM-2026-1485,Capital,Santiago del Estero,Villa Hogar,Diagonal San Juan N° 7631,53,21-08-2026,,Iniciada,-27.774306,-64.255662,16,5f,Otro,Urbana,2,,1485,"Hernandez, Florencia",30-99812340-1,bajo,,7
SIM-2025-1486,Choya,Frías,Autonomía,Calle San Luis N° 4510,35,22-06-2025,,Iniciada,-28.642803,-65.157828,12,3a,Inclusion,Urbana,2,,1486,"Castillo, Ian Ezequiel",30-70945612-8,alto,,432
SIM-2026-1487,Ojo de Agua,Ojo de Agua,Villa del Parque,Diagonal Mitre N° 6314,52,10-06-2026,,Iniciada,-29.536927,-63.685083,2,2b,Inclusion,Urbana,2,,1487,"Acosta, Felipe",30-99812340-1,bajo,,79
SIM-2025-1488,Capital,Santiago del Estero,Los Ejidos,Av. Santa Fe N° 6691,52,02-06-2025,09-11-2025,Finalizada,-27.761711,-64.245824,84,1a,Inclusion,Urbana,2,,1488,"Rios, Valentino",30-99765488-6,bajo,,160
SIM-2024-1489,General Taboada,Añatuya,Villa Jardín,Avenida Tierra del Fuego N° 1855,50,16-12-2024,31-08-2025,Finalizada,-28.48144,-62.849815,90,2b,Inclusion,Económica,3,,1489,"Villalba, Santiago",30-71782995-2,bajo,,258
SIM-2025-1490,Capital,Santiago del Estero,Villa Luján,Avenida 6 N° 1258,47,30-08-2025,,Iniciada,-27.787482,-64.259066,3,OT,Otro,Urbana,2,,1490,"Martinez, Benjamin Alejandro",30-99812340-1,alto,,363
SIM-2026-1491,Capital,Santiago del Estero,4 de Junio,Av. Buenos Aires N° 8371,53,06-06-2026,,Avanzada,-27.789183,-64.237891,95,1a,Inclusion,Urbana,2,,1491,"Diaz, Luciana",30-71782995-2,bajo,,83
SIM-2026-1492,Capital,Santiago del Estero,Santa Rosa,Diagonal Mendoza N° 2787,48,01-03-2026,,Iniciada,-27.785204,-64.245776,3,2b,Inclusion,Rural,2,,1492,"Herrera, Rafael",30-70945612-8,alto,,180
SIM-2026-1493,Capital,Santiago del Estero,Rivadavia,Blv. San Luis N° 85,34,10-12-2025,,Iniciada,-27.803301,-64.247382,19,1a,Inclusion,Rural,3,,1493,"Bravo, Uma ",30-68902314-5,alto,,261
SIM-2025-1494,Figueroa,Suncho Corral,Villa Jardín,Av. 7 N° 224,46,12-07-2026,,Avanzada,-28.53903,-63.464501,61,1a,Inclusion,Urbana,2,,1494,"Barrios, Josefina",30-71782995-2,bajo,,47
SIM-2026-1495,Choya,Frías,,Calle La Rioja N° 82,44,06-02-2026,,Iniciada,-28.663213,-65.127039,24,5f,Otro,Urbana,2,,1495,"Gonzalez, Delfina",30-99765488-6,alto,,203
SIM-2025-1496,Banda,La Banda,Autonomía,Av. Pte. Perón N° 3924,40,22-11-2025,,Avanzada,-27.763706,-64.232427,45,2a,Inclusion,Económica,3,,1496,"Pereyra, Maria Victoria",30-99765488-6,medio,,279
SIM-2026-1497,Salavina,Los Telares,Catamarca,Diag. Santa Rosa N° 31,47,21-01-2026,,Iniciada,-29.205139,-63.519976,16,2a,Inclusion,Rural,1,,1497,"Nuñez, Bastian",30-68902314-5,alto,,219
SIM-2026-1498,Mitre,Bandera,FONAVI,Diagonal Córdoba N° 8452,41,03-05-2026,,Avanzada,-29.291236,-62.278608,50,2a,Inclusion,Urbana,2,,1498,"Cabrera, Victoria",30-99812340-1,medio,,117
SIM-2026-1499,Ojo de Agua,Ojo de Agua,4 de Junio,Avenida 4 N° 726,38,25-03-2026,,Avanzada,-29.493579,-63.666807,64,5c,Exclusion,Urbana,2,,1499,"Gimenez, Manuel",30-99812340-1,medio,,156
SIM-2026-1500,Banda,La Banda,,Av. La Pampa N° 519,36,25-10-2025,25-12-2025,Adjudicada,-27.715617,-64.279054,100,2a,Inclusion,Rural,2,,1500,"Torres, Sara",30-59804127-3,bajo,,61
